INSERT INTO Servicos VALUES (01, 'Space Mountain', 12, 1.40, 'Zona 3', NULL);
INSERT INTO Servicos VALUES (02, 'Pirates of The Caribbean', 12, 1.40, 'Zona 3', NULL);
INSERT INTO Servicos VALUES (03, 'Mikey Mouse Parade', 0, 0, 'Zona 1 e 2', NULL);
INSERT INTO Servicos VALUES (04, 'McDonalds', 0, 0, 'Zona 1', NULL);
INSERT INTO Servicos VALUES (05, 'Rick & Morty Portal Adventure', 8, 0, 'Zona 2', NULL);
INSERT INTO Servicos VALUES (06, 'Monty Python Play', 18, 0, 'Zona 4', NULL);
INSERT INTO Servicos VALUES (07, 'Hells Kitchen', 0, 0, 'Zona 2', NULL);
INSERT INTO Servicos VALUES (08, 'Batman Rollercoaster', 8, 1.00, 'Zona 3', NULL);
INSERT INTO Servicos VALUES (09, 'One Punch Man Training Session', 8, 1.00, 'Zona 4', NULL);
INSERT INTO Servicos VALUES (10, 'Trinket Store', 0, 0, 'Zona 1', NULL);
INSERT INTO Servicos VALUES (11, 'Pop World', 0, 0, 'Zona 3', NULL);
INSERT INTO Servicos VALUES (12, 'Wonder Woman Rollercoaster', 12, 1.40, 'Zona 3', NULL);
INSERT INTO Servicos VALUES (13, '1000 Way to Die: Haunting House', 18, 1.50, 'Zona 4', NULL);
INSERT INTO Servicos VALUES (14, 'Jackass Live', 18, 0, 'Zona 3', NULL);
INSERT INTO Servicos VALUES (15, 'Sasquatch', 13, 1.20, 'Zona 3', NULL);

INSERT INTO Epocas VALUES ('Verao', 'Junho', 'Agosto');
INSERT INTO Epocas VALUES ('Outono', 'Setembro', 'Novembro');
INSERT INTO Epocas VALUES ('Inverno', 'Dezembro', 'Fevereiro');
INSERT INTO Epocas VALUES ('Primavera', 'Março', 'Maio');

INSERT INTO Horarios VALUES (1, '08:00', '12:30', 'Segunda');
INSERT INTO Horarios VALUES (2, '08:00', '12:30', 'Terça');
INSERT INTO Horarios VALUES (3, '08:00', '12:30', 'Quarta');
INSERT INTO Horarios VALUES (4, '08:00', '12:30', 'Quinta');
INSERT INTO Horarios VALUES (5, '08:00', '12:30', 'Sexta');
INSERT INTO Horarios VALUES (6, '08:00', '12:30', 'Sabado');
INSERT INTO Horarios VALUES (7, '08:00', '12:30', 'Domingo');
INSERT INTO Horarios VALUES (8, '14:00', '19:00', 'Segunda');
INSERT INTO Horarios VALUES (9, '14:00', '19:00', 'Terça');
INSERT INTO Horarios VALUES (10, '14:00', '19:00', 'Quarta');
INSERT INTO Horarios VALUES (11, '14:00', '19:00', 'Quinta');
INSERT INTO Horarios VALUES (12, '14:00', '19:00', 'Sexta');
INSERT INTO Horarios VALUES (13, '14:00', '19:00', 'Sabado');
INSERT INTO Horarios VALUES (14, '14:00', '19:00', 'Domingo');

INSERT INTO ServicosEpocasHorarios VALUES (01, 'Verao', 2);
INSERT INTO ServicosEpocasHorarios VALUES (02, 'Outono', 1);
INSERT INTO ServicosEpocasHorarios VALUES (03, 'Verao', 15);
INSERT INTO ServicosEpocasHorarios VALUES (04, 'Inverno', 3);
INSERT INTO ServicosEpocasHorarios VALUES (05, 'Verao', 10);
INSERT INTO ServicosEpocasHorarios VALUES (06, 'Inverno', 9);
INSERT INTO ServicosEpocasHorarios VALUES (08, 'Outono', 13);
INSERT INTO ServicosEpocasHorarios VALUES (09, 'Primavera', 4);
INSERT INTO ServicosEpocasHorarios VALUES (10, 'Inverno', 12);
INSERT INTO ServicosEpocasHorarios VALUES (11, 'Verao', 5);
INSERT INTO ServicosEpocasHorarios VALUES (12, 'Outono', 8);
INSERT INTO ServicosEpocasHorarios VALUES (13, 'Primavera', 7);
INSERT INTO ServicosEpocasHorarios VALUES (14, 'Inverno', 6);
INSERT INTO ServicosEpocasHorarios VALUES (15, 'Verao', 11);

INSERT INTO TipoDeBilhete VALUES ('Regular', 40);
INSERT INTO TipoDeBilhete VALUES ('Gold', 60);
INSERT INTO TipoDeBilhete VALUES ('Premium', 80);

INSERT INTO Especialidades VALUES ('Segurança', 900, 20);
INSERT INTO Especialidades VALUES ('Técnico', 1000, 25);
INSERT INTO Especialidades VALUES ('Cozinheiro', 800, 25);
INSERT INTO Especialidades VALUES ('Staff', 600, 15);
INSERT INTO Especialidades VALUES ('Gerente', 1400, 20);

INSERT INTO Pessoas VALUES (000001, 'Samuel Bunda', 1999-06-11, 'M');
INSERT INTO Pessoas VALUES (000002, 'Alvinia Wivelsfield', 2005-02-18, 'F');
INSERT INTO Pessoas VALUES (000003, 'Cloe Guildner', 2001-01-13, 'F');
INSERT INTO Pessoas VALUES (000004, 'Bartolomeo Stroh', 1977-04-24, 'M');
INSERT INTO Pessoas VALUES (000005, 'Margurite Tylee', 2006-11-27, 'F');
INSERT INTO Pessoas VALUES (000006, 'Hank Whitford', 1986-03-20, 'M');
INSERT INTO Pessoas VALUES (000007, 'Amabel Bixley', 1976-04-27, 'F');
INSERT INTO Pessoas VALUES (000008, 'Harv Waughaw', 1982-03-26, 'M');
INSERT INTO Pessoas VALUES (000009, 'Frans Rockpoint', 2004-10-23, 'M');
INSERT INTO Pessoas VALUES (000010, 'Esteban Tripton', 1978-03-14, 'M');
INSERT INTO Pessoas VALUES (000011, 'Parry Vanna', 2005-02-25, 'M');
INSERT INTO Pessoas VALUES (000012, 'Esma Regentwood', 1990-09-15, 'F');
INSERT INTO Pessoas VALUES (000013, 'Carol Calaroga', 1971-06-12, 'F');
INSERT INTO Pessoas VALUES (000014, 'Rene Bellamere', 1986-04-19, 'F');
INSERT INTO Pessoas VALUES (000015, 'Malena Steli', 1996-03-23, 'F');
INSERT INTO Pessoas VALUES (000016, 'Caterina Grasslands', 1995-01-23, 'F');
INSERT INTO Pessoas VALUES (000017, 'Katee Malverna', 1985-02-25, 'F');
INSERT INTO Pessoas VALUES (000018, 'Ash Cherrylawn', 1986-09-07, 'M');
INSERT INTO Pessoas VALUES (000019, 'Erna Parcot', 2009-09-27, 'F');
INSERT INTO Pessoas VALUES (000020, 'Alyse Strohn', 1994-10-19, 'F');
INSERT INTO Pessoas VALUES (000021, 'Lynnelle Founceley', 1986-11-27, 'F');
INSERT INTO Pessoas VALUES (000022, 'Estella Karlo', 2004-07-11, 'F');
INSERT INTO Pessoas VALUES (000023, 'Torin Mund', 1992-03-02, 'M');
INSERT INTO Pessoas VALUES (000024, 'Jaymee Delange', 1976-09-01, 'F');
INSERT INTO Pessoas VALUES (000025, 'George Carderock', 2003-07-26, 'M');
INSERT INTO Pessoas VALUES (000026, 'Cobb Cristich', 1996-10-21, 'M');
INSERT INTO Pessoas VALUES (000027, 'Thibaut Lissow', 1976-10-05, 'M');
INSERT INTO Pessoas VALUES (000028, 'Agneta Siegert', 1983-02-19, 'F');
INSERT INTO Pessoas VALUES (000029, 'Ora Interlaken', 1987-05-23, 'F');
INSERT INTO Pessoas VALUES (000030, 'Debee Hedgetop', 1999-04-05, 'F');
INSERT INTO Pessoas VALUES (000031, 'Jeralee Gentles', 1990-03-25, 'F');
INSERT INTO Pessoas VALUES (000032, 'Erhart Truelson', 2005-05-25, 'M');
INSERT INTO Pessoas VALUES (000033, 'Federico Burkhardt', 1986-10-01, 'M');
INSERT INTO Pessoas VALUES (000034, 'Rudolfo Felsted', 2009-05-26, 'M');
INSERT INTO Pessoas VALUES (000035, 'Rad Croatan', 1994-07-05, 'M');
INSERT INTO Pessoas VALUES (000036, 'Jennings Herrier', 1998-03-18, 'M');
INSERT INTO Pessoas VALUES (000037, 'Arda Leighfield', 1970-05-16, 'F');
INSERT INTO Pessoas VALUES (000038, 'Tiler Gornik', 1991-06-06, 'M');
INSERT INTO Pessoas VALUES (000039, 'Tadeas Ohlone', 2009-08-03, 'M');
INSERT INTO Pessoas VALUES (000040, 'Tobey Colne', 2009-09-06, 'F');
INSERT INTO Pessoas VALUES (000041, 'Michel Carunna', 1999-03-09, 'M');
INSERT INTO Pessoas VALUES (000042, 'Leigh Eggelston', 1986-02-15, 'M');
INSERT INTO Pessoas VALUES (000043, 'Maurie Thistlewaite', 1990-06-09, 'M');
INSERT INTO Pessoas VALUES (000044, 'Delphina Columbet', 2003-11-21, 'F');
INSERT INTO Pessoas VALUES (000045, 'Britt Bay', 1991-08-02, 'F');
INSERT INTO Pessoas VALUES (000046, 'Nerissa Langside', 2008-10-12, 'F');
INSERT INTO Pessoas VALUES (000047, 'Randene Arkendale', 1985-11-22, 'F');
INSERT INTO Pessoas VALUES (000048, 'Christorpher Finney', 2001-08-09, 'M');
INSERT INTO Pessoas VALUES (000049, 'Sly Vardens', 1981-08-20, 'M');
INSERT INTO Pessoas VALUES (000050, 'Tabor Dumville', 1977-05-04, 'M');
INSERT INTO Pessoas VALUES (000051, 'Heinz Boondah', 1970-01-15, 'M');
INSERT INTO Pessoas VALUES (000052, 'Ann Noak', 1999-04-19, 'F');
INSERT INTO Pessoas VALUES (000053, 'Orelle Sarrinen', 1975-10-20, 'F');
INSERT INTO Pessoas VALUES (000054, 'Henry Hollylea', 1994-04-18, 'M');
INSERT INTO Pessoas VALUES (000055, 'Theodore Timberslip', 1975-11-24, 'M');
INSERT INTO Pessoas VALUES (000056, 'Lex Woodmore', 1971-08-07, 'M');
INSERT INTO Pessoas VALUES (000057, 'Josef Critchley', 2005-09-22, 'M');
INSERT INTO Pessoas VALUES (000058, 'Bennie Fresca', 1988-08-13, 'M');
INSERT INTO Pessoas VALUES (000059, 'Gerhardt Ermington', 1990-07-05, 'M');
INSERT INTO Pessoas VALUES (000060, 'Lawton Staleys', 1978-08-05, 'M');
INSERT INTO Pessoas VALUES (000061, 'Emogene Rosamund', 1980-05-26, 'F');
INSERT INTO Pessoas VALUES (000062, 'Idaline Kilsha', 1984-05-20, 'F');
INSERT INTO Pessoas VALUES (000063, 'Carla Leitch', 2008-07-10, 'F');
INSERT INTO Pessoas VALUES (000064, 'Rinaldo Riccardo', 2007-03-15, 'M');
INSERT INTO Pessoas VALUES (000065, 'Jamie Dufour', 1982-01-20, 'F');
INSERT INTO Pessoas VALUES (000066, 'Jo Gammons', 2004-03-01, 'M');
INSERT INTO Pessoas VALUES (000067, 'Fergus Bulson', 1995-06-22, 'M');
INSERT INTO Pessoas VALUES (000068, 'Kimberlyn Centech', 2008-10-02, 'F');
INSERT INTO Pessoas VALUES (000069, 'Tobie Cutenhoe', 1985-02-04, 'F');
INSERT INTO Pessoas VALUES (000070, 'Erma Willigan', 1988-04-15, 'F');
INSERT INTO Pessoas VALUES (000071, 'Melva Chisledon', 1981-07-02, 'F');
INSERT INTO Pessoas VALUES (000072, 'Kory Greenlane', 2009-11-03, 'M');
INSERT INTO Pessoas VALUES (000073, 'Mike Katan', 2009-01-20, 'M');
INSERT INTO Pessoas VALUES (000074, 'Kore Kuttabul', 2004-02-05, 'F');
INSERT INTO Pessoas VALUES (000075, 'Marcelo Kravchenok', 2005-07-21, 'M');
INSERT INTO Pessoas VALUES (000076, 'Barthel Stanchuk', 1975-10-19, 'M');
INSERT INTO Pessoas VALUES (000077, 'Annabela Parmenter', 1997-04-11, 'F');
INSERT INTO Pessoas VALUES (000078, 'Deirdre Grassington', 1990-01-08, 'F');
INSERT INTO Pessoas VALUES (000079, 'Gerhardine Skylonda', 1973-06-20, 'F');
INSERT INTO Pessoas VALUES (000080, 'Christan Farese', 2008-08-19, 'F');
INSERT INTO Pessoas VALUES (000081, 'Jaime Villate', 1989-02-27, 'M');
INSERT INTO Pessoas VALUES (000082, 'Mahmoud Rafaela', 1976-06-11, 'M');
INSERT INTO Pessoas VALUES (000083, 'Chris Kaleski', 1984-02-19, 'M');
INSERT INTO Pessoas VALUES (000084, 'Hedvig Irk', 1990-05-09, 'F');
INSERT INTO Pessoas VALUES (000085, 'Zoe Farmilo', 1972-09-09, 'F');
INSERT INTO Pessoas VALUES (000086, 'Kellen Wisner', 1985-05-09, 'M');
INSERT INTO Pessoas VALUES (000087, 'Herbie Brierly', 1970-04-13, 'M');
INSERT INTO Pessoas VALUES (000088, 'Aldrich Edinger', 1980-05-18, 'M');
INSERT INTO Pessoas VALUES (000089, 'Kass Fairgreen', 1989-09-06, 'F');
INSERT INTO Pessoas VALUES (000090, 'Marlowe Daigle', 1989-05-12, 'M');
INSERT INTO Pessoas VALUES (000091, 'Teena Pymmes', 1975-05-07, 'F');
INSERT INTO Pessoas VALUES (000092, 'Clint Frontero', 1999-10-09, 'M');
INSERT INTO Pessoas VALUES (000093, 'Lust Scarsdale', 1988-06-24, 'F');
INSERT INTO Pessoas VALUES (000094, 'Enrico Stainbume', 1970-05-10, 'M');
INSERT INTO Pessoas VALUES (000095, 'Morgan Freeman', 1986-11-10, 'M');
INSERT INTO Pessoas VALUES (000096, 'Adi Agraria', 1994-08-12, 'F');
INSERT INTO Pessoas VALUES (000097, 'Roland Burleyhurst', 2005-06-14, 'M');
INSERT INTO Pessoas VALUES (000098, 'Welsh Reubens', 1975-03-17, 'M');
INSERT INTO Pessoas VALUES (000099, 'Mohammad Hempstead', 1979-07-11, 'M');
INSERT INTO Pessoas VALUES (000100, 'Harli Oakhill', 1976-03-13, 'F');
INSERT INTO Pessoas VALUES (000101, 'Anabelle Petersdorf', 1971-02-02, 'F');
INSERT INTO Pessoas VALUES (000102, 'Herb Applewick', 1979-02-20, 'M');
INSERT INTO Pessoas VALUES (000103, 'Denis Ruxley', 1991-05-20, 'M');
INSERT INTO Pessoas VALUES (000104, 'Davide Cragwood', 1996-01-11, 'M');
INSERT INTO Pessoas VALUES (000105, 'Silvio Tredown', 2005-03-12, 'M');
INSERT INTO Pessoas VALUES (000106, 'Shelbi Hatchett', 1992-11-14, 'F');
INSERT INTO Pessoas VALUES (000107, 'Melisande Meggan', 1995-05-14, 'F');
INSERT INTO Pessoas VALUES (000108, 'Puff Kepwick', 1973-04-26, 'M');
INSERT INTO Pessoas VALUES (000109, 'Joelie Millburne', 1998-02-12, 'F');
INSERT INTO Pessoas VALUES (000110, 'Thain Manella', 1991-06-07, 'M');
INSERT INTO Pessoas VALUES (000111, 'Kettie Ardenness', 1976-05-07, 'F');
INSERT INTO Pessoas VALUES (000112, 'Curt Frensham', 1975-05-05, 'M');
INSERT INTO Pessoas VALUES (000113, 'Reese Geraint', 1973-09-27, 'M');
INSERT INTO Pessoas VALUES (000114, 'Prescott Himoor', 2005-08-24, 'M');
INSERT INTO Pessoas VALUES (000115, 'Kimberley Gladeside', 1997-11-22, 'F');
INSERT INTO Pessoas VALUES (000116, 'Udell Murvey', 2001-11-24, 'M');
INSERT INTO Pessoas VALUES (000117, 'Tynan Lavant', 2001-03-18, 'M');
INSERT INTO Pessoas VALUES (000118, 'Loralie Philipp', 1986-10-18, 'F');
INSERT INTO Pessoas VALUES (000119, 'Karla Rubina', 1993-07-21, 'F');
INSERT INTO Pessoas VALUES (000120, 'Chalmers Beult', 1977-02-26, 'M');
INSERT INTO Pessoas VALUES (000121, 'Torrance Barretto', 1997-04-17, 'M');
INSERT INTO Pessoas VALUES (000122, 'Merrill Gaynes', 1988-10-17, 'M');
INSERT INTO Pessoas VALUES (000123, 'Osmond Summerside', 2008-06-16, 'M');
INSERT INTO Pessoas VALUES (000124, 'Katinka Goecken', 1983-06-27, 'F');
INSERT INTO Pessoas VALUES (000125, 'Helaina Karamarra', 1976-08-11, 'F');
INSERT INTO Pessoas VALUES (000126, 'Merilee Poust', 2003-01-24, 'F');
INSERT INTO Pessoas VALUES (000127, 'Rafe Annandale', 1977-03-02, 'M');
INSERT INTO Pessoas VALUES (000128, 'Neddie Entrevaux', 1972-10-11, 'M');
INSERT INTO Pessoas VALUES (000129, 'Carroll Ockelford', 1981-03-03, 'F');
INSERT INTO Pessoas VALUES (000130, 'Zarah Livoli', 1974-09-02, 'F');
INSERT INTO Pessoas VALUES (000131, 'Giff Paidge', 1976-06-18, 'M');
INSERT INTO Pessoas VALUES (000132, 'Eve Trueloves', 1996-06-25, 'F');
INSERT INTO Pessoas VALUES (000133, 'Gian Clarina', 1997-07-16, 'M');
INSERT INTO Pessoas VALUES (000134, 'Nevile Beacontree', 1983-08-19, 'M');
INSERT INTO Pessoas VALUES (000135, 'Chriss Southbourne', 1997-05-04, 'F');
INSERT INTO Pessoas VALUES (000136, 'Nicolas Helperby', 1979-11-08, 'M');
INSERT INTO Pessoas VALUES (000137, 'Ginger Moston', 2005-01-22, 'F');
INSERT INTO Pessoas VALUES (000138, 'Nancey Sunnybrook', 2009-05-06, 'F');
INSERT INTO Pessoas VALUES (000139, 'Nancy Desisto', 2009-04-20, 'F');
INSERT INTO Pessoas VALUES (000140, 'Gerianna Selcroft', 2000-06-09, 'F');
INSERT INTO Pessoas VALUES (000141, 'Christophe Flagcroft', 1994-05-13, 'M');
INSERT INTO Pessoas VALUES (000142, 'Gerhard Wyberlye', 2007-05-18, 'M');
INSERT INTO Pessoas VALUES (000143, 'Edwin Fanok', 1973-08-06, 'M');
INSERT INTO Pessoas VALUES (000144, 'Brett Jarmann', 1993-10-14, 'M');
INSERT INTO Pessoas VALUES (000145, 'Lazaro Cap', 1977-11-03, 'M');
INSERT INTO Pessoas VALUES (000146, 'Norm Haskney', 2001-02-21, 'M');
INSERT INTO Pessoas VALUES (000147, 'Fortuna Bonavesta', 1985-05-16, 'F');
INSERT INTO Pessoas VALUES (000148, 'Redford Salway', 1978-06-06, 'M');
INSERT INTO Pessoas VALUES (000149, 'Amie Hoadly', 1996-05-08, 'F');
INSERT INTO Pessoas VALUES (000150, 'Loria Mallord', 1988-08-19, 'F');

INSERT INTO Clientes VALUES (000001, 1.8, NULL);
INSERT INTO Clientes VALUES (000003, 1.7, NULL);
INSERT INTO Clientes VALUES (000004, 1.55, NULL);
INSERT INTO Clientes VALUES (000006, 1.6, NULL);
INSERT INTO Clientes VALUES (000008, 1.59, NULL);
INSERT INTO Clientes VALUES (000009, 1.62, NULL);
INSERT INTO Clientes VALUES (000010, 1.6, NULL);
INSERT INTO Clientes VALUES (000011, 1.9, NULL);
INSERT INTO Clientes VALUES (000012, 1.57, NULL);
INSERT INTO Clientes VALUES (000014, 1.9, NULL);
INSERT INTO Clientes VALUES (000016, 1.65, NULL);
INSERT INTO Clientes VALUES (000018, 1.88, NULL);
INSERT INTO Clientes VALUES (000019, 1.35, NULL);
INSERT INTO Clientes VALUES (000020, 1.89, NULL);
INSERT INTO Clientes VALUES (000021, 1.53, NULL);
INSERT INTO Clientes VALUES (000022, 1.84, NULL);
INSERT INTO Clientes VALUES (000023, 1.64, NULL);
INSERT INTO Clientes VALUES (000024, 1.86, NULL);
INSERT INTO Clientes VALUES (000026, 1.78, NULL);
INSERT INTO Clientes VALUES (000027, 1.7, NULL);
INSERT INTO Clientes VALUES (000028, 1.79, NULL);
INSERT INTO Clientes VALUES (000029, 1.9, NULL);
INSERT INTO Clientes VALUES (000030, 1.94, NULL);
INSERT INTO Clientes VALUES (000031, 1.85, NULL);
INSERT INTO Clientes VALUES (000033, 1.52, NULL);
INSERT INTO Clientes VALUES (000034, 1.32, NULL);
INSERT INTO Clientes VALUES (000035, 1.74, NULL);
INSERT INTO Clientes VALUES (000036, 1.62, NULL);
INSERT INTO Clientes VALUES (000037, 1.67, NULL);
INSERT INTO Clientes VALUES (000038, 1.84, NULL);
INSERT INTO Clientes VALUES (000039, 1.55, NULL);
INSERT INTO Clientes VALUES (000042, 1.64, NULL);
INSERT INTO Clientes VALUES (000043, 1.89, NULL);
INSERT INTO Clientes VALUES (000047, 1.6, NULL);
INSERT INTO Clientes VALUES (000050, 1.56, NULL);
INSERT INTO Clientes VALUES (000051, 1.57, NULL);
INSERT INTO Clientes VALUES (000052, 1.6, NULL);
INSERT INTO Clientes VALUES (000053, 1.77, NULL);
INSERT INTO Clientes VALUES (000055, 1.9, NULL);
INSERT INTO Clientes VALUES (000057, 1.88, NULL);
INSERT INTO Clientes VALUES (000058, 1.58, NULL);
INSERT INTO Clientes VALUES (000061, 1.8, NULL);
INSERT INTO Clientes VALUES (000062, 1.62, NULL);
INSERT INTO Clientes VALUES (000067, 1.74, NULL);
INSERT INTO Clientes VALUES (000068, 1.44, NULL);
INSERT INTO Clientes VALUES (000071, 1.86, NULL);
INSERT INTO Clientes VALUES (000072, 1.49, NULL);
INSERT INTO Clientes VALUES (000073, 1.54, NULL);
INSERT INTO Clientes VALUES (000074, 1.91, NULL);
INSERT INTO Clientes VALUES (000075, 1.69, NULL);
INSERT INTO Clientes VALUES (000079, 1.6, NULL);
INSERT INTO Clientes VALUES (000081, 1.85, NULL);
INSERT INTO Clientes VALUES (000082, 1.62, NULL);
INSERT INTO Clientes VALUES (000084, 1.92, NULL);
INSERT INTO Clientes VALUES (000085, 1.8, NULL);
INSERT INTO Clientes VALUES (000086, 1.66, NULL);
INSERT INTO Clientes VALUES (000087, 1.64, NULL);
INSERT INTO Clientes VALUES (000088, 1.62, NULL);
INSERT INTO Clientes VALUES (000089, 1.69, NULL);
INSERT INTO Clientes VALUES (000090, 1.6, NULL);
INSERT INTO Clientes VALUES (000091, 1.75, NULL);
INSERT INTO Clientes VALUES (000092, 1.62, NULL);
INSERT INTO Clientes VALUES (000093, 1.67, NULL);
INSERT INTO Clientes VALUES (000096, 1.66, NULL);
INSERT INTO Clientes VALUES (000097, 1.94, NULL);
INSERT INTO Clientes VALUES (000098, 1.71, NULL);
INSERT INTO Clientes VALUES (000103, 1.78, NULL);
INSERT INTO Clientes VALUES (000104, 1.72, NULL);
INSERT INTO Clientes VALUES (000105, 1.86, NULL);
INSERT INTO Clientes VALUES (000106, 1.52, NULL);
INSERT INTO Clientes VALUES (000107, 1.51, NULL);
INSERT INTO Clientes VALUES (000108, 1.68, NULL);
INSERT INTO Clientes VALUES (000109, 1.76, NULL);
INSERT INTO Clientes VALUES (000111, 1.63, NULL);
INSERT INTO Clientes VALUES (000112, 1.71, NULL);
INSERT INTO Clientes VALUES (000113, 1.67, NULL);
INSERT INTO Clientes VALUES (000115, 1.73, NULL);
INSERT INTO Clientes VALUES (000116, 1.77, NULL);
INSERT INTO Clientes VALUES (000117, 1.58, NULL);
INSERT INTO Clientes VALUES (000118, 1.65, NULL);
INSERT INTO Clientes VALUES (000120, 1.94, NULL);
INSERT INTO Clientes VALUES (000121, 1.9, NULL);
INSERT INTO Clientes VALUES (000123, 1.4, NULL);
INSERT INTO Clientes VALUES (000124, 1.57, NULL);
INSERT INTO Clientes VALUES (000127, 1.79, NULL);
INSERT INTO Clientes VALUES (000129, 1.89, NULL);
INSERT INTO Clientes VALUES (000131, 1.71, NULL);
INSERT INTO Clientes VALUES (000133, 1.75, NULL);
INSERT INTO Clientes VALUES (000135, 1.92, NULL);
INSERT INTO Clientes VALUES (000137, 1.7, NULL);
INSERT INTO Clientes VALUES (000139, 1.37, NULL);
INSERT INTO Clientes VALUES (000141, 1.68, NULL);
INSERT INTO Clientes VALUES (000142, 1.47, NULL);
INSERT INTO Clientes VALUES (000143, 1.61, NULL);
INSERT INTO Clientes VALUES (000144, 1.75, NULL);
INSERT INTO Clientes VALUES (000145, 1.51, NULL);
INSERT INTO Clientes VALUES (000146, 1.56, NULL);
INSERT INTO Clientes VALUES (000147, 1.66, NULL);
INSERT INTO Clientes VALUES (000148, 1.57, NULL);
INSERT INTO Clientes VALUES (000149, 1.79, NULL);

INSERT INTO Funcionarios VALUES (000002, 'Staff', 1006698762);
INSERT INTO Funcionarios VALUES (000005, 'Cozinheiro', 1304789055);
INSERT INTO Funcionarios VALUES (000007, 'Técnico', 1065792792);
INSERT INTO Funcionarios VALUES (000013, 'Gerente', 1186938515);
INSERT INTO Funcionarios VALUES (000015, 'Staff', 1959327424);
INSERT INTO Funcionarios VALUES (000017, 'Segurança', 1060275933);
INSERT INTO Funcionarios VALUES (000025, 'Gerente', 1181759465);
INSERT INTO Funcionarios VALUES (000032, 'Técnico', 1057999388);
INSERT INTO Funcionarios VALUES (000040, 'Gerente', 1141886013);
INSERT INTO Funcionarios VALUES (000041, 'Técnico', 1824588464);
INSERT INTO Funcionarios VALUES (000044, 'Segurança', 1416568216);
INSERT INTO Funcionarios VALUES (000045, 'Gerente', 1644214070);
INSERT INTO Funcionarios VALUES (000046, 'Técnico', 1140065255);
INSERT INTO Funcionarios VALUES (000048, 'Gerente', 1367873404);
INSERT INTO Funcionarios VALUES (000049, 'Técnico', 1883628257);
INSERT INTO Funcionarios VALUES (000054, 'Técnico', 1445031294);
INSERT INTO Funcionarios VALUES (000056, 'Segurança', 1665086690);
INSERT INTO Funcionarios VALUES (000059, 'Técnico', 1869601476);
INSERT INTO Funcionarios VALUES (000060, 'Staff', 1903414836);
INSERT INTO Funcionarios VALUES (000063, 'Cozinheiro', 1256668533);
INSERT INTO Funcionarios VALUES (000064, 'Técnico', 1646805530);
INSERT INTO Funcionarios VALUES (000065, 'Técnico', 1029099589);
INSERT INTO Funcionarios VALUES (000066, 'Staff', 1109266677);
INSERT INTO Funcionarios VALUES (000069, 'Cozinheiro', 1916581753);
INSERT INTO Funcionarios VALUES (000070, 'Segurança', 1850287550);
INSERT INTO Funcionarios VALUES (000076, 'Gerente', 1937481394);
INSERT INTO Funcionarios VALUES (000077, 'Segurança', 1635258440);
INSERT INTO Funcionarios VALUES (000078, 'Segurança', 1952362899);
INSERT INTO Funcionarios VALUES (000080, 'Staff', 1048886104);
INSERT INTO Funcionarios VALUES (000083, 'Staff', 1382321236);
INSERT INTO Funcionarios VALUES (000094, 'Cozinheiro', 1472124452);
INSERT INTO Funcionarios VALUES (000095, 'Segurança', 1929596041);
INSERT INTO Funcionarios VALUES (000099, 'Cozinheiro', 1443329607);
INSERT INTO Funcionarios VALUES (000100, 'Staff', 1902650563);
INSERT INTO Funcionarios VALUES (000101, 'Cozinheiro', 1020993122);
INSERT INTO Funcionarios VALUES (000102, 'Segurança', 1119840482);
INSERT INTO Funcionarios VALUES (000110, 'Gerente', 1308550326);
INSERT INTO Funcionarios VALUES (000114, 'Gerente', 1997294421);
INSERT INTO Funcionarios VALUES (000119, 'Gerente', 1778121688);
INSERT INTO Funcionarios VALUES (000122, 'Gerente', 1944024520);
INSERT INTO Funcionarios VALUES (000125, 'Técnico', 1385691859);
INSERT INTO Funcionarios VALUES (000126, 'Gerente', 1899782325);
INSERT INTO Funcionarios VALUES (000128, 'Cozinheiro', 1692933756);
INSERT INTO Funcionarios VALUES (000130, 'Cozinheiro', 1116234344);
INSERT INTO Funcionarios VALUES (000132, 'Segurança', 1900326286);
INSERT INTO Funcionarios VALUES (000134, 'Gerente', 1051090250);
INSERT INTO Funcionarios VALUES (000136, 'Técnico', 1770218127);
INSERT INTO Funcionarios VALUES (000138, 'Staff', 1974361990);
INSERT INTO Funcionarios VALUES (000140, 'Técnico', 1817316429);
INSERT INTO Funcionarios VALUES (000150, 'Segurança', 1767935980);

INSERT INTO Bilhetes VALUES (000001, 1, 'Regular', 2014-07-09, 2014-07-12);
INSERT INTO Bilhetes VALUES (000003, 2, 'Premium', 2013-06-15, 2013-06-19);
INSERT INTO Bilhetes VALUES (000004, 3, 'Premium', 2014-11-18, 2014-11-23);
INSERT INTO Bilhetes VALUES (000006, 4, 'Premium', 2010-01-02, 2010-01-07);
INSERT INTO Bilhetes VALUES (000008, 5, 'Premium', 2017-11-24, 2017-11-26);
INSERT INTO Bilhetes VALUES (000009, 6, 'Regular', 2016-03-01, 2016-03-02);
INSERT INTO Bilhetes VALUES (000010, 7, 'Gold', 2015-11-01, 2015-11-06);
INSERT INTO Bilhetes VALUES (000011, 8, 'Regular', 2014-09-20, 2014-09-24);
INSERT INTO Bilhetes VALUES (000012, 9, 'Gold', 2013-10-02, 2013-10-07);
INSERT INTO Bilhetes VALUES (000014, 10, 'Regular', 2016-07-11, 2016-07-13);
INSERT INTO Bilhetes VALUES (000016, 11, 'Premium', 2013-05-07, 2013-05-12);
INSERT INTO Bilhetes VALUES (000018, 12, 'Premium', 2016-06-11, 2016-06-13);
INSERT INTO Bilhetes VALUES (000019, 13, 'Gold', 2016-10-02, 2016-10-06);
INSERT INTO Bilhetes VALUES (000020, 14, 'Premium', 2012-07-24, 2012-07-27);
INSERT INTO Bilhetes VALUES (000021, 15, 'Regular', 2012-07-17, 2012-07-19);
INSERT INTO Bilhetes VALUES (000022, 16, 'Regular', 2011-04-04, 2011-04-09);
INSERT INTO Bilhetes VALUES (000023, 17, 'Regular', 2012-11-24, 2012-11-25);
INSERT INTO Bilhetes VALUES (000024, 18, 'Gold', 2013-11-04, 2013-11-05);
INSERT INTO Bilhetes VALUES (000026, 19, 'Gold', 2013-10-12, 2013-10-14);
INSERT INTO Bilhetes VALUES (000027, 20, 'Regular', 2013-01-10, 2013-01-14);
INSERT INTO Bilhetes VALUES (000028, 21, 'Gold', 2016-08-18, 2016-08-20);
INSERT INTO Bilhetes VALUES (000029, 22, 'Gold', 2015-06-10, 2015-06-13);
INSERT INTO Bilhetes VALUES (000030, 23, 'Gold', 2012-02-16, 2012-02-21);
INSERT INTO Bilhetes VALUES (000031, 24, 'Premium', 2013-09-02, 2013-09-06);
INSERT INTO Bilhetes VALUES (000033, 25, 'Premium', 2012-09-07, 2012-09-11);
INSERT INTO Bilhetes VALUES (000034, 26, 'Premium', 2014-06-03, 2014-06-06);
INSERT INTO Bilhetes VALUES (000035, 27, 'Regular', 2017-09-01, 2017-09-02);
INSERT INTO Bilhetes VALUES (000036, 28, 'Regular', 2013-01-20, 2013-01-21);
INSERT INTO Bilhetes VALUES (000037, 29, 'Premium', 2011-05-16, 2011-05-21);
INSERT INTO Bilhetes VALUES (000038, 30, 'Gold', 2013-02-25, 2013-02-26);
INSERT INTO Bilhetes VALUES (000039, 31, 'Regular', 2015-02-06, 2015-02-09);
INSERT INTO Bilhetes VALUES (000042, 32, 'Regular', 2016-08-09, 2016-08-14);
INSERT INTO Bilhetes VALUES (000043, 33, 'Regular', 2013-08-06, 2013-08-10);
INSERT INTO Bilhetes VALUES (000047, 34, 'Premium', 2011-04-12, 2011-04-16);
INSERT INTO Bilhetes VALUES (000050, 35, 'Gold', 2012-08-21, 2012-08-22);
INSERT INTO Bilhetes VALUES (000051, 36, 'Gold', 2013-08-16, 2013-08-20);
INSERT INTO Bilhetes VALUES (000052, 37, 'Regular', 2014-02-12, 2014-02-17);
INSERT INTO Bilhetes VALUES (000053, 38, 'Regular', 2013-08-10, 2013-08-11);
INSERT INTO Bilhetes VALUES (000055, 39, 'Gold', 2012-02-09, 2012-02-12);
INSERT INTO Bilhetes VALUES (000057, 40, 'Gold', 2014-02-02, 2014-02-05);
INSERT INTO Bilhetes VALUES (000058, 41, 'Gold', 2010-11-21, 2010-11-25);
INSERT INTO Bilhetes VALUES (000061, 42, 'Regular', 2017-02-17, 2017-02-18);
INSERT INTO Bilhetes VALUES (000062, 43, 'Premium', 2012-07-15, 2012-07-17);
INSERT INTO Bilhetes VALUES (000067, 44, 'Regular', 2017-05-22, 2017-05-23);
INSERT INTO Bilhetes VALUES (000068, 45, 'Premium', 2015-03-22, 2015-03-27);
INSERT INTO Bilhetes VALUES (000071, 46, 'Premium', 2013-06-15, 2013-06-19);
INSERT INTO Bilhetes VALUES (000072, 47, 'Gold', 2016-09-12, 2016-09-17);
INSERT INTO Bilhetes VALUES (000073, 48, 'Gold', 2016-05-25, 2016-05-27);
INSERT INTO Bilhetes VALUES (000074, 49, 'Gold', 2011-04-02, 2011-04-05);
INSERT INTO Bilhetes VALUES (000075, 50, 'Regular', 2012-03-03, 2012-03-08);
INSERT INTO Bilhetes VALUES (000079, 51, 'Premium', 2011-10-14, 2011-10-18);
INSERT INTO Bilhetes VALUES (000081, 52, 'Premium', 2014-03-15, 2014-03-17);
INSERT INTO Bilhetes VALUES (000082, 53, 'Gold', 2010-11-04, 2010-11-08);
INSERT INTO Bilhetes VALUES (000084, 54, 'Regular', 2013-10-09, 2013-10-10);
INSERT INTO Bilhetes VALUES (000085, 55, 'Gold', 2010-06-01, 2010-06-03);
INSERT INTO Bilhetes VALUES (000086, 56, 'Regular', 2012-11-01, 2012-11-06);
INSERT INTO Bilhetes VALUES (000087, 57, 'Regular', 2017-09-07, 2017-09-11);
INSERT INTO Bilhetes VALUES (000088, 58, 'Premium', 2012-07-04, 2012-07-07);
INSERT INTO Bilhetes VALUES (000089, 59, 'Regular', 2012-07-12, 2012-07-17);
INSERT INTO Bilhetes VALUES (000090, 60, 'Gold', 2014-10-08, 2014-10-09);
INSERT INTO Bilhetes VALUES (000091, 61, 'Premium', 2011-10-16, 2011-10-19);
INSERT INTO Bilhetes VALUES (000092, 62, 'Regular', 2011-03-14, 2011-03-16);
INSERT INTO Bilhetes VALUES (000093, 63, 'Regular', 2013-11-11, 2013-11-14);
INSERT INTO Bilhetes VALUES (000096, 64, 'Regular', 2012-10-18, 2012-10-20);
INSERT INTO Bilhetes VALUES (000097, 65, 'Regular', 2016-09-12, 2016-09-14);
INSERT INTO Bilhetes VALUES (000098, 66, 'Regular', 2013-11-08, 2013-11-12);
INSERT INTO Bilhetes VALUES (000103, 67, 'Regular', 2012-10-04, 2012-10-09);
INSERT INTO Bilhetes VALUES (000104, 68, 'Gold', 2015-10-06, 2015-10-09);
INSERT INTO Bilhetes VALUES (000105, 69, 'Premium', 2011-05-05, 2011-05-08);
INSERT INTO Bilhetes VALUES (000106, 70, 'Premium', 2011-05-16, 2011-05-20);
INSERT INTO Bilhetes VALUES (000107, 71, 'Premium', 2012-09-09, 2012-09-10);
INSERT INTO Bilhetes VALUES (000108, 72, 'Premium', 2014-02-22, 2014-02-27);
INSERT INTO Bilhetes VALUES (000109, 73, 'Premium', 2011-04-05, 2011-04-08);
INSERT INTO Bilhetes VALUES (000111, 74, 'Regular', 2011-01-10, 2011-01-12);
INSERT INTO Bilhetes VALUES (000112, 75, 'Regular', 2015-10-17, 2015-10-18);
INSERT INTO Bilhetes VALUES (000113, 76, 'Regular', 2017-07-01, 2017-07-06);
INSERT INTO Bilhetes VALUES (000115, 77, 'Regular', 2014-03-14, 2014-03-15);
INSERT INTO Bilhetes VALUES (000116, 78, 'Gold', 2015-10-17, 2015-10-22);
INSERT INTO Bilhetes VALUES (000117, 79, 'Regular', 2015-03-06, 2015-03-07);
INSERT INTO Bilhetes VALUES (000118, 80, 'Premium', 2017-01-01, 2017-01-03);
INSERT INTO Bilhetes VALUES (000120, 81, 'Regular', 2013-06-16, 2013-06-20);
INSERT INTO Bilhetes VALUES (000121, 82, 'Gold', 2010-10-23, 2010-10-25);
INSERT INTO Bilhetes VALUES (000123, 83, 'Gold', 2014-01-03, 2014-01-08);
INSERT INTO Bilhetes VALUES (000124, 84, 'Gold', 2015-06-01, 2015-06-05);
INSERT INTO Bilhetes VALUES (000127, 85, 'Premium', 2010-02-02, 2010-02-04);
INSERT INTO Bilhetes VALUES (000129, 86, 'Regular', 2012-03-17, 2012-03-19);
INSERT INTO Bilhetes VALUES (000131, 87, 'Premium', 2011-09-16, 2011-09-20);
INSERT INTO Bilhetes VALUES (000133, 88, 'Gold', 2012-02-05, 2012-02-10);
INSERT INTO Bilhetes VALUES (000135, 89, 'Regular', 2013-01-10, 2013-01-15);
INSERT INTO Bilhetes VALUES (000137, 90, 'Premium', 2016-04-12, 2016-04-16);
INSERT INTO Bilhetes VALUES (000139, 91, 'Regular', 2015-05-14, 2015-05-16);
INSERT INTO Bilhetes VALUES (000141, 92, 'Regular', 2010-11-05, 2010-11-06);
INSERT INTO Bilhetes VALUES (000142, 93, 'Regular', 2012-09-19, 2012-09-23);
INSERT INTO Bilhetes VALUES (000143, 94, 'Gold', 2015-04-20, 2015-04-22);
INSERT INTO Bilhetes VALUES (000144, 95, 'Premium', 2016-07-01, 2016-07-05);
INSERT INTO Bilhetes VALUES (000145, 96, 'Premium', 2013-06-23, 2013-06-25);
INSERT INTO Bilhetes VALUES (000146, 97, 'Gold', 2013-07-07, 2013-07-10);
INSERT INTO Bilhetes VALUES (000147, 98, 'Regular', 2017-03-01, 2017-03-02);
INSERT INTO Bilhetes VALUES (000148, 99, 'Premium', 2013-02-01, 2013-02-04);
INSERT INTO Bilhetes VALUES (000149, 100, 'Gold', 2011-03-13, 2011-03-17);

INSERT INTO Visitas VALUES (000001, 01, 2014-07-12, NULL);
INSERT INTO Visitas VALUES (000001, 02, 2014-07-10, NULL);
INSERT INTO Visitas VALUES (000001, 03, 2014-07-12, 4);
INSERT INTO Visitas VALUES (000001, 07, 2014-07-10, NULL);
INSERT INTO Visitas VALUES (000001, 09, 2014-07-10, 0);
INSERT INTO Visitas VALUES (000001, 12, 2014-07-09, 4);
INSERT INTO Visitas VALUES (000001, 14, 2014-07-11, 5);
INSERT INTO Visitas VALUES (000001, 05, 2014-07-10, NULL);
INSERT INTO Visitas VALUES (000003, 07, 2013-06-18, 5);
INSERT INTO Visitas VALUES (000003, 08, 2013-06-16, 3);
INSERT INTO Visitas VALUES (000003, 11, 2013-06-15, 0);
INSERT INTO Visitas VALUES (000003, 10, 2013-06-19, 5);
INSERT INTO Visitas VALUES (000004, 10, 2014-11-21, 5);
INSERT INTO Visitas VALUES (000004, 01, 2014-11-19, 5);
INSERT INTO Visitas VALUES (000004, 08, 2014-11-20, 4);
INSERT INTO Visitas VALUES (000004, 11, 2014-11-21, NULL);
INSERT INTO Visitas VALUES (000004, 06, 2014-11-22, 5);
INSERT INTO Visitas VALUES (000006, 05, 2010-01-06, 2);
INSERT INTO Visitas VALUES (000006, 10, 2010-01-02, 4);
INSERT INTO Visitas VALUES (000006, 15, 2010-01-06, 1);
INSERT INTO Visitas VALUES (000006, 09, 2010-01-02, 1);
INSERT INTO Visitas VALUES (000006, 04, 2010-01-06, NULL);
INSERT INTO Visitas VALUES (000006, 12, 2010-01-03, 1);
INSERT INTO Visitas VALUES (000006, 01, 2010-01-05, 0);
INSERT INTO Visitas VALUES (000008, 10, 2017-11-26, 3);
INSERT INTO Visitas VALUES (000008, 12, 2017-11-26, 2);
INSERT INTO Visitas VALUES (000008, 09, 2017-11-25, NULL);
INSERT INTO Visitas VALUES (000008, 06, 2017-11-26, 1);
INSERT INTO Visitas VALUES (000008, 11, 2017-11-25, 3);
INSERT INTO Visitas VALUES (000008, 08, 2017-11-25, 4);
INSERT INTO Visitas VALUES (000009, 01, 2016-03-02, 0);
INSERT INTO Visitas VALUES (000009, 04, 2016-03-01, 4);
INSERT INTO Visitas VALUES (000009, 12, 2016-03-02, 4);
INSERT INTO Visitas VALUES (000009, 08, 2016-03-01, 3);
INSERT INTO Visitas VALUES (000009, 10, 2016-03-02, 4);
INSERT INTO Visitas VALUES (000009, 06, 2016-03-01, 2);
INSERT INTO Visitas VALUES (000010, 09, 2015-11-06, 5);
INSERT INTO Visitas VALUES (000010, 10, 2015-11-02, NULL);
INSERT INTO Visitas VALUES (000010, 05, 2015-11-02, 4);
INSERT INTO Visitas VALUES (000011, 03, 2014-09-20, NULL);
INSERT INTO Visitas VALUES (000011, 12, 2014-09-21, NULL);
INSERT INTO Visitas VALUES (000011, 10, 2014-09-20, NULL);
INSERT INTO Visitas VALUES (000011, 08, 2014-09-21, 2);
INSERT INTO Visitas VALUES (000011, 04, 2014-09-20, NULL);
INSERT INTO Visitas VALUES (000011, 15, 2014-09-22, 4);
INSERT INTO Visitas VALUES (000011, 09, 2014-09-23, 2);
INSERT INTO Visitas VALUES (000012, 06, 2013-10-03, 1);
INSERT INTO Visitas VALUES (000012, 13, 2013-10-06, 2);
INSERT INTO Visitas VALUES (000012, 07, 2013-10-03, NULL);
INSERT INTO Visitas VALUES (000014, 14, 2016-07-13, 0);
INSERT INTO Visitas VALUES (000014, 08, 2016-07-12, 2);
INSERT INTO Visitas VALUES (000016, 06, 2013-05-09, 3);
INSERT INTO Visitas VALUES (000016, 07, 2013-05-08, 2);
INSERT INTO Visitas VALUES (000016, 08, 2013-05-07, 5);
INSERT INTO Visitas VALUES (000016, 05, 2013-05-08, 4);
INSERT INTO Visitas VALUES (000016, 13, 2013-05-07, 1);
INSERT INTO Visitas VALUES (000016, 04, 2013-05-11, 2);
INSERT INTO Visitas VALUES (000016, 03, 2013-05-08, NULL);
INSERT INTO Visitas VALUES (000016, 15, 2013-05-09, 1);
INSERT INTO Visitas VALUES (000018, 04, 2016-06-11, 2);
INSERT INTO Visitas VALUES (000018, 09, 2016-06-11, NULL);
INSERT INTO Visitas VALUES (000018, 13, 2016-06-11, 1);
INSERT INTO Visitas VALUES (000019, 12, 2016-10-04, 2);
INSERT INTO Visitas VALUES (000019, 06, 2016-10-03, 2);
INSERT INTO Visitas VALUES (000019, 07, 2016-10-02, NULL);
INSERT INTO Visitas VALUES (000019, 08, 2016-10-05, NULL);
INSERT INTO Visitas VALUES (000019, 03, 2016-10-03, 2);
INSERT INTO Visitas VALUES (000020, 04, 2012-07-25, 2);
INSERT INTO Visitas VALUES (000020, 10, 2012-07-24, 3);
INSERT INTO Visitas VALUES (000021, 05, 2012-07-19, 5);
INSERT INTO Visitas VALUES (000022, 10, 2011-04-05, NULL);
INSERT INTO Visitas VALUES (000022, 02, 2011-04-04, 0);
INSERT INTO Visitas VALUES (000022, 09, 2011-04-07, 0);
INSERT INTO Visitas VALUES (000022, 08, 2011-04-09, 2);
INSERT INTO Visitas VALUES (000023, 01, 2012-11-24, 4);
INSERT INTO Visitas VALUES (000023, 02, 2012-11-25, 1);
INSERT INTO Visitas VALUES (000023, 15, 2012-11-25, 5);
INSERT INTO Visitas VALUES (000023, 13, 2012-11-25, NULL);
INSERT INTO Visitas VALUES (000023, 08, 2012-11-25, 2);
INSERT INTO Visitas VALUES (000023, 11, 2012-11-24, NULL);
INSERT INTO Visitas VALUES (000023, 05, 2012-11-24, 3);
INSERT INTO Visitas VALUES (000024, 02, 2013-11-04, NULL);
INSERT INTO Visitas VALUES (000024, 09, 2013-11-05, 3);
INSERT INTO Visitas VALUES (000024, 13, 2013-11-04, 5);
INSERT INTO Visitas VALUES (000024, 08, 2013-11-04, 2);
INSERT INTO Visitas VALUES (000024, 11, 2013-11-04, 2);
INSERT INTO Visitas VALUES (000024, 10, 2013-11-05, 0);
INSERT INTO Visitas VALUES (000026, 01, 2013-10-13, 0);
INSERT INTO Visitas VALUES (000026, 15, 2013-10-13, 4);
INSERT INTO Visitas VALUES (000026, 05, 2013-10-13, 3);
INSERT INTO Visitas VALUES (000026, 10, 2013-10-12, NULL);
INSERT INTO Visitas VALUES (000026, 11, 2013-10-12, 5);
INSERT INTO Visitas VALUES (000026, 08, 2013-10-14, 4);
INSERT INTO Visitas VALUES (000026, 03, 2013-10-13, 5);
INSERT INTO Visitas VALUES (000027, 07, 2013-01-14, 1);
INSERT INTO Visitas VALUES (000027, 04, 2013-01-12, 5);
INSERT INTO Visitas VALUES (000027, 13, 2013-01-11, 3);
INSERT INTO Visitas VALUES (000027, 05, 2013-01-13, 4);
INSERT INTO Visitas VALUES (000027, 01, 2013-01-13, NULL);
INSERT INTO Visitas VALUES (000027, 15, 2013-01-14, 0);
INSERT INTO Visitas VALUES (000027, 06, 2013-01-14, 1);
INSERT INTO Visitas VALUES (000028, 10, 2016-08-18, NULL);
INSERT INTO Visitas VALUES (000029, 10, 2015-06-12, 5);
INSERT INTO Visitas VALUES (000029, 08, 2015-06-12, 5);
INSERT INTO Visitas VALUES (000029, 13, 2015-06-11, 0);
INSERT INTO Visitas VALUES (000030, 03, 2012-02-20, NULL);
INSERT INTO Visitas VALUES (000031, 08, 2013-09-04, 4);
INSERT INTO Visitas VALUES (000031, 06, 2013-09-05, 1);
INSERT INTO Visitas VALUES (000031, 04, 2013-09-02, 3);
INSERT INTO Visitas VALUES (000031, 09, 2013-09-02, 3);
INSERT INTO Visitas VALUES (000031, 15, 2013-09-05, 1);
INSERT INTO Visitas VALUES (000031, 11, 2013-09-04, 3);
INSERT INTO Visitas VALUES (000031, 05, 2013-09-04, 3);
INSERT INTO Visitas VALUES (000031, 07, 2013-09-05, NULL);
INSERT INTO Visitas VALUES (000033, 05, 2012-09-07, 3);
INSERT INTO Visitas VALUES (000034, 05, 2014-06-06, NULL);
INSERT INTO Visitas VALUES (000034, 12, 2014-06-03, 0);
INSERT INTO Visitas VALUES (000034, 09, 2014-06-03, 3);
INSERT INTO Visitas VALUES (000034, 07, 2014-06-06, 5);
INSERT INTO Visitas VALUES (000034, 04, 2014-06-06, 4);
INSERT INTO Visitas VALUES (000035, 12, 2017-09-02, 2);
INSERT INTO Visitas VALUES (000035, 14, 2017-09-01, 4);
INSERT INTO Visitas VALUES (000035, 11, 2017-09-01, NULL);
INSERT INTO Visitas VALUES (000035, 10, 2017-09-01, 0);
INSERT INTO Visitas VALUES (000035, 01, 2017-09-01, 5);
INSERT INTO Visitas VALUES (000035, 05, 2017-09-01, 1);
INSERT INTO Visitas VALUES (000036, 01, 2013-01-21, 5);
INSERT INTO Visitas VALUES (000036, 13, 2013-01-20, 2);
INSERT INTO Visitas VALUES (000036, 03, 2013-01-20, 1);
INSERT INTO Visitas VALUES (000036, 11, 2013-01-20, 0);
INSERT INTO Visitas VALUES (000036, 15, 2013-01-20, NULL);
INSERT INTO Visitas VALUES (000036, 04, 2013-01-20, 5);
INSERT INTO Visitas VALUES (000036, 14, 2013-01-21, 0);
INSERT INTO Visitas VALUES (000036, 09, 2013-01-20, 4);
INSERT INTO Visitas VALUES (000037, 08, 2011-05-20, 3);
INSERT INTO Visitas VALUES (000037, 14, 2011-05-16, 2);
INSERT INTO Visitas VALUES (000037, 09, 2011-05-21, NULL);
INSERT INTO Visitas VALUES (000037, 06, 2011-05-18, 4);
INSERT INTO Visitas VALUES (000037, 15, 2011-05-21, 1);
INSERT INTO Visitas VALUES (000037, 13, 2011-05-16, 5);
INSERT INTO Visitas VALUES (000037, 01, 2011-05-17, 3);
INSERT INTO Visitas VALUES (000037, 10, 2011-05-20, 4);
INSERT INTO Visitas VALUES (000038, 06, 2013-02-26, NULL);
INSERT INTO Visitas VALUES (000039, 09, 2015-02-09, 5);
INSERT INTO Visitas VALUES (000042, 08, 2016-08-13, NULL);
INSERT INTO Visitas VALUES (000042, 04, 2016-08-14, 1);
INSERT INTO Visitas VALUES (000042, 09, 2016-08-09, 5);
INSERT INTO Visitas VALUES (000042, 14, 2016-08-10, 5);
INSERT INTO Visitas VALUES (000042, 03, 2016-08-10, 3);
INSERT INTO Visitas VALUES (000043, 14, 2013-08-08, 3);
INSERT INTO Visitas VALUES (000047, 11, 2011-04-16, NULL);
INSERT INTO Visitas VALUES (000047, 04, 2011-04-16, NULL);
INSERT INTO Visitas VALUES (000047, 10, 2011-04-12, NULL);
INSERT INTO Visitas VALUES (000047, 06, 2011-04-12, NULL);
INSERT INTO Visitas VALUES (000047, 01, 2011-04-12, 2);
INSERT INTO Visitas VALUES (000050, 07, 2012-08-22, 3);
INSERT INTO Visitas VALUES (000050, 06, 2012-08-22, 4);
INSERT INTO Visitas VALUES (000050, 10, 2012-08-21, 5);
INSERT INTO Visitas VALUES (000050, 11, 2012-08-21, 3);
INSERT INTO Visitas VALUES (000050, 12, 2012-08-22, NULL);
INSERT INTO Visitas VALUES (000051, 05, 2013-08-16, NULL);
INSERT INTO Visitas VALUES (000051, 01, 2013-08-20, NULL);
INSERT INTO Visitas VALUES (000051, 12, 2013-08-20, 2);
INSERT INTO Visitas VALUES (000051, 06, 2013-08-19, 0);
INSERT INTO Visitas VALUES (000051, 15, 2013-08-18, NULL);
INSERT INTO Visitas VALUES (000051, 09, 2013-08-18, 0);
INSERT INTO Visitas VALUES (000052, 13, 2014-02-12, 1);
INSERT INTO Visitas VALUES (000052, 03, 2014-02-17, 5);
INSERT INTO Visitas VALUES (000052, 12, 2014-02-17, 1);
INSERT INTO Visitas VALUES (000052, 06, 2014-02-12, 4);
INSERT INTO Visitas VALUES (000053, 02, 2013-08-10, 2);
INSERT INTO Visitas VALUES (000053, 04, 2013-08-11, 0);
INSERT INTO Visitas VALUES (000053, 06, 2013-08-11, 3);
INSERT INTO Visitas VALUES (000053, 15, 2013-08-11, 5);
INSERT INTO Visitas VALUES (000053, 07, 2013-08-11, 3);
INSERT INTO Visitas VALUES (000053, 14, 2013-08-10, 0);
INSERT INTO Visitas VALUES (000055, 02, 2012-02-12, 4);
INSERT INTO Visitas VALUES (000055, 04, 2012-02-12, 2);
INSERT INTO Visitas VALUES (000055, 08, 2012-02-11, NULL);
INSERT INTO Visitas VALUES (000055, 09, 2012-02-10, 2);
INSERT INTO Visitas VALUES (000055, 06, 2012-02-12, NULL);
INSERT INTO Visitas VALUES (000055, 05, 2012-02-11, NULL);
INSERT INTO Visitas VALUES (000055, 07, 2012-02-11, 5);
INSERT INTO Visitas VALUES (000055, 11, 2012-02-09, 0);
INSERT INTO Visitas VALUES (000057, 12, 2014-02-02, 5);
INSERT INTO Visitas VALUES (000057, 10, 2014-02-04, NULL);
INSERT INTO Visitas VALUES (000057, 05, 2014-02-03, 5);
INSERT INTO Visitas VALUES (000057, 07, 2014-02-02, 0);
INSERT INTO Visitas VALUES (000057, 14, 2014-02-02, 3);
INSERT INTO Visitas VALUES (000058, 15, 2010-11-23, NULL);
INSERT INTO Visitas VALUES (000058, 12, 2010-11-22, NULL);
INSERT INTO Visitas VALUES (000058, 09, 2010-11-22, NULL);
INSERT INTO Visitas VALUES (000058, 11, 2010-11-22, 2);
INSERT INTO Visitas VALUES (000061, 07, 2017-02-17, 2);
INSERT INTO Visitas VALUES (000061, 10, 2017-02-17, 3);
INSERT INTO Visitas VALUES (000061, 03, 2017-02-17, NULL);
INSERT INTO Visitas VALUES (000061, 06, 2017-02-17, 0);
INSERT INTO Visitas VALUES (000061, 15, 2017-02-17, 2);
INSERT INTO Visitas VALUES (000061, 12, 2017-02-18, 1);
INSERT INTO Visitas VALUES (000061, 11, 2017-02-17, 2);
INSERT INTO Visitas VALUES (000062, 10, 2012-07-16, NULL);
INSERT INTO Visitas VALUES (000062, 06, 2012-07-15, 3);
INSERT INTO Visitas VALUES (000062, 15, 2012-07-17, NULL);
INSERT INTO Visitas VALUES (000062, 11, 2012-07-17, 2);
INSERT INTO Visitas VALUES (000062, 09, 2012-07-16, 5);
INSERT INTO Visitas VALUES (000062, 05, 2012-07-17, NULL);
INSERT INTO Visitas VALUES (000067, 02, 2017-05-23, 0);
INSERT INTO Visitas VALUES (000067, 13, 2017-05-23, NULL);
INSERT INTO Visitas VALUES (000068, 13, 2015-03-24, 5);
INSERT INTO Visitas VALUES (000068, 10, 2015-03-27, 2);
INSERT INTO Visitas VALUES (000068, 05, 2015-03-24, 5);
INSERT INTO Visitas VALUES (000068, 07, 2015-03-27, NULL);
INSERT INTO Visitas VALUES (000068, 12, 2015-03-22, 1);
INSERT INTO Visitas VALUES (000068, 08, 2015-03-22, 1);
INSERT INTO Visitas VALUES (000068, 06, 2015-03-24, 3);
INSERT INTO Visitas VALUES (000068, 02, 2015-03-27, 4);
INSERT INTO Visitas VALUES (000071, 09, 2013-06-17, NULL);
INSERT INTO Visitas VALUES (000072, 03, 2016-09-15, NULL);
INSERT INTO Visitas VALUES (000072, 01, 2016-09-14, NULL);
INSERT INTO Visitas VALUES (000073, 14, 2016-05-25, 0);
INSERT INTO Visitas VALUES (000073, 06, 2016-05-27, NULL);
INSERT INTO Visitas VALUES (000074, 02, 2011-04-02, 5);
INSERT INTO Visitas VALUES (000074, 06, 2011-04-04, NULL);
INSERT INTO Visitas VALUES (000074, 13, 2011-04-04, 3);
INSERT INTO Visitas VALUES (000075, 01, 2012-03-08, NULL);
INSERT INTO Visitas VALUES (000075, 09, 2012-03-05, 1);
INSERT INTO Visitas VALUES (000075, 12, 2012-03-06, 0);
INSERT INTO Visitas VALUES (000079, 09, 2011-10-17, NULL);
INSERT INTO Visitas VALUES (000079, 13, 2011-10-16, 4);
INSERT INTO Visitas VALUES (000079, 14, 2011-10-14, 0);
INSERT INTO Visitas VALUES (000079, 08, 2011-10-14, 0);
INSERT INTO Visitas VALUES (000079, 05, 2011-10-17, NULL);
INSERT INTO Visitas VALUES (000079, 11, 2011-10-18, 1);
INSERT INTO Visitas VALUES (000079, 06, 2011-10-17, NULL);
INSERT INTO Visitas VALUES (000081, 06, 2014-03-16, NULL);
INSERT INTO Visitas VALUES (000081, 09, 2014-03-15, NULL);
INSERT INTO Visitas VALUES (000081, 11, 2014-03-16, 4);
INSERT INTO Visitas VALUES (000081, 01, 2014-03-15, 0);
INSERT INTO Visitas VALUES (000081, 10, 2014-03-17, 2);
INSERT INTO Visitas VALUES (000081, 04, 2014-03-17, 2);
INSERT INTO Visitas VALUES (000081, 03, 2014-03-17, 3);
INSERT INTO Visitas VALUES (000081, 14, 2014-03-17, 3);
INSERT INTO Visitas VALUES (000082, 13, 2010-11-04, 1);
INSERT INTO Visitas VALUES (000082, 14, 2010-11-07, 1);
INSERT INTO Visitas VALUES (000082, 08, 2010-11-08, NULL);
INSERT INTO Visitas VALUES (000082, 09, 2010-11-04, 3);
INSERT INTO Visitas VALUES (000082, 10, 2010-11-04, NULL);
INSERT INTO Visitas VALUES (000082, 06, 2010-11-07, 2);
INSERT INTO Visitas VALUES (000082, 03, 2010-11-04, NULL);
INSERT INTO Visitas VALUES (000082, 12, 2010-11-06, 5);
INSERT INTO Visitas VALUES (000084, 08, 2013-10-09, NULL);
INSERT INTO Visitas VALUES (000084, 10, 2013-10-10, NULL);
INSERT INTO Visitas VALUES (000084, 14, 2013-10-09, NULL);
INSERT INTO Visitas VALUES (000085, 03, 2010-06-03, 3);
INSERT INTO Visitas VALUES (000086, 02, 2012-11-02, 5);
INSERT INTO Visitas VALUES (000086, 12, 2012-11-04, 0);
INSERT INTO Visitas VALUES (000086, 09, 2012-11-02, NULL);
INSERT INTO Visitas VALUES (000086, 06, 2012-11-06, 3);
INSERT INTO Visitas VALUES (000086, 01, 2012-11-06, 3);
INSERT INTO Visitas VALUES (000086, 04, 2012-11-06, 0);
INSERT INTO Visitas VALUES (000087, 03, 2017-09-11, 1);
INSERT INTO Visitas VALUES (000087, 11, 2017-09-07, NULL);
INSERT INTO Visitas VALUES (000087, 02, 2017-09-09, 3);
INSERT INTO Visitas VALUES (000088, 08, 2012-07-07, NULL);
INSERT INTO Visitas VALUES (000088, 15, 2012-07-07, NULL);
INSERT INTO Visitas VALUES (000088, 07, 2012-07-04, 3);
INSERT INTO Visitas VALUES (000088, 01, 2012-07-05, 3);
INSERT INTO Visitas VALUES (000088, 05, 2012-07-05, NULL);
INSERT INTO Visitas VALUES (000088, 02, 2012-07-05, 1);
INSERT INTO Visitas VALUES (000089, 07, 2012-07-14, NULL);
INSERT INTO Visitas VALUES (000089, 10, 2012-07-17, 4);
INSERT INTO Visitas VALUES (000090, 04, 2014-10-08, 0);
INSERT INTO Visitas VALUES (000090, 10, 2014-10-09, 3);
INSERT INTO Visitas VALUES (000090, 15, 2014-10-09, 4);
INSERT INTO Visitas VALUES (000090, 12, 2014-10-09, NULL);
INSERT INTO Visitas VALUES (000091, 08, 2011-10-18, 3);
INSERT INTO Visitas VALUES (000091, 09, 2011-10-17, 4);
INSERT INTO Visitas VALUES (000092, 07, 2011-03-15, 3);
INSERT INTO Visitas VALUES (000092, 13, 2011-03-15, 4);
INSERT INTO Visitas VALUES (000093, 06, 2013-11-14, 2);
INSERT INTO Visitas VALUES (000093, 02, 2013-11-11, 3);
INSERT INTO Visitas VALUES (000093, 15, 2013-11-14, NULL);
INSERT INTO Visitas VALUES (000096, 10, 2012-10-20, NULL);
INSERT INTO Visitas VALUES (000096, 09, 2012-10-19, 1);
INSERT INTO Visitas VALUES (000096, 05, 2012-10-18, 0);
INSERT INTO Visitas VALUES (000096, 07, 2012-10-20, 1);
INSERT INTO Visitas VALUES (000096, 15, 2012-10-20, NULL);
INSERT INTO Visitas VALUES (000096, 03, 2012-10-19, NULL);
INSERT INTO Visitas VALUES (000096, 14, 2012-10-20, NULL);
INSERT INTO Visitas VALUES (000096, 02, 2012-10-20, NULL);
INSERT INTO Visitas VALUES (000097, 10, 2016-09-12, NULL);
INSERT INTO Visitas VALUES (000098, 14, 2013-11-10, NULL);
INSERT INTO Visitas VALUES (000098, 04, 2013-11-12, 5);
INSERT INTO Visitas VALUES (000098, 02, 2013-11-08, 3);
INSERT INTO Visitas VALUES (000098, 13, 2013-11-11, 4);
INSERT INTO Visitas VALUES (000098, 03, 2013-11-12, 5);
INSERT INTO Visitas VALUES (000098, 12, 2013-11-11, NULL);
INSERT INTO Visitas VALUES (000098, 05, 2013-11-09, NULL);
INSERT INTO Visitas VALUES (000103, 15, 2012-10-08, 4);
INSERT INTO Visitas VALUES (000103, 03, 2012-10-04, 3);
INSERT INTO Visitas VALUES (000103, 02, 2012-10-08, 5);
INSERT INTO Visitas VALUES (000104, 05, 2015-10-08, 2);
INSERT INTO Visitas VALUES (000104, 10, 2015-10-09, 0);
INSERT INTO Visitas VALUES (000104, 03, 2015-10-07, 4);
INSERT INTO Visitas VALUES (000104, 09, 2015-10-06, NULL);
INSERT INTO Visitas VALUES (000105, 09, 2011-05-05, 4);
INSERT INTO Visitas VALUES (000105, 15, 2011-05-06, NULL);
INSERT INTO Visitas VALUES (000105, 07, 2011-05-08, 3);
INSERT INTO Visitas VALUES (000105, 01, 2011-05-07, 0);
INSERT INTO Visitas VALUES (000106, 15, 2011-05-16, 3);
INSERT INTO Visitas VALUES (000106, 11, 2011-05-18, 2);
INSERT INTO Visitas VALUES (000106, 09, 2011-05-16, NULL);
INSERT INTO Visitas VALUES (000106, 10, 2011-05-16, 5);
INSERT INTO Visitas VALUES (000106, 13, 2011-05-18, 2);
INSERT INTO Visitas VALUES (000106, 08, 2011-05-16, 0);
INSERT INTO Visitas VALUES (000107, 13, 2012-09-10, 5);
INSERT INTO Visitas VALUES (000108, 07, 2014-02-23, 4);
INSERT INTO Visitas VALUES (000108, 04, 2014-02-24, NULL);
INSERT INTO Visitas VALUES (000108, 10, 2014-02-26, 5);
INSERT INTO Visitas VALUES (000108, 09, 2014-02-24, NULL);
INSERT INTO Visitas VALUES (000108, 14, 2014-02-27, NULL);
INSERT INTO Visitas VALUES (000108, 12, 2014-02-24, 5);
INSERT INTO Visitas VALUES (000108, 03, 2014-02-27, 0);
INSERT INTO Visitas VALUES (000109, 05, 2011-04-06, 5);
INSERT INTO Visitas VALUES (000109, 12, 2011-04-07, NULL);
INSERT INTO Visitas VALUES (000109, 03, 2011-04-07, 1);
INSERT INTO Visitas VALUES (000109, 08, 2011-04-07, 2);
INSERT INTO Visitas VALUES (000109, 10, 2011-04-05, 2);
INSERT INTO Visitas VALUES (000109, 15, 2011-04-06, NULL);
INSERT INTO Visitas VALUES (000109, 01, 2011-04-07, 5);
INSERT INTO Visitas VALUES (000111, 07, 2011-01-11, 3);
INSERT INTO Visitas VALUES (000112, 01, 2015-10-18, NULL);
INSERT INTO Visitas VALUES (000112, 09, 2015-10-17, 5);
INSERT INTO Visitas VALUES (000112, 14, 2015-10-17, NULL);
INSERT INTO Visitas VALUES (000112, 12, 2015-10-18, 1);
INSERT INTO Visitas VALUES (000112, 03, 2015-10-18, 1);
INSERT INTO Visitas VALUES (000112, 11, 2015-10-18, 5);
INSERT INTO Visitas VALUES (000112, 06, 2015-10-17, 4);
INSERT INTO Visitas VALUES (000113, 01, 2017-07-01, 1);
INSERT INTO Visitas VALUES (000113, 03, 2017-07-04, 4);
INSERT INTO Visitas VALUES (000113, 13, 2017-07-06, 2);
INSERT INTO Visitas VALUES (000113, 15, 2017-07-02, NULL);
INSERT INTO Visitas VALUES (000113, 10, 2017-07-02, 5);
INSERT INTO Visitas VALUES (000113, 09, 2017-07-04, NULL);
INSERT INTO Visitas VALUES (000113, 05, 2017-07-04, 2);
INSERT INTO Visitas VALUES (000115, 11, 2014-03-15, 0);
INSERT INTO Visitas VALUES (000115, 12, 2014-03-15, NULL);
INSERT INTO Visitas VALUES (000115, 06, 2014-03-14, 0);
INSERT INTO Visitas VALUES (000115, 13, 2014-03-14, 2);
INSERT INTO Visitas VALUES (000115, 02, 2014-03-14, 4);
INSERT INTO Visitas VALUES (000115, 10, 2014-03-15, 5);
INSERT INTO Visitas VALUES (000115, 15, 2014-03-15, 4);
INSERT INTO Visitas VALUES (000116, 05, 2015-10-21, 5);
INSERT INTO Visitas VALUES (000116, 04, 2015-10-18, 3);
INSERT INTO Visitas VALUES (000116, 06, 2015-10-19, 0);
INSERT INTO Visitas VALUES (000116, 03, 2015-10-17, 5);
INSERT INTO Visitas VALUES (000116, 10, 2015-10-19, 5);
INSERT INTO Visitas VALUES (000116, 08, 2015-10-22, NULL);
INSERT INTO Visitas VALUES (000116, 13, 2015-10-22, 3);
INSERT INTO Visitas VALUES (000117, 12, 2015-03-07, 5);
INSERT INTO Visitas VALUES (000117, 15, 2015-03-06, 2);
INSERT INTO Visitas VALUES (000117, 14, 2015-03-07, NULL);
INSERT INTO Visitas VALUES (000117, 05, 2015-03-07, 0);
INSERT INTO Visitas VALUES (000117, 02, 2015-03-07, 5);
INSERT INTO Visitas VALUES (000117, 13, 2015-03-06, 2);
INSERT INTO Visitas VALUES (000118, 15, 2017-01-01, 4);
INSERT INTO Visitas VALUES (000118, 05, 2017-01-02, 1);
INSERT INTO Visitas VALUES (000118, 01, 2017-01-01, 0);
INSERT INTO Visitas VALUES (000118, 08, 2017-01-01, NULL);
INSERT INTO Visitas VALUES (000118, 09, 2017-01-02, 4);
INSERT INTO Visitas VALUES (000120, 14, 2013-06-16, 3);
INSERT INTO Visitas VALUES (000120, 10, 2013-06-16, NULL);
INSERT INTO Visitas VALUES (000120, 04, 2013-06-16, NULL);
INSERT INTO Visitas VALUES (000120, 03, 2013-06-20, NULL);
INSERT INTO Visitas VALUES (000121, 05, 2010-10-24, 3);
INSERT INTO Visitas VALUES (000121, 04, 2010-10-25, 5);
INSERT INTO Visitas VALUES (000123, 01, 2014-01-08, 0);
INSERT INTO Visitas VALUES (000123, 05, 2014-01-04, 2);
INSERT INTO Visitas VALUES (000123, 02, 2014-01-07, 5);
INSERT INTO Visitas VALUES (000123, 06, 2014-01-04, NULL);
INSERT INTO Visitas VALUES (000123, 07, 2014-01-05, 4);
INSERT INTO Visitas VALUES (000123, 11, 2014-01-04, 5);
INSERT INTO Visitas VALUES (000124, 06, 2015-06-03, NULL);
INSERT INTO Visitas VALUES (000124, 10, 2015-06-02, 1);
INSERT INTO Visitas VALUES (000124, 09, 2015-06-03, 4);
INSERT INTO Visitas VALUES (000124, 12, 2015-06-03, 4);
INSERT INTO Visitas VALUES (000127, 01, 2010-02-04, NULL);
INSERT INTO Visitas VALUES (000127, 06, 2010-02-03, 1);
INSERT INTO Visitas VALUES (000127, 09, 2010-02-03, 2);
INSERT INTO Visitas VALUES (000127, 11, 2010-02-02, 2);
INSERT INTO Visitas VALUES (000127, 05, 2010-02-02, 0);
INSERT INTO Visitas VALUES (000127, 15, 2010-02-03, 5);
INSERT INTO Visitas VALUES (000127, 10, 2010-02-03, 0);
INSERT INTO Visitas VALUES (000129, 08, 2012-03-17, 1);
INSERT INTO Visitas VALUES (000129, 03, 2012-03-19, NULL);
INSERT INTO Visitas VALUES (000129, 06, 2012-03-19, NULL);
INSERT INTO Visitas VALUES (000131, 04, 2011-09-18, 2);
INSERT INTO Visitas VALUES (000131, 15, 2011-09-19, 1);
INSERT INTO Visitas VALUES (000131, 13, 2011-09-18, 0);
INSERT INTO Visitas VALUES (000131, 08, 2011-09-16, 1);
INSERT INTO Visitas VALUES (000131, 03, 2011-09-20, NULL);
INSERT INTO Visitas VALUES (000133, 13, 2012-02-10, 1);
INSERT INTO Visitas VALUES (000133, 05, 2012-02-08, 1);
INSERT INTO Visitas VALUES (000133, 01, 2012-02-09, 3);
INSERT INTO Visitas VALUES (000133, 09, 2012-02-09, NULL);
INSERT INTO Visitas VALUES (000133, 08, 2012-02-10, 0);
INSERT INTO Visitas VALUES (000133, 15, 2012-02-05, 0);
INSERT INTO Visitas VALUES (000133, 03, 2012-02-08, NULL);
INSERT INTO Visitas VALUES (000133, 04, 2012-02-06, NULL);
INSERT INTO Visitas VALUES (000135, 01, 2013-01-13, 1);
INSERT INTO Visitas VALUES (000135, 08, 2013-01-12, 4);
INSERT INTO Visitas VALUES (000135, 04, 2013-01-10, 4);
INSERT INTO Visitas VALUES (000135, 02, 2013-01-14, 2);
INSERT INTO Visitas VALUES (000135, 13, 2013-01-14, 0);
INSERT INTO Visitas VALUES (000135, 15, 2013-01-10, 0);
INSERT INTO Visitas VALUES (000137, 09, 2016-04-14, 3);
INSERT INTO Visitas VALUES (000137, 06, 2016-04-15, 2);
INSERT INTO Visitas VALUES (000137, 11, 2016-04-13, 2);
INSERT INTO Visitas VALUES (000137, 07, 2016-04-14, 2);
INSERT INTO Visitas VALUES (000137, 01, 2016-04-16, NULL);
INSERT INTO Visitas VALUES (000137, 08, 2016-04-14, 2);
INSERT INTO Visitas VALUES (000137, 04, 2016-04-15, 0);
INSERT INTO Visitas VALUES (000139, 06, 2015-05-14, 5);
INSERT INTO Visitas VALUES (000139, 01, 2015-05-16, NULL);
INSERT INTO Visitas VALUES (000139, 07, 2015-05-15, 5);
INSERT INTO Visitas VALUES (000139, 11, 2015-05-14, NULL);
INSERT INTO Visitas VALUES (000139, 14, 2015-05-16, 3);
INSERT INTO Visitas VALUES (000139, 04, 2015-05-16, 1);
INSERT INTO Visitas VALUES (000139, 08, 2015-05-14, 5);
INSERT INTO Visitas VALUES (000139, 09, 2015-05-16, 0);
INSERT INTO Visitas VALUES (000141, 09, 2010-11-06, 5);
INSERT INTO Visitas VALUES (000141, 07, 2010-11-05, NULL);
INSERT INTO Visitas VALUES (000141, 15, 2010-11-06, 4);
INSERT INTO Visitas VALUES (000141, 12, 2010-11-06, 4);
INSERT INTO Visitas VALUES (000141, 01, 2010-11-05, 4);
INSERT INTO Visitas VALUES (000141, 08, 2010-11-06, NULL);
INSERT INTO Visitas VALUES (000141, 04, 2010-11-06, 2);
INSERT INTO Visitas VALUES (000142, 13, 2012-09-21, 4);
INSERT INTO Visitas VALUES (000142, 15, 2012-09-21, 4);
INSERT INTO Visitas VALUES (000142, 11, 2012-09-21, 5);
INSERT INTO Visitas VALUES (000142, 05, 2012-09-21, 3);
INSERT INTO Visitas VALUES (000142, 09, 2012-09-23, 0);
INSERT INTO Visitas VALUES (000142, 02, 2012-09-21, 1);
INSERT INTO Visitas VALUES (000142, 14, 2012-09-20, 1);
INSERT INTO Visitas VALUES (000143, 05, 2015-04-21, 3);
INSERT INTO Visitas VALUES (000143, 10, 2015-04-22, 1);
INSERT INTO Visitas VALUES (000143, 04, 2015-04-22, NULL);
INSERT INTO Visitas VALUES (000143, 07, 2015-04-22, 2);
INSERT INTO Visitas VALUES (000143, 15, 2015-04-20, NULL);
INSERT INTO Visitas VALUES (000143, 06, 2015-04-20, 3);
INSERT INTO Visitas VALUES (000143, 01, 2015-04-20, NULL);
INSERT INTO Visitas VALUES (000144, 03, 2016-07-03, 5);
INSERT INTO Visitas VALUES (000144, 05, 2016-07-04, 3);
INSERT INTO Visitas VALUES (000144, 07, 2016-07-03, NULL);
INSERT INTO Visitas VALUES (000144, 12, 2016-07-04, NULL);
INSERT INTO Visitas VALUES (000144, 11, 2016-07-05, 2);
INSERT INTO Visitas VALUES (000145, 02, 2013-06-24, 4);
INSERT INTO Visitas VALUES (000145, 08, 2013-06-23, 3);
INSERT INTO Visitas VALUES (000145, 01, 2013-06-23, 0);
INSERT INTO Visitas VALUES (000145, 10, 2013-06-24, 2);
INSERT INTO Visitas VALUES (000145, 11, 2013-06-25, 5);
INSERT INTO Visitas VALUES (000145, 15, 2013-06-23, 1);
INSERT INTO Visitas VALUES (000145, 13, 2013-06-25, 4);
INSERT INTO Visitas VALUES (000145, 14, 2013-06-25, 5);
INSERT INTO Visitas VALUES (000146, 07, 2013-07-08, 0);
INSERT INTO Visitas VALUES (000146, 04, 2013-07-10, 2);
INSERT INTO Visitas VALUES (000146, 13, 2013-07-10, NULL);
INSERT INTO Visitas VALUES (000146, 11, 2013-07-07, 3);
INSERT INTO Visitas VALUES (000146, 09, 2013-07-07, NULL);
INSERT INTO Visitas VALUES (000146, 02, 2013-07-08, 4);
INSERT INTO Visitas VALUES (000146, 08, 2013-07-07, NULL);
INSERT INTO Visitas VALUES (000146, 06, 2013-07-07, 5);
INSERT INTO Visitas VALUES (000147, 13, 2017-03-02, 2);
INSERT INTO Visitas VALUES (000147, 02, 2017-03-02, 3);
INSERT INTO Visitas VALUES (000147, 06, 2017-03-02, 1);
INSERT INTO Visitas VALUES (000147, 11, 2017-03-01, 5);
INSERT INTO Visitas VALUES (000147, 09, 2017-03-02, 2);
INSERT INTO Visitas VALUES (000148, 10, 2013-02-03, NULL);
INSERT INTO Visitas VALUES (000148, 15, 2013-02-01, 5);
INSERT INTO Visitas VALUES (000148, 04, 2013-02-04, NULL);
INSERT INTO Visitas VALUES (000148, 03, 2013-02-02, 2);
INSERT INTO Visitas VALUES (000148, 14, 2013-02-04, 0);
INSERT INTO Visitas VALUES (000148, 09, 2013-02-01, NULL);
INSERT INTO Visitas VALUES (000148, 07, 2013-02-02, 5);
INSERT INTO Visitas VALUES (000148, 02, 2013-02-01, 3);
INSERT INTO Visitas VALUES (000149, 15, 2011-03-15, 4);
INSERT INTO Visitas VALUES (000149, 06, 2011-03-15, 2);
INSERT INTO Visitas VALUES (000149, 12, 2011-03-15, 4);
INSERT INTO Visitas VALUES (000149, 14, 2011-03-15, NULL);
INSERT INTO Visitas VALUES (000149, 08, 2011-03-14, 0);
INSERT INTO Visitas VALUES (000149, 05, 2011-03-15, 5);

INSERT INTO Mes VALUES (001, 'Janeiro', 2010);
INSERT INTO Mes VALUES (002, 'Fevereiro', 2010);
INSERT INTO Mes VALUES (003, 'Março', 2010);
INSERT INTO Mes VALUES (004, 'Abril', 2010);
INSERT INTO Mes VALUES (005, 'Maio', 2010);
INSERT INTO Mes VALUES (006, 'Junho', 2010);
INSERT INTO Mes VALUES (007, 'Julho', 2010);
INSERT INTO Mes VALUES (008, 'Agosto', 2010);
INSERT INTO Mes VALUES (009, 'Setembro', 2010);
INSERT INTO Mes VALUES (010, 'Outubro', 2010);
INSERT INTO Mes VALUES (011, 'Novembro', 2010);
INSERT INTO Mes VALUES (012, 'Dezembro', 2010);
INSERT INTO Mes VALUES (013, 'Janeiro', 2011);
INSERT INTO Mes VALUES (014, 'Fevereiro', 2011);
INSERT INTO Mes VALUES (015, 'Março', 2011);
INSERT INTO Mes VALUES (016, 'Abril', 2011);
INSERT INTO Mes VALUES (017, 'Maio', 2011);
INSERT INTO Mes VALUES (018, 'Junho', 2011);
INSERT INTO Mes VALUES (019, 'Julho', 2011);
INSERT INTO Mes VALUES (020, 'Agosto', 2011);
INSERT INTO Mes VALUES (021, 'Setembro', 2011);
INSERT INTO Mes VALUES (022, 'Outubro', 2011);
INSERT INTO Mes VALUES (023, 'Novembro', 2011);
INSERT INTO Mes VALUES (024, 'Dezembro', 2011);
INSERT INTO Mes VALUES (025, 'Janeiro', 2012);
INSERT INTO Mes VALUES (026, 'Fevereiro', 2012);
INSERT INTO Mes VALUES (027, 'Março', 2012);
INSERT INTO Mes VALUES (028, 'Abril', 2012);
INSERT INTO Mes VALUES (029, 'Maio', 2012);
INSERT INTO Mes VALUES (030, 'Junho', 2012);
INSERT INTO Mes VALUES (031, 'Julho', 2012);
INSERT INTO Mes VALUES (032, 'Agosto', 2012);
INSERT INTO Mes VALUES (033, 'Setembro', 2012);
INSERT INTO Mes VALUES (034, 'Outubro', 2012);
INSERT INTO Mes VALUES (035, 'Novembro', 2012);
INSERT INTO Mes VALUES (036, 'Dezembro', 2012);
INSERT INTO Mes VALUES (037, 'Janeiro', 2013);
INSERT INTO Mes VALUES (038, 'Fevereiro', 2013);
INSERT INTO Mes VALUES (039, 'Março', 2013);
INSERT INTO Mes VALUES (040, 'Abril', 2013);
INSERT INTO Mes VALUES (041, 'Maio', 2013);
INSERT INTO Mes VALUES (042, 'Junho', 2013);
INSERT INTO Mes VALUES (043, 'Julho', 2013);
INSERT INTO Mes VALUES (044, 'Agosto', 2013);
INSERT INTO Mes VALUES (045, 'Setembro', 2013);
INSERT INTO Mes VALUES (046, 'Outubro', 2013);
INSERT INTO Mes VALUES (047, 'Novembro', 2013);
INSERT INTO Mes VALUES (048, 'Dezembro', 2013);
INSERT INTO Mes VALUES (049, 'Janeiro', 2014);
INSERT INTO Mes VALUES (050, 'Fevereiro', 2014);
INSERT INTO Mes VALUES (051, 'Março', 2014);
INSERT INTO Mes VALUES (052, 'Abril', 2014);
INSERT INTO Mes VALUES (053, 'Maio', 2014);
INSERT INTO Mes VALUES (054, 'Junho', 2014);
INSERT INTO Mes VALUES (055, 'Julho', 2014);
INSERT INTO Mes VALUES (056, 'Agosto', 2014);
INSERT INTO Mes VALUES (057, 'Setembro', 2014);
INSERT INTO Mes VALUES (058, 'Outubro', 2014);
INSERT INTO Mes VALUES (059, 'Novembro', 2014);
INSERT INTO Mes VALUES (060, 'Dezembro', 2014);
INSERT INTO Mes VALUES (061, 'Janeiro', 2015);
INSERT INTO Mes VALUES (062, 'Fevereiro', 2015);
INSERT INTO Mes VALUES (063, 'Março', 2015);
INSERT INTO Mes VALUES (064, 'Abril', 2015);
INSERT INTO Mes VALUES (065, 'Maio', 2015);
INSERT INTO Mes VALUES (066, 'Junho', 2015);
INSERT INTO Mes VALUES (067, 'Julho', 2015);
INSERT INTO Mes VALUES (068, 'Agosto', 2015);
INSERT INTO Mes VALUES (069, 'Setembro', 2015);
INSERT INTO Mes VALUES (070, 'Outubro', 2015);
INSERT INTO Mes VALUES (071, 'Novembro', 2015);
INSERT INTO Mes VALUES (072, 'Dezembro', 2015);
INSERT INTO Mes VALUES (073, 'Janeiro', 2016);
INSERT INTO Mes VALUES (074, 'Fevereiro', 2016);
INSERT INTO Mes VALUES (075, 'Março', 2016);
INSERT INTO Mes VALUES (076, 'Abril', 2016);
INSERT INTO Mes VALUES (077, 'Maio', 2016);
INSERT INTO Mes VALUES (078, 'Junho', 2016);
INSERT INTO Mes VALUES (079, 'Julho', 2016);
INSERT INTO Mes VALUES (080, 'Agosto', 2016);
INSERT INTO Mes VALUES (081, 'Setembro', 2016);
INSERT INTO Mes VALUES (082, 'Outubro', 2016);
INSERT INTO Mes VALUES (083, 'Novembro', 2016);
INSERT INTO Mes VALUES (084, 'Dezembro', 2016);
INSERT INTO Mes VALUES (085, 'Janeiro', 2017);
INSERT INTO Mes VALUES (086, 'Fevereiro', 2017);
INSERT INTO Mes VALUES (087, 'Março', 2017);
INSERT INTO Mes VALUES (088, 'Abril', 2017);
INSERT INTO Mes VALUES (089, 'Maio', 2017);
INSERT INTO Mes VALUES (090, 'Junho', 2017);
INSERT INTO Mes VALUES (091, 'Julho', 2017);
INSERT INTO Mes VALUES (092, 'Agosto', 2017);
INSERT INTO Mes VALUES (093, 'Setembro', 2017);
INSERT INTO Mes VALUES (094, 'Outubro', 2017);
INSERT INTO Mes VALUES (095, 'Novembro', 2017);
INSERT INTO Mes VALUES (096, 'Dezembro', 2017);
INSERT INTO Mes VALUES (097, 'Janeiro', 2018);
INSERT INTO Mes VALUES (098, 'Fevereiro', 2018);
INSERT INTO Mes VALUES (099, 'Março', 2018);
INSERT INTO Mes VALUES (100, 'Abril', 2018);
INSERT INTO Mes VALUES (101, 'Maio', 2018);
INSERT INTO Mes VALUES (102, 'Junho', 2018);
INSERT INTO Mes VALUES (103, 'Julho', 2018);
INSERT INTO Mes VALUES (104, 'Agosto', 2018);
INSERT INTO Mes VALUES (105, 'Setembro', 2018);
INSERT INTO Mes VALUES (106, 'Outubro', 2018);
INSERT INTO Mes VALUES (107, 'Novembro', 2018);
INSERT INTO Mes VALUES (108, 'Dezembro', 2018);

INSERT INTO RegistoPagamentos VALUES (049, 000002, 6, 946, NULL);
INSERT INTO RegistoPagamentos VALUES (050, 000002, 11, 1166, NULL);
INSERT INTO RegistoPagamentos VALUES (051, 000002, 12, 1116, NULL);
INSERT INTO RegistoPagamentos VALUES (052, 000002, 13, 0, NULL);
INSERT INTO RegistoPagamentos VALUES (053, 000002, 18, 1320, NULL);
INSERT INTO RegistoPagamentos VALUES (054, 000002, 4, 1063, NULL);
INSERT INTO RegistoPagamentos VALUES (055, 000002, 0, 1168, NULL);
INSERT INTO RegistoPagamentos VALUES (025, 000005, 11, 811, NULL);
INSERT INTO RegistoPagamentos VALUES (026, 000005, 16, 0, NULL);
INSERT INTO RegistoPagamentos VALUES (027, 000005, 12, 1146, NULL);
INSERT INTO RegistoPagamentos VALUES (028, 000005, 2, 888, NULL);
INSERT INTO RegistoPagamentos VALUES (029, 000005, 15, 0, NULL);
INSERT INTO RegistoPagamentos VALUES (030, 000005, 6, 911, NULL);
INSERT INTO RegistoPagamentos VALUES (031, 000005, 18, 0, NULL);
INSERT INTO RegistoPagamentos VALUES (032, 000005, 3, 1762, NULL);
INSERT INTO RegistoPagamentos VALUES (033, 000005, 9, 1707, NULL);
INSERT INTO RegistoPagamentos VALUES (034, 000005, 0, 1814, NULL);
INSERT INTO RegistoPagamentos VALUES (037, 000007, 8, 1476, NULL);
INSERT INTO RegistoPagamentos VALUES (038, 000007, 1, 1605, NULL);
INSERT INTO RegistoPagamentos VALUES (039, 000007, 4, 0, NULL);
INSERT INTO RegistoPagamentos VALUES (040, 000007, 11, 1396, NULL);
INSERT INTO RegistoPagamentos VALUES (041, 000007, 18, 739, NULL);
INSERT INTO RegistoPagamentos VALUES (042, 000007, 0, 1229, NULL);
INSERT INTO RegistoPagamentos VALUES (043, 000007, 10, 1891, NULL);
INSERT INTO RegistoPagamentos VALUES (001, 000013, 16, 1831, NULL);
INSERT INTO RegistoPagamentos VALUES (002, 000013, 9, 932, NULL);
INSERT INTO RegistoPagamentos VALUES (003, 000013, 14, 627, NULL);
INSERT INTO RegistoPagamentos VALUES (004, 000013, 0, 0, NULL);
INSERT INTO RegistoPagamentos VALUES (005, 000013, 5, 0, NULL);
INSERT INTO RegistoPagamentos VALUES (006, 000013, 17, 1646, NULL);
INSERT INTO RegistoPagamentos VALUES (007, 000013, 7, 1223, NULL);
INSERT INTO RegistoPagamentos VALUES (008, 000013, 14, 0, NULL);
INSERT INTO RegistoPagamentos VALUES (009, 000013, 6, 547, NULL);
INSERT INTO RegistoPagamentos VALUES (010, 000013, 8, 1513, NULL);
INSERT INTO RegistoPagamentos VALUES (011, 000013, 19, 1929, NULL);
INSERT INTO RegistoPagamentos VALUES (012, 000013, 3, 743, NULL);
INSERT INTO RegistoPagamentos VALUES (037, 000015, 3, 0, NULL);
INSERT INTO RegistoPagamentos VALUES (038, 000015, 4, 571, NULL);
INSERT INTO RegistoPagamentos VALUES (039, 000015, 10, 1763, NULL);
INSERT INTO RegistoPagamentos VALUES (040, 000015, 17, 0, NULL);
INSERT INTO RegistoPagamentos VALUES (041, 000015, 1, 0, NULL);
INSERT INTO RegistoPagamentos VALUES (042, 000015, 6, 0, NULL);
INSERT INTO RegistoPagamentos VALUES (043, 000015, 12, 0, NULL);
INSERT INTO RegistoPagamentos VALUES (061, 000017, 4, 1007, NULL);
INSERT INTO RegistoPagamentos VALUES (062, 000017, 16, 1834, NULL);
INSERT INTO RegistoPagamentos VALUES (063, 000017, 6, 0, NULL);
INSERT INTO RegistoPagamentos VALUES (064, 000017, 11, 0, NULL);
INSERT INTO RegistoPagamentos VALUES (065, 000017, 5, 964, NULL);
INSERT INTO RegistoPagamentos VALUES (066, 000017, 19, 885, NULL);
INSERT INTO RegistoPagamentos VALUES (073, 000025, 12, 1677, NULL);
INSERT INTO RegistoPagamentos VALUES (074, 000025, 14, 1593, NULL);
INSERT INTO RegistoPagamentos VALUES (075, 000025, 12, 982, NULL);
INSERT INTO RegistoPagamentos VALUES (076, 000025, 18, 1526, NULL);
INSERT INTO RegistoPagamentos VALUES (077, 000025, 16, 599, NULL);
INSERT INTO RegistoPagamentos VALUES (078, 000025, 8, 755, NULL);
INSERT INTO RegistoPagamentos VALUES (013, 000032, 2, 1621, NULL);
INSERT INTO RegistoPagamentos VALUES (014, 000032, 0, 1717, NULL);
INSERT INTO RegistoPagamentos VALUES (015, 000032, 3, 0, NULL);
INSERT INTO RegistoPagamentos VALUES (016, 000032, 1, 0, NULL);
INSERT INTO RegistoPagamentos VALUES (017, 000032, 6, 515, NULL);
INSERT INTO RegistoPagamentos VALUES (018, 000032, 2, 1918, NULL);
INSERT INTO RegistoPagamentos VALUES (019, 000032, 10, 749, NULL);
INSERT INTO RegistoPagamentos VALUES (037, 000040, 7, 969, NULL);
INSERT INTO RegistoPagamentos VALUES (038, 000040, 17, 0, NULL);
INSERT INTO RegistoPagamentos VALUES (039, 000040, 1, 0, NULL);
INSERT INTO RegistoPagamentos VALUES (040, 000040, 13, 562, NULL);
INSERT INTO RegistoPagamentos VALUES (041, 000040, 0, 1200, NULL);
INSERT INTO RegistoPagamentos VALUES (042, 000040, 3, 1741, NULL);
INSERT INTO RegistoPagamentos VALUES (043, 000040, 5, 0, NULL);
INSERT INTO RegistoPagamentos VALUES (044, 000040, 1, 1670, NULL);
INSERT INTO RegistoPagamentos VALUES (013, 000041, 8, 584, NULL);
INSERT INTO RegistoPagamentos VALUES (014, 000041, 1, 516, NULL);
INSERT INTO RegistoPagamentos VALUES (015, 000041, 7, 0, NULL);
INSERT INTO RegistoPagamentos VALUES (016, 000041, 19, 564, NULL);
INSERT INTO RegistoPagamentos VALUES (017, 000041, 17, 605, NULL);
INSERT INTO RegistoPagamentos VALUES (018, 000041, 2, 1828, NULL);
INSERT INTO RegistoPagamentos VALUES (019, 000041, 19, 1197, NULL);
INSERT INTO RegistoPagamentos VALUES (020, 000041, 15, 0, NULL);
INSERT INTO RegistoPagamentos VALUES (021, 000041, 6, 1930, NULL);
INSERT INTO RegistoPagamentos VALUES (025, 000044, 1, 780, NULL);
INSERT INTO RegistoPagamentos VALUES (026, 000044, 1, 0, NULL);
INSERT INTO RegistoPagamentos VALUES (027, 000044, 7, 0, NULL);
INSERT INTO RegistoPagamentos VALUES (028, 000044, 11, 0, NULL);
INSERT INTO RegistoPagamentos VALUES (029, 000044, 8, 1544, NULL);
INSERT INTO RegistoPagamentos VALUES (030, 000044, 15, 699, NULL);
INSERT INTO RegistoPagamentos VALUES (031, 000044, 13, 1841, NULL);
INSERT INTO RegistoPagamentos VALUES (032, 000044, 5, 572, NULL);
INSERT INTO RegistoPagamentos VALUES (073, 000045, 17, 0, NULL);
INSERT INTO RegistoPagamentos VALUES (074, 000045, 10, 605, NULL);
INSERT INTO RegistoPagamentos VALUES (075, 000045, 19, 767, NULL);
INSERT INTO RegistoPagamentos VALUES (076, 000045, 16, 0, NULL);
INSERT INTO RegistoPagamentos VALUES (077, 000045, 2, 806, NULL);
INSERT INTO RegistoPagamentos VALUES (078, 000045, 11, 0, NULL);
INSERT INTO RegistoPagamentos VALUES (037, 000046, 4, 605, NULL);
INSERT INTO RegistoPagamentos VALUES (038, 000046, 6, 1755, NULL);
INSERT INTO RegistoPagamentos VALUES (039, 000046, 16, 1711, NULL);
INSERT INTO RegistoPagamentos VALUES (040, 000046, 1, 542, NULL);
INSERT INTO RegistoPagamentos VALUES (041, 000046, 10, 683, NULL);
INSERT INTO RegistoPagamentos VALUES (042, 000046, 15, 1543, NULL);
INSERT INTO RegistoPagamentos VALUES (043, 000046, 2, 1494, NULL);
INSERT INTO RegistoPagamentos VALUES (044, 000046, 19, 1298, NULL);
INSERT INTO RegistoPagamentos VALUES (045, 000046, 3, 1234, NULL);
INSERT INTO RegistoPagamentos VALUES (061, 000048, 5, 0, NULL);
INSERT INTO RegistoPagamentos VALUES (062, 000048, 1, 1022, NULL);
INSERT INTO RegistoPagamentos VALUES (063, 000048, 15, 1435, NULL);
INSERT INTO RegistoPagamentos VALUES (013, 000049, 10, 0, NULL);
INSERT INTO RegistoPagamentos VALUES (014, 000049, 15, 1877, NULL);
INSERT INTO RegistoPagamentos VALUES (015, 000049, 4, 1885, NULL);
INSERT INTO RegistoPagamentos VALUES (016, 000049, 18, 1276, NULL);
INSERT INTO RegistoPagamentos VALUES (017, 000049, 16, 1405, NULL);
INSERT INTO RegistoPagamentos VALUES (018, 000049, 4, 1024, NULL);
INSERT INTO RegistoPagamentos VALUES (019, 000049, 2, 1746, NULL);
INSERT INTO RegistoPagamentos VALUES (020, 000049, 19, 0, NULL);
INSERT INTO RegistoPagamentos VALUES (049, 000054, 4, 1786, NULL);
INSERT INTO RegistoPagamentos VALUES (050, 000054, 9, 539, NULL);
INSERT INTO RegistoPagamentos VALUES (051, 000054, 14, 1312, NULL);
INSERT INTO RegistoPagamentos VALUES (052, 000054, 16, 0, NULL);
INSERT INTO RegistoPagamentos VALUES (053, 000054, 5, 0, NULL);
INSERT INTO RegistoPagamentos VALUES (054, 000054, 7, 0, NULL);
INSERT INTO RegistoPagamentos VALUES (037, 000056, 16, 615, NULL);
INSERT INTO RegistoPagamentos VALUES (038, 000056, 14, 0, NULL);
INSERT INTO RegistoPagamentos VALUES (039, 000056, 4, 1932, NULL);
INSERT INTO RegistoPagamentos VALUES (040, 000056, 4, 0, NULL);
INSERT INTO RegistoPagamentos VALUES (041, 000056, 11, 846, NULL);
INSERT INTO RegistoPagamentos VALUES (042, 000056, 3, 831, NULL);
INSERT INTO RegistoPagamentos VALUES (073, 000059, 7, 552, NULL);
INSERT INTO RegistoPagamentos VALUES (074, 000059, 8, 0, NULL);
INSERT INTO RegistoPagamentos VALUES (075, 000059, 15, 856, NULL);
INSERT INTO RegistoPagamentos VALUES (001, 000060, 2, 1576, NULL);
INSERT INTO RegistoPagamentos VALUES (002, 000060, 9, 1660, NULL);
INSERT INTO RegistoPagamentos VALUES (003, 000060, 0, 1200, NULL);
INSERT INTO RegistoPagamentos VALUES (004, 000060, 13, 1388, NULL);
INSERT INTO RegistoPagamentos VALUES (005, 000060, 19, 0, NULL);
INSERT INTO RegistoPagamentos VALUES (006, 000060, 11, 1075, NULL);
INSERT INTO RegistoPagamentos VALUES (007, 000060, 2, 1724, NULL);
INSERT INTO RegistoPagamentos VALUES (008, 000060, 7, 589, NULL);
INSERT INTO RegistoPagamentos VALUES (009, 000060, 1, 1639, NULL);
INSERT INTO RegistoPagamentos VALUES (013, 000063, 6, 0, NULL);
INSERT INTO RegistoPagamentos VALUES (014, 000063, 15, 0, NULL);
INSERT INTO RegistoPagamentos VALUES (015, 000063, 8, 1105, NULL);
INSERT INTO RegistoPagamentos VALUES (016, 000063, 2, 560, NULL);
INSERT INTO RegistoPagamentos VALUES (017, 000063, 15, 760, NULL);
INSERT INTO RegistoPagamentos VALUES (018, 000063, 4, 0, NULL);
INSERT INTO RegistoPagamentos VALUES (019, 000063, 18, 0, NULL);
INSERT INTO RegistoPagamentos VALUES (073, 000064, 10, 1414, NULL);
INSERT INTO RegistoPagamentos VALUES (074, 000064, 15, 0, NULL);
INSERT INTO RegistoPagamentos VALUES (075, 000064, 1, 1897, NULL);
INSERT INTO RegistoPagamentos VALUES (076, 000064, 13, 920, NULL);
INSERT INTO RegistoPagamentos VALUES (077, 000064, 12, 1944, NULL);
INSERT INTO RegistoPagamentos VALUES (078, 000064, 13, 1757, NULL);
INSERT INTO RegistoPagamentos VALUES (037, 000065, 2, 1176, NULL);
INSERT INTO RegistoPagamentos VALUES (038, 000065, 3, 547, NULL);
INSERT INTO RegistoPagamentos VALUES (039, 000065, 11, 0, NULL);
INSERT INTO RegistoPagamentos VALUES (040, 000065, 9, 0, NULL);
INSERT INTO RegistoPagamentos VALUES (041, 000065, 11, 1594, NULL);
INSERT INTO RegistoPagamentos VALUES (042, 000065, 4, 1670, NULL);
INSERT INTO RegistoPagamentos VALUES (073, 000066, 7, 1242, NULL);
INSERT INTO RegistoPagamentos VALUES (074, 000066, 15, 1671, NULL);
INSERT INTO RegistoPagamentos VALUES (075, 000066, 12, 0, NULL);
INSERT INTO RegistoPagamentos VALUES (076, 000066, 11, 0, NULL);
INSERT INTO RegistoPagamentos VALUES (077, 000066, 1, 1406, NULL);
INSERT INTO RegistoPagamentos VALUES (078, 000066, 10, 822, NULL);
INSERT INTO RegistoPagamentos VALUES (025, 000069, 12, 1786, NULL);
INSERT INTO RegistoPagamentos VALUES (026, 000069, 5, 1085, NULL);
INSERT INTO RegistoPagamentos VALUES (027, 000069, 4, 0, NULL);
INSERT INTO RegistoPagamentos VALUES (028, 000069, 11, 0, NULL);
INSERT INTO RegistoPagamentos VALUES (029, 000069, 19, 1901, NULL);
INSERT INTO RegistoPagamentos VALUES (030, 000069, 18, 1013, NULL);
INSERT INTO RegistoPagamentos VALUES (037, 000070, 4, 989, NULL);
INSERT INTO RegistoPagamentos VALUES (038, 000070, 17, 911, NULL);
INSERT INTO RegistoPagamentos VALUES (039, 000070, 3, 1149, NULL);
INSERT INTO RegistoPagamentos VALUES (040, 000070, 18, 0, NULL);
INSERT INTO RegistoPagamentos VALUES (041, 000070, 13, 1473, NULL);
INSERT INTO RegistoPagamentos VALUES (042, 000070, 4, 0, NULL);
INSERT INTO RegistoPagamentos VALUES (043, 000070, 16, 1738, NULL);
INSERT INTO RegistoPagamentos VALUES (044, 000070, 15, 1814, NULL);
INSERT INTO RegistoPagamentos VALUES (045, 000070, 2, 667, NULL);
INSERT INTO RegistoPagamentos VALUES (073, 000076, 5, 1483, NULL);
INSERT INTO RegistoPagamentos VALUES (074, 000076, 7, 0, NULL);
INSERT INTO RegistoPagamentos VALUES (075, 000076, 16, 1276, NULL);
INSERT INTO RegistoPagamentos VALUES (076, 000076, 17, 1820, NULL);
INSERT INTO RegistoPagamentos VALUES (077, 000076, 7, 1114, NULL);
INSERT INTO RegistoPagamentos VALUES (061, 000077, 14, 657, NULL);
INSERT INTO RegistoPagamentos VALUES (062, 000077, 3, 930, NULL);
INSERT INTO RegistoPagamentos VALUES (063, 000077, 1, 1164, NULL);
INSERT INTO RegistoPagamentos VALUES (025, 000078, 2, 0, NULL);
INSERT INTO RegistoPagamentos VALUES (026, 000078, 11, 0, NULL);
INSERT INTO RegistoPagamentos VALUES (027, 000078, 11, 1050, NULL);
INSERT INTO RegistoPagamentos VALUES (028, 000078, 1, 1726, NULL);
INSERT INTO RegistoPagamentos VALUES (029, 000078, 11, 0, NULL);
INSERT INTO RegistoPagamentos VALUES (030, 000078, 19, 0, NULL);
INSERT INTO RegistoPagamentos VALUES (031, 000078, 2, 0, NULL);
INSERT INTO RegistoPagamentos VALUES (032, 000078, 14, 0, NULL);
INSERT INTO RegistoPagamentos VALUES (033, 000078, 3, 889, NULL);
INSERT INTO RegistoPagamentos VALUES (025, 000080, 5, 757, NULL);
INSERT INTO RegistoPagamentos VALUES (026, 000080, 4, 594, NULL);
INSERT INTO RegistoPagamentos VALUES (027, 000080, 8, 0, NULL);
INSERT INTO RegistoPagamentos VALUES (028, 000080, 11, 1571, NULL);
INSERT INTO RegistoPagamentos VALUES (029, 000080, 8, 536, NULL);
INSERT INTO RegistoPagamentos VALUES (030, 000080, 8, 1833, NULL);
INSERT INTO RegistoPagamentos VALUES (031, 000080, 7, 799, NULL);
INSERT INTO RegistoPagamentos VALUES (049, 000083, 8, 0, NULL);
INSERT INTO RegistoPagamentos VALUES (050, 000083, 4, 1531, NULL);
INSERT INTO RegistoPagamentos VALUES (051, 000083, 19, 1350, NULL);
INSERT INTO RegistoPagamentos VALUES (052, 000083, 1, 1204, NULL);
INSERT INTO RegistoPagamentos VALUES (053, 000083, 4, 1818, NULL);
INSERT INTO RegistoPagamentos VALUES (013, 000094, 13, 1528, NULL);
INSERT INTO RegistoPagamentos VALUES (014, 000094, 18, 1036, NULL);
INSERT INTO RegistoPagamentos VALUES (015, 000094, 1, 1823, NULL);
INSERT INTO RegistoPagamentos VALUES (016, 000094, 17, 658, NULL);
INSERT INTO RegistoPagamentos VALUES (017, 000094, 5, 0, NULL);
INSERT INTO RegistoPagamentos VALUES (018, 000094, 11, 0, NULL);
INSERT INTO RegistoPagamentos VALUES (019, 000094, 17, 772, NULL);
INSERT INTO RegistoPagamentos VALUES (020, 000094, 11, 644, NULL);
INSERT INTO RegistoPagamentos VALUES (061, 000095, 1, 1117, NULL);
INSERT INTO RegistoPagamentos VALUES (062, 000095, 12, 0, NULL);
INSERT INTO RegistoPagamentos VALUES (063, 000095, 8, 1408, NULL);
INSERT INTO RegistoPagamentos VALUES (025, 000099, 1, 591, NULL);
INSERT INTO RegistoPagamentos VALUES (026, 000099, 18, 0, NULL);
INSERT INTO RegistoPagamentos VALUES (027, 000099, 15, 1101, NULL);
INSERT INTO RegistoPagamentos VALUES (028, 000099, 7, 1592, NULL);
INSERT INTO RegistoPagamentos VALUES (029, 000099, 6, 1522, NULL);
INSERT INTO RegistoPagamentos VALUES (030, 000099, 17, 803, NULL);
INSERT INTO RegistoPagamentos VALUES (031, 000099, 2, 1582, NULL);
INSERT INTO RegistoPagamentos VALUES (032, 000099, 10, 835, NULL);
INSERT INTO RegistoPagamentos VALUES (033, 000099, 0, 0, NULL);
INSERT INTO RegistoPagamentos VALUES (073, 000100, 16, 1502, NULL);
INSERT INTO RegistoPagamentos VALUES (074, 000100, 8, 0, NULL);
INSERT INTO RegistoPagamentos VALUES (075, 000100, 9, 1469, NULL);
INSERT INTO RegistoPagamentos VALUES (049, 000101, 1, 656, NULL);
INSERT INTO RegistoPagamentos VALUES (050, 000101, 2, 1432, NULL);
INSERT INTO RegistoPagamentos VALUES (051, 000101, 1, 957, NULL);
INSERT INTO RegistoPagamentos VALUES (052, 000101, 4, 791, NULL);
INSERT INTO RegistoPagamentos VALUES (053, 000101, 19, 0, NULL);
INSERT INTO RegistoPagamentos VALUES (054, 000101, 18, 0, NULL);
INSERT INTO RegistoPagamentos VALUES (001, 000102, 4, 1436, NULL);
INSERT INTO RegistoPagamentos VALUES (002, 000102, 8, 1299, NULL);
INSERT INTO RegistoPagamentos VALUES (003, 000102, 13, 1612, NULL);
INSERT INTO RegistoPagamentos VALUES (004, 000102, 7, 782, NULL);
INSERT INTO RegistoPagamentos VALUES (005, 000102, 4, 604, NULL);
INSERT INTO RegistoPagamentos VALUES (006, 000102, 14, 1888, NULL);
INSERT INTO RegistoPagamentos VALUES (007, 000102, 14, 0, NULL);
INSERT INTO RegistoPagamentos VALUES (008, 000102, 16, 799, NULL);
INSERT INTO RegistoPagamentos VALUES (009, 000102, 1, 0, NULL);
INSERT INTO RegistoPagamentos VALUES (001, 000110, 2, 1838, NULL);
INSERT INTO RegistoPagamentos VALUES (002, 000110, 3, 643, NULL);
INSERT INTO RegistoPagamentos VALUES (003, 000110, 11, 1036, NULL);
INSERT INTO RegistoPagamentos VALUES (004, 000110, 11, 1702, NULL);
INSERT INTO RegistoPagamentos VALUES (005, 000110, 4, 712, NULL);
INSERT INTO RegistoPagamentos VALUES (006, 000110, 9, 1789, NULL);
INSERT INTO RegistoPagamentos VALUES (007, 000110, 2, 1556, NULL);
INSERT INTO RegistoPagamentos VALUES (008, 000110, 7, 718, NULL);
INSERT INTO RegistoPagamentos VALUES (001, 000114, 9, 558, NULL);
INSERT INTO RegistoPagamentos VALUES (002, 000114, 10, 0, NULL);
INSERT INTO RegistoPagamentos VALUES (003, 000114, 17, 1391, NULL);
INSERT INTO RegistoPagamentos VALUES (004, 000114, 0, 1246, NULL);
INSERT INTO RegistoPagamentos VALUES (005, 000114, 7, 914, NULL);
INSERT INTO RegistoPagamentos VALUES (006, 000114, 17, 740, NULL);
INSERT INTO RegistoPagamentos VALUES (007, 000114, 5, 981, NULL);
INSERT INTO RegistoPagamentos VALUES (008, 000114, 7, 1213, NULL);
INSERT INTO RegistoPagamentos VALUES (013, 000119, 8, 0, NULL);
INSERT INTO RegistoPagamentos VALUES (014, 000119, 6, 1660, NULL);
INSERT INTO RegistoPagamentos VALUES (015, 000119, 0, 1792, NULL);
INSERT INTO RegistoPagamentos VALUES (016, 000119, 9, 1782, NULL);
INSERT INTO RegistoPagamentos VALUES (017, 000119, 19, 0, NULL);
INSERT INTO RegistoPagamentos VALUES (018, 000119, 17, 974, NULL);
INSERT INTO RegistoPagamentos VALUES (019, 000119, 17, 1489, NULL);
INSERT INTO RegistoPagamentos VALUES (020, 000119, 19, 678, NULL);
INSERT INTO RegistoPagamentos VALUES (021, 000119, 9, 1139, NULL);
INSERT INTO RegistoPagamentos VALUES (049, 000122, 3, 571, NULL);
INSERT INTO RegistoPagamentos VALUES (050, 000122, 15, 1961, NULL);
INSERT INTO RegistoPagamentos VALUES (051, 000122, 3, 1675, NULL);
INSERT INTO RegistoPagamentos VALUES (052, 000122, 19, 1917, NULL);
INSERT INTO RegistoPagamentos VALUES (053, 000122, 12, 0, NULL);
INSERT INTO RegistoPagamentos VALUES (073, 000125, 0, 789, NULL);
INSERT INTO RegistoPagamentos VALUES (074, 000125, 8, 0, NULL);
INSERT INTO RegistoPagamentos VALUES (075, 000125, 1, 1885, NULL);
INSERT INTO RegistoPagamentos VALUES (076, 000125, 6, 1352, NULL);
INSERT INTO RegistoPagamentos VALUES (077, 000125, 17, 1834, NULL);
INSERT INTO RegistoPagamentos VALUES (001, 000126, 7, 1982, NULL);
INSERT INTO RegistoPagamentos VALUES (002, 000126, 0, 1352, NULL);
INSERT INTO RegistoPagamentos VALUES (003, 000126, 6, 0, NULL);
INSERT INTO RegistoPagamentos VALUES (004, 000126, 4, 1543, NULL);
INSERT INTO RegistoPagamentos VALUES (005, 000126, 4, 0, NULL);
INSERT INTO RegistoPagamentos VALUES (006, 000126, 16, 1461, NULL);
INSERT INTO RegistoPagamentos VALUES (007, 000126, 5, 565, NULL);
INSERT INTO RegistoPagamentos VALUES (008, 000126, 16, 0, NULL);
INSERT INTO RegistoPagamentos VALUES (009, 000126, 8, 742, NULL);
INSERT INTO RegistoPagamentos VALUES (010, 000126, 14, 1384, NULL);
INSERT INTO RegistoPagamentos VALUES (011, 000126, 11, 1387, NULL);
INSERT INTO RegistoPagamentos VALUES (025, 000128, 10, 0, NULL);
INSERT INTO RegistoPagamentos VALUES (026, 000128, 17, 1502, NULL);
INSERT INTO RegistoPagamentos VALUES (027, 000128, 14, 1773, NULL);
INSERT INTO RegistoPagamentos VALUES (028, 000128, 0, 658, NULL);
INSERT INTO RegistoPagamentos VALUES (029, 000128, 16, 0, NULL);
INSERT INTO RegistoPagamentos VALUES (030, 000128, 19, 1787, NULL);
INSERT INTO RegistoPagamentos VALUES (031, 000128, 3, 727, NULL);
INSERT INTO RegistoPagamentos VALUES (032, 000128, 3, 1603, NULL);
INSERT INTO RegistoPagamentos VALUES (033, 000128, 1, 501, NULL);
INSERT INTO RegistoPagamentos VALUES (001, 000130, 9, 517, NULL);
INSERT INTO RegistoPagamentos VALUES (002, 000130, 12, 0, NULL);
INSERT INTO RegistoPagamentos VALUES (003, 000130, 4, 0, NULL);
INSERT INTO RegistoPagamentos VALUES (004, 000130, 12, 1844, NULL);
INSERT INTO RegistoPagamentos VALUES (005, 000130, 18, 0, NULL);
INSERT INTO RegistoPagamentos VALUES (006, 000130, 10, 876, NULL);
INSERT INTO RegistoPagamentos VALUES (007, 000130, 18, 0, NULL);
INSERT INTO RegistoPagamentos VALUES (008, 000130, 9, 917, NULL);
INSERT INTO RegistoPagamentos VALUES (037, 000132, 7, 584, NULL);
INSERT INTO RegistoPagamentos VALUES (038, 000132, 15, 0, NULL);
INSERT INTO RegistoPagamentos VALUES (039, 000132, 0, 0, NULL);
INSERT INTO RegistoPagamentos VALUES (040, 000132, 10, 800, NULL);
INSERT INTO RegistoPagamentos VALUES (041, 000132, 14, 1178, NULL);
INSERT INTO RegistoPagamentos VALUES (042, 000132, 17, 1341, NULL);
INSERT INTO RegistoPagamentos VALUES (043, 000132, 5, 956, NULL);
INSERT INTO RegistoPagamentos VALUES (044, 000132, 10, 711, NULL);
INSERT INTO RegistoPagamentos VALUES (001, 000134, 2, 0, NULL);
INSERT INTO RegistoPagamentos VALUES (002, 000134, 3, 1688, NULL);
INSERT INTO RegistoPagamentos VALUES (003, 000134, 13, 0, NULL);
INSERT INTO RegistoPagamentos VALUES (004, 000134, 9, 880, NULL);
INSERT INTO RegistoPagamentos VALUES (005, 000134, 1, 1787, NULL);
INSERT INTO RegistoPagamentos VALUES (006, 000134, 11, 1342, NULL);
INSERT INTO RegistoPagamentos VALUES (007, 000134, 14, 1546, NULL);
INSERT INTO RegistoPagamentos VALUES (008, 000134, 7, 1857, NULL);
INSERT INTO RegistoPagamentos VALUES (009, 000134, 13, 1059, NULL);
INSERT INTO RegistoPagamentos VALUES (010, 000134, 16, 568, NULL);
INSERT INTO RegistoPagamentos VALUES (011, 000134, 9, 1500, NULL);
INSERT INTO RegistoPagamentos VALUES (012, 000134, 1, 717, NULL);
INSERT INTO RegistoPagamentos VALUES (073, 000136, 19, 1190, NULL);
INSERT INTO RegistoPagamentos VALUES (074, 000136, 0, 833, NULL);
INSERT INTO RegistoPagamentos VALUES (075, 000136, 0, 1607, NULL);
INSERT INTO RegistoPagamentos VALUES (076, 000136, 8, 1353, NULL);
INSERT INTO RegistoPagamentos VALUES (061, 000138, 15, 0, NULL);
INSERT INTO RegistoPagamentos VALUES (062, 000138, 5, 1605, NULL);
INSERT INTO RegistoPagamentos VALUES (063, 000138, 5, 749, NULL);
INSERT INTO RegistoPagamentos VALUES (064, 000138, 11, 1101, NULL);
INSERT INTO RegistoPagamentos VALUES (065, 000138, 11, 0, NULL);
INSERT INTO RegistoPagamentos VALUES (066, 000138, 4, 1331, NULL);
INSERT INTO RegistoPagamentos VALUES (025, 000140, 9, 1532, NULL);
INSERT INTO RegistoPagamentos VALUES (026, 000140, 16, 895, NULL);
INSERT INTO RegistoPagamentos VALUES (027, 000140, 1, 0, NULL);
INSERT INTO RegistoPagamentos VALUES (028, 000140, 5, 1615, NULL);
INSERT INTO RegistoPagamentos VALUES (029, 000140, 5, 1086, NULL);
INSERT INTO RegistoPagamentos VALUES (030, 000140, 18, 1769, NULL);
INSERT INTO RegistoPagamentos VALUES (031, 000140, 7, 1924, NULL);
INSERT INTO RegistoPagamentos VALUES (037, 000150, 9, 955, NULL);
INSERT INTO RegistoPagamentos VALUES (038, 000150, 10, 1422, NULL);
INSERT INTO RegistoPagamentos VALUES (039, 000150, 9, 714, NULL);
INSERT INTO RegistoPagamentos VALUES (040, 000150, 3, 1486, NULL);
INSERT INTO RegistoPagamentos VALUES (041, 000150, 19, 0, NULL);

INSERT INTO HorariosTrabalho VALUES (1, 000002);
INSERT INTO HorariosTrabalho VALUES (2, 000002);
INSERT INTO HorariosTrabalho VALUES (7, 000002);
INSERT INTO HorariosTrabalho VALUES (4, 000002);
INSERT INTO HorariosTrabalho VALUES (5, 000002);
INSERT INTO HorariosTrabalho VALUES (14, 000002);
INSERT INTO HorariosTrabalho VALUES (13, 000002);
INSERT INTO HorariosTrabalho VALUES (6, 000005);
INSERT INTO HorariosTrabalho VALUES (5, 000005);
INSERT INTO HorariosTrabalho VALUES (13, 000005);
INSERT INTO HorariosTrabalho VALUES (2, 000005);
INSERT INTO HorariosTrabalho VALUES (1, 000005);
INSERT INTO HorariosTrabalho VALUES (7, 000005);
INSERT INTO HorariosTrabalho VALUES (9, 000005);
INSERT INTO HorariosTrabalho VALUES (13, 000007);
INSERT INTO HorariosTrabalho VALUES (2, 000007);
INSERT INTO HorariosTrabalho VALUES (1, 000007);
INSERT INTO HorariosTrabalho VALUES (7, 000007);
INSERT INTO HorariosTrabalho VALUES (14, 000007);
INSERT INTO HorariosTrabalho VALUES (12, 000007);
INSERT INTO HorariosTrabalho VALUES (9, 000007);
INSERT INTO HorariosTrabalho VALUES (9, 000013);
INSERT INTO HorariosTrabalho VALUES (8, 000013);
INSERT INTO HorariosTrabalho VALUES (7, 000013);
INSERT INTO HorariosTrabalho VALUES (1, 000013);
INSERT INTO HorariosTrabalho VALUES (14, 000013);
INSERT INTO HorariosTrabalho VALUES (3, 000013);
INSERT INTO HorariosTrabalho VALUES (6, 000013);
INSERT INTO HorariosTrabalho VALUES (3, 000015);
INSERT INTO HorariosTrabalho VALUES (7, 000015);
INSERT INTO HorariosTrabalho VALUES (13, 000015);
INSERT INTO HorariosTrabalho VALUES (12, 000015);
INSERT INTO HorariosTrabalho VALUES (10, 000015);
INSERT INTO HorariosTrabalho VALUES (1, 000015);
INSERT INTO HorariosTrabalho VALUES (9, 000015);
INSERT INTO HorariosTrabalho VALUES (9, 000017);
INSERT INTO HorariosTrabalho VALUES (3, 000017);
INSERT INTO HorariosTrabalho VALUES (11, 000017);
INSERT INTO HorariosTrabalho VALUES (5, 000017);
INSERT INTO HorariosTrabalho VALUES (10, 000017);
INSERT INTO HorariosTrabalho VALUES (7, 000017);
INSERT INTO HorariosTrabalho VALUES (12, 000017);
INSERT INTO HorariosTrabalho VALUES (12, 000025);
INSERT INTO HorariosTrabalho VALUES (1, 000025);
INSERT INTO HorariosTrabalho VALUES (8, 000025);
INSERT INTO HorariosTrabalho VALUES (2, 000025);
INSERT INTO HorariosTrabalho VALUES (10, 000025);
INSERT INTO HorariosTrabalho VALUES (7, 000025);
INSERT INTO HorariosTrabalho VALUES (14, 000025);
INSERT INTO HorariosTrabalho VALUES (12, 000032);
INSERT INTO HorariosTrabalho VALUES (2, 000032);
INSERT INTO HorariosTrabalho VALUES (8, 000032);
INSERT INTO HorariosTrabalho VALUES (7, 000032);
INSERT INTO HorariosTrabalho VALUES (5, 000032);
INSERT INTO HorariosTrabalho VALUES (3, 000032);
INSERT INTO HorariosTrabalho VALUES (10, 000032);
INSERT INTO HorariosTrabalho VALUES (7, 000040);
INSERT INTO HorariosTrabalho VALUES (3, 000040);
INSERT INTO HorariosTrabalho VALUES (14, 000040);
INSERT INTO HorariosTrabalho VALUES (5, 000040);
INSERT INTO HorariosTrabalho VALUES (11, 000040);
INSERT INTO HorariosTrabalho VALUES (10, 000040);
INSERT INTO HorariosTrabalho VALUES (9, 000040);
INSERT INTO HorariosTrabalho VALUES (3, 000041);
INSERT INTO HorariosTrabalho VALUES (2, 000041);
INSERT INTO HorariosTrabalho VALUES (7, 000041);
INSERT INTO HorariosTrabalho VALUES (4, 000041);
INSERT INTO HorariosTrabalho VALUES (11, 000041);
INSERT INTO HorariosTrabalho VALUES (1, 000041);
INSERT INTO HorariosTrabalho VALUES (12, 000041);
INSERT INTO HorariosTrabalho VALUES (8, 000044);
INSERT INTO HorariosTrabalho VALUES (6, 000044);
INSERT INTO HorariosTrabalho VALUES (10, 000044);
INSERT INTO HorariosTrabalho VALUES (11, 000044);
INSERT INTO HorariosTrabalho VALUES (9, 000044);
INSERT INTO HorariosTrabalho VALUES (3, 000044);
INSERT INTO HorariosTrabalho VALUES (13, 000044);
INSERT INTO HorariosTrabalho VALUES (6, 000045);
INSERT INTO HorariosTrabalho VALUES (4, 000045);
INSERT INTO HorariosTrabalho VALUES (7, 000045);
INSERT INTO HorariosTrabalho VALUES (10, 000045);
INSERT INTO HorariosTrabalho VALUES (5, 000045);
INSERT INTO HorariosTrabalho VALUES (9, 000045);
INSERT INTO HorariosTrabalho VALUES (3, 000045);
INSERT INTO HorariosTrabalho VALUES (9, 000046);
INSERT INTO HorariosTrabalho VALUES (6, 000046);
INSERT INTO HorariosTrabalho VALUES (12, 000046);
INSERT INTO HorariosTrabalho VALUES (10, 000046);
INSERT INTO HorariosTrabalho VALUES (3, 000046);
INSERT INTO HorariosTrabalho VALUES (1, 000046);
INSERT INTO HorariosTrabalho VALUES (8, 000046);
INSERT INTO HorariosTrabalho VALUES (2, 000048);
INSERT INTO HorariosTrabalho VALUES (6, 000048);
INSERT INTO HorariosTrabalho VALUES (3, 000048);
INSERT INTO HorariosTrabalho VALUES (1, 000048);
INSERT INTO HorariosTrabalho VALUES (7, 000048);
INSERT INTO HorariosTrabalho VALUES (4, 000048);
INSERT INTO HorariosTrabalho VALUES (8, 000048);
INSERT INTO HorariosTrabalho VALUES (8, 000049);
INSERT INTO HorariosTrabalho VALUES (12, 000049);
INSERT INTO HorariosTrabalho VALUES (3, 000049);
INSERT INTO HorariosTrabalho VALUES (2, 000049);
INSERT INTO HorariosTrabalho VALUES (4, 000049);
INSERT INTO HorariosTrabalho VALUES (13, 000049);
INSERT INTO HorariosTrabalho VALUES (5, 000049);
INSERT INTO HorariosTrabalho VALUES (5, 000054);
INSERT INTO HorariosTrabalho VALUES (13, 000054);
INSERT INTO HorariosTrabalho VALUES (7, 000054);
INSERT INTO HorariosTrabalho VALUES (12, 000054);
INSERT INTO HorariosTrabalho VALUES (14, 000054);
INSERT INTO HorariosTrabalho VALUES (2, 000054);
INSERT INTO HorariosTrabalho VALUES (4, 000054);
INSERT INTO HorariosTrabalho VALUES (6, 000056);
INSERT INTO HorariosTrabalho VALUES (9, 000056);
INSERT INTO HorariosTrabalho VALUES (11, 000056);
INSERT INTO HorariosTrabalho VALUES (2, 000056);
INSERT INTO HorariosTrabalho VALUES (1, 000056);
INSERT INTO HorariosTrabalho VALUES (5, 000056);
INSERT INTO HorariosTrabalho VALUES (10, 000056);
INSERT INTO HorariosTrabalho VALUES (8, 000059);
INSERT INTO HorariosTrabalho VALUES (2, 000059);
INSERT INTO HorariosTrabalho VALUES (13, 000059);
INSERT INTO HorariosTrabalho VALUES (10, 000059);
INSERT INTO HorariosTrabalho VALUES (5, 000059);
INSERT INTO HorariosTrabalho VALUES (3, 000059);
INSERT INTO HorariosTrabalho VALUES (12, 000059);
INSERT INTO HorariosTrabalho VALUES (13, 000060);
INSERT INTO HorariosTrabalho VALUES (2, 000060);
INSERT INTO HorariosTrabalho VALUES (3, 000060);
INSERT INTO HorariosTrabalho VALUES (9, 000060);
INSERT INTO HorariosTrabalho VALUES (5, 000060);
INSERT INTO HorariosTrabalho VALUES (6, 000060);
INSERT INTO HorariosTrabalho VALUES (4, 000060);
INSERT INTO HorariosTrabalho VALUES (1, 000063);
INSERT INTO HorariosTrabalho VALUES (10, 000063);
INSERT INTO HorariosTrabalho VALUES (9, 000063);
INSERT INTO HorariosTrabalho VALUES (8, 000063);
INSERT INTO HorariosTrabalho VALUES (14, 000063);
INSERT INTO HorariosTrabalho VALUES (2, 000063);
INSERT INTO HorariosTrabalho VALUES (11, 000063);
INSERT INTO HorariosTrabalho VALUES (6, 000064);
INSERT INTO HorariosTrabalho VALUES (13, 000064);
INSERT INTO HorariosTrabalho VALUES (12, 000064);
INSERT INTO HorariosTrabalho VALUES (8, 000064);
INSERT INTO HorariosTrabalho VALUES (5, 000064);
INSERT INTO HorariosTrabalho VALUES (3, 000064);
INSERT INTO HorariosTrabalho VALUES (7, 000064);
INSERT INTO HorariosTrabalho VALUES (13, 000065);
INSERT INTO HorariosTrabalho VALUES (11, 000065);
INSERT INTO HorariosTrabalho VALUES (8, 000065);
INSERT INTO HorariosTrabalho VALUES (12, 000065);
INSERT INTO HorariosTrabalho VALUES (5, 000065);
INSERT INTO HorariosTrabalho VALUES (7, 000065);
INSERT INTO HorariosTrabalho VALUES (2, 000065);
INSERT INTO HorariosTrabalho VALUES (3, 000066);
INSERT INTO HorariosTrabalho VALUES (1, 000066);
INSERT INTO HorariosTrabalho VALUES (4, 000066);
INSERT INTO HorariosTrabalho VALUES (9, 000066);
INSERT INTO HorariosTrabalho VALUES (7, 000066);
INSERT INTO HorariosTrabalho VALUES (10, 000066);
INSERT INTO HorariosTrabalho VALUES (12, 000066);
INSERT INTO HorariosTrabalho VALUES (13, 000069);
INSERT INTO HorariosTrabalho VALUES (5, 000069);
INSERT INTO HorariosTrabalho VALUES (10, 000069);
INSERT INTO HorariosTrabalho VALUES (8, 000069);
INSERT INTO HorariosTrabalho VALUES (9, 000069);
INSERT INTO HorariosTrabalho VALUES (11, 000069);
INSERT INTO HorariosTrabalho VALUES (4, 000069);
INSERT INTO HorariosTrabalho VALUES (7, 000070);
INSERT INTO HorariosTrabalho VALUES (9, 000070);
INSERT INTO HorariosTrabalho VALUES (11, 000070);
INSERT INTO HorariosTrabalho VALUES (6, 000070);
INSERT INTO HorariosTrabalho VALUES (1, 000070);
INSERT INTO HorariosTrabalho VALUES (14, 000070);
INSERT INTO HorariosTrabalho VALUES (8, 000070);
INSERT INTO HorariosTrabalho VALUES (1, 000076);
INSERT INTO HorariosTrabalho VALUES (5, 000076);
INSERT INTO HorariosTrabalho VALUES (3, 000076);
INSERT INTO HorariosTrabalho VALUES (4, 000076);
INSERT INTO HorariosTrabalho VALUES (13, 000076);
INSERT INTO HorariosTrabalho VALUES (2, 000076);
INSERT INTO HorariosTrabalho VALUES (8, 000076);
INSERT INTO HorariosTrabalho VALUES (8, 000077);
INSERT INTO HorariosTrabalho VALUES (7, 000077);
INSERT INTO HorariosTrabalho VALUES (13, 000077);
INSERT INTO HorariosTrabalho VALUES (9, 000077);
INSERT INTO HorariosTrabalho VALUES (1, 000077);
INSERT INTO HorariosTrabalho VALUES (6, 000077);
INSERT INTO HorariosTrabalho VALUES (3, 000077);
INSERT INTO HorariosTrabalho VALUES (3, 000078);
INSERT INTO HorariosTrabalho VALUES (7, 000078);
INSERT INTO HorariosTrabalho VALUES (12, 000078);
INSERT INTO HorariosTrabalho VALUES (10, 000078);
INSERT INTO HorariosTrabalho VALUES (5, 000078);
INSERT INTO HorariosTrabalho VALUES (4, 000078);
INSERT INTO HorariosTrabalho VALUES (14, 000078);
INSERT INTO HorariosTrabalho VALUES (8, 000080);
INSERT INTO HorariosTrabalho VALUES (5, 000080);
INSERT INTO HorariosTrabalho VALUES (12, 000080);
INSERT INTO HorariosTrabalho VALUES (6, 000080);
INSERT INTO HorariosTrabalho VALUES (11, 000080);
INSERT INTO HorariosTrabalho VALUES (14, 000080);
INSERT INTO HorariosTrabalho VALUES (10, 000080);
INSERT INTO HorariosTrabalho VALUES (3, 000083);
INSERT INTO HorariosTrabalho VALUES (5, 000083);
INSERT INTO HorariosTrabalho VALUES (7, 000083);
INSERT INTO HorariosTrabalho VALUES (11, 000083);
INSERT INTO HorariosTrabalho VALUES (6, 000083);
INSERT INTO HorariosTrabalho VALUES (8, 000083);
INSERT INTO HorariosTrabalho VALUES (1, 000083);
INSERT INTO HorariosTrabalho VALUES (11, 000094);
INSERT INTO HorariosTrabalho VALUES (1, 000094);
INSERT INTO HorariosTrabalho VALUES (4, 000094);
INSERT INTO HorariosTrabalho VALUES (6, 000094);
INSERT INTO HorariosTrabalho VALUES (13, 000094);
INSERT INTO HorariosTrabalho VALUES (3, 000094);
INSERT INTO HorariosTrabalho VALUES (10, 000094);
INSERT INTO HorariosTrabalho VALUES (1, 000095);
INSERT INTO HorariosTrabalho VALUES (5, 000095);
INSERT INTO HorariosTrabalho VALUES (13, 000095);
INSERT INTO HorariosTrabalho VALUES (11, 000095);
INSERT INTO HorariosTrabalho VALUES (2, 000095);
INSERT INTO HorariosTrabalho VALUES (14, 000095);
INSERT INTO HorariosTrabalho VALUES (10, 000095);
INSERT INTO HorariosTrabalho VALUES (10, 000099);
INSERT INTO HorariosTrabalho VALUES (13, 000099);
INSERT INTO HorariosTrabalho VALUES (8, 000099);
INSERT INTO HorariosTrabalho VALUES (12, 000099);
INSERT INTO HorariosTrabalho VALUES (3, 000099);
INSERT INTO HorariosTrabalho VALUES (6, 000099);
INSERT INTO HorariosTrabalho VALUES (11, 000099);
INSERT INTO HorariosTrabalho VALUES (3, 000100);
INSERT INTO HorariosTrabalho VALUES (4, 000100);
INSERT INTO HorariosTrabalho VALUES (7, 000100);
INSERT INTO HorariosTrabalho VALUES (8, 000100);
INSERT INTO HorariosTrabalho VALUES (14, 000100);
INSERT INTO HorariosTrabalho VALUES (2, 000100);
INSERT INTO HorariosTrabalho VALUES (13, 000100);
INSERT INTO HorariosTrabalho VALUES (3, 000101);
INSERT INTO HorariosTrabalho VALUES (5, 000101);
INSERT INTO HorariosTrabalho VALUES (10, 000101);
INSERT INTO HorariosTrabalho VALUES (13, 000101);
INSERT INTO HorariosTrabalho VALUES (2, 000101);
INSERT INTO HorariosTrabalho VALUES (11, 000101);
INSERT INTO HorariosTrabalho VALUES (4, 000101);
INSERT INTO HorariosTrabalho VALUES (13, 000102);
INSERT INTO HorariosTrabalho VALUES (5, 000102);
INSERT INTO HorariosTrabalho VALUES (8, 000102);
INSERT INTO HorariosTrabalho VALUES (4, 000102);
INSERT INTO HorariosTrabalho VALUES (7, 000102);
INSERT INTO HorariosTrabalho VALUES (11, 000102);
INSERT INTO HorariosTrabalho VALUES (1, 000102);
INSERT INTO HorariosTrabalho VALUES (5, 000110);
INSERT INTO HorariosTrabalho VALUES (6, 000110);
INSERT INTO HorariosTrabalho VALUES (13, 000110);
INSERT INTO HorariosTrabalho VALUES (3, 000110);
INSERT INTO HorariosTrabalho VALUES (1, 000110);
INSERT INTO HorariosTrabalho VALUES (9, 000110);
INSERT INTO HorariosTrabalho VALUES (4, 000110);
INSERT INTO HorariosTrabalho VALUES (8, 000114);
INSERT INTO HorariosTrabalho VALUES (1, 000114);
INSERT INTO HorariosTrabalho VALUES (10, 000114);
INSERT INTO HorariosTrabalho VALUES (13, 000114);
INSERT INTO HorariosTrabalho VALUES (14, 000114);
INSERT INTO HorariosTrabalho VALUES (7, 000114);
INSERT INTO HorariosTrabalho VALUES (12, 000114);
INSERT INTO HorariosTrabalho VALUES (8, 000119);
INSERT INTO HorariosTrabalho VALUES (11, 000119);
INSERT INTO HorariosTrabalho VALUES (12, 000119);
INSERT INTO HorariosTrabalho VALUES (7, 000119);
INSERT INTO HorariosTrabalho VALUES (10, 000119);
INSERT INTO HorariosTrabalho VALUES (1, 000119);
INSERT INTO HorariosTrabalho VALUES (2, 000119);
INSERT INTO HorariosTrabalho VALUES (7, 000122);
INSERT INTO HorariosTrabalho VALUES (9, 000122);
INSERT INTO HorariosTrabalho VALUES (11, 000122);
INSERT INTO HorariosTrabalho VALUES (5, 000122);
INSERT INTO HorariosTrabalho VALUES (2, 000122);
INSERT INTO HorariosTrabalho VALUES (6, 000122);
INSERT INTO HorariosTrabalho VALUES (14, 000122);
INSERT INTO HorariosTrabalho VALUES (14, 000125);
INSERT INTO HorariosTrabalho VALUES (8, 000125);
INSERT INTO HorariosTrabalho VALUES (9, 000125);
INSERT INTO HorariosTrabalho VALUES (4, 000125);
INSERT INTO HorariosTrabalho VALUES (5, 000125);
INSERT INTO HorariosTrabalho VALUES (1, 000125);
INSERT INTO HorariosTrabalho VALUES (12, 000125);
INSERT INTO HorariosTrabalho VALUES (12, 000126);
INSERT INTO HorariosTrabalho VALUES (8, 000126);
INSERT INTO HorariosTrabalho VALUES (2, 000126);
INSERT INTO HorariosTrabalho VALUES (6, 000126);
INSERT INTO HorariosTrabalho VALUES (9, 000126);
INSERT INTO HorariosTrabalho VALUES (7, 000126);
INSERT INTO HorariosTrabalho VALUES (10, 000126);
INSERT INTO HorariosTrabalho VALUES (2, 000128);
INSERT INTO HorariosTrabalho VALUES (14, 000128);
INSERT INTO HorariosTrabalho VALUES (9, 000128);
INSERT INTO HorariosTrabalho VALUES (12, 000128);
INSERT INTO HorariosTrabalho VALUES (11, 000128);
INSERT INTO HorariosTrabalho VALUES (8, 000128);
INSERT INTO HorariosTrabalho VALUES (1, 000128);
INSERT INTO HorariosTrabalho VALUES (10, 000130);
INSERT INTO HorariosTrabalho VALUES (1, 000130);
INSERT INTO HorariosTrabalho VALUES (5, 000130);
INSERT INTO HorariosTrabalho VALUES (9, 000130);
INSERT INTO HorariosTrabalho VALUES (8, 000130);
INSERT INTO HorariosTrabalho VALUES (11, 000130);
INSERT INTO HorariosTrabalho VALUES (7, 000130);
INSERT INTO HorariosTrabalho VALUES (2, 000132);
INSERT INTO HorariosTrabalho VALUES (9, 000132);
INSERT INTO HorariosTrabalho VALUES (14, 000132);
INSERT INTO HorariosTrabalho VALUES (13, 000132);
INSERT INTO HorariosTrabalho VALUES (11, 000132);
INSERT INTO HorariosTrabalho VALUES (7, 000132);
INSERT INTO HorariosTrabalho VALUES (6, 000132);
INSERT INTO HorariosTrabalho VALUES (10, 000134);
INSERT INTO HorariosTrabalho VALUES (6, 000134);
INSERT INTO HorariosTrabalho VALUES (2, 000134);
INSERT INTO HorariosTrabalho VALUES (13, 000134);
INSERT INTO HorariosTrabalho VALUES (5, 000134);
INSERT INTO HorariosTrabalho VALUES (11, 000134);
INSERT INTO HorariosTrabalho VALUES (9, 000134);
INSERT INTO HorariosTrabalho VALUES (5, 000136);
INSERT INTO HorariosTrabalho VALUES (3, 000136);
INSERT INTO HorariosTrabalho VALUES (10, 000136);
INSERT INTO HorariosTrabalho VALUES (1, 000136);
INSERT INTO HorariosTrabalho VALUES (14, 000136);
INSERT INTO HorariosTrabalho VALUES (13, 000136);
INSERT INTO HorariosTrabalho VALUES (11, 000136);
INSERT INTO HorariosTrabalho VALUES (6, 000138);
INSERT INTO HorariosTrabalho VALUES (11, 000138);
INSERT INTO HorariosTrabalho VALUES (2, 000138);
INSERT INTO HorariosTrabalho VALUES (3, 000138);
INSERT INTO HorariosTrabalho VALUES (12, 000138);
INSERT INTO HorariosTrabalho VALUES (13, 000138);
INSERT INTO HorariosTrabalho VALUES (10, 000138);
INSERT INTO HorariosTrabalho VALUES (2, 000140);
INSERT INTO HorariosTrabalho VALUES (9, 000140);
INSERT INTO HorariosTrabalho VALUES (3, 000140);
INSERT INTO HorariosTrabalho VALUES (12, 000140);
INSERT INTO HorariosTrabalho VALUES (1, 000140);
INSERT INTO HorariosTrabalho VALUES (4, 000140);
INSERT INTO HorariosTrabalho VALUES (8, 000140);
INSERT INTO HorariosTrabalho VALUES (4, 000150);
INSERT INTO HorariosTrabalho VALUES (14, 000150);
INSERT INTO HorariosTrabalho VALUES (2, 000150);
INSERT INTO HorariosTrabalho VALUES (8, 000150);
INSERT INTO HorariosTrabalho VALUES (11, 000150);
INSERT INTO HorariosTrabalho VALUES (7, 000150);
INSERT INTO HorariosTrabalho VALUES (12, 000150);

INSERT INTO FuncionarioDeServiço VALUES (06, 000002, 1);
INSERT INTO FuncionarioDeServiço VALUES (03, 000002, 1);
INSERT INTO FuncionarioDeServiço VALUES (08, 000005, 1);
INSERT INTO FuncionarioDeServiço VALUES (09, 000007, 1);
INSERT INTO FuncionarioDeServiço VALUES (08, 000007, 2);
INSERT INTO FuncionarioDeServiço VALUES (05, 000013, 1);
INSERT INTO FuncionarioDeServiço VALUES (06, 000013, 2);
INSERT INTO FuncionarioDeServiço VALUES (04, 000015, 1);
INSERT INTO FuncionarioDeServiço VALUES (15, 000017, 1);
INSERT INTO FuncionarioDeServiço VALUES (04, 000017, 2);
INSERT INTO FuncionarioDeServiço VALUES (13, 000025, 1);
INSERT INTO FuncionarioDeServiço VALUES (04, 000025, 3);
INSERT INTO FuncionarioDeServiço VALUES (07, 000025, 1);
INSERT INTO FuncionarioDeServiço VALUES (08, 000032, 3);
INSERT INTO FuncionarioDeServiço VALUES (10, 000032, 1);
INSERT INTO FuncionarioDeServiço VALUES (07, 000040, 2);
INSERT INTO FuncionarioDeServiço VALUES (14, 000040, 1);
INSERT INTO FuncionarioDeServiço VALUES (06, 000040, 3);
INSERT INTO FuncionarioDeServiço VALUES (05, 000041, 2);
INSERT INTO FuncionarioDeServiço VALUES (09, 000041, 2);
INSERT INTO FuncionarioDeServiço VALUES (14, 000041, 2);
INSERT INTO FuncionarioDeServiço VALUES (09, 000044, 3);
INSERT INTO FuncionarioDeServiço VALUES (11, 000044, 1);
INSERT INTO FuncionarioDeServiço VALUES (05, 000044, 3);
INSERT INTO FuncionarioDeServiço VALUES (05, 000045, 4);
INSERT INTO FuncionarioDeServiço VALUES (14, 000045, 3);
INSERT INTO FuncionarioDeServiço VALUES (12, 000045, 1);
INSERT INTO FuncionarioDeServiço VALUES (04, 000046, 4);
INSERT INTO FuncionarioDeServiço VALUES (06, 000046, 4);
INSERT INTO FuncionarioDeServiço VALUES (08, 000046, 4);
INSERT INTO FuncionarioDeServiço VALUES (08, 000048, 5);
INSERT INTO FuncionarioDeServiço VALUES (08, 000049, 6);
INSERT INTO FuncionarioDeServiço VALUES (03, 000054, 2);
INSERT INTO FuncionarioDeServiço VALUES (10, 000054, 2);
INSERT INTO FuncionarioDeServiço VALUES (04, 000056, 5);
INSERT INTO FuncionarioDeServiço VALUES (02, 000059, 1);
INSERT INTO FuncionarioDeServiço VALUES (06, 000059, 5);
INSERT INTO FuncionarioDeServiço VALUES (01, 000059, 1);
INSERT INTO FuncionarioDeServiço VALUES (05, 000060, 5);
INSERT INTO FuncionarioDeServiço VALUES (01, 000060, 2);
INSERT INTO FuncionarioDeServiço VALUES (12, 000063, 2);
INSERT INTO FuncionarioDeServiço VALUES (11, 000064, 2);
INSERT INTO FuncionarioDeServiço VALUES (13, 000064, 2);
INSERT INTO FuncionarioDeServiço VALUES (15, 000065, 2);
INSERT INTO FuncionarioDeServiço VALUES (06, 000065, 6);
INSERT INTO FuncionarioDeServiço VALUES (08, 000066, 7);
INSERT INTO FuncionarioDeServiço VALUES (05, 000066, 6);
INSERT INTO FuncionarioDeServiço VALUES (13, 000066, 3);
INSERT INTO FuncionarioDeServiço VALUES (02, 000069, 2);
INSERT INTO FuncionarioDeServiço VALUES (07, 000069, 3);
INSERT INTO FuncionarioDeServiço VALUES (01, 000069, 3);
INSERT INTO FuncionarioDeServiço VALUES (10, 000070, 3);
INSERT INTO FuncionarioDeServiço VALUES (07, 000070, 4);
INSERT INTO FuncionarioDeServiço VALUES (02, 000070, 3);
INSERT INTO FuncionarioDeServiço VALUES (01, 000076, 4);
INSERT INTO FuncionarioDeServiço VALUES (06, 000076, 7);
INSERT INTO FuncionarioDeServiço VALUES (02, 000076, 4);
INSERT INTO FuncionarioDeServiço VALUES (10, 000077, 4);
INSERT INTO FuncionarioDeServiço VALUES (14, 000078, 4);
INSERT INTO FuncionarioDeServiço VALUES (02, 000078, 5);
INSERT INTO FuncionarioDeServiço VALUES (15, 000080, 3);
INSERT INTO FuncionarioDeServiço VALUES (11, 000080, 3);
INSERT INTO FuncionarioDeServiço VALUES (04, 000083, 6);
INSERT INTO FuncionarioDeServiço VALUES (12, 000094, 3);
INSERT INTO FuncionarioDeServiço VALUES (03, 000094, 3);
INSERT INTO FuncionarioDeServiço VALUES (06, 000095, 8);
INSERT INTO FuncionarioDeServiço VALUES (13, 000099, 4);
INSERT INTO FuncionarioDeServiço VALUES (03, 000099, 4);
INSERT INTO FuncionarioDeServiço VALUES (15, 000099, 4);
INSERT INTO FuncionarioDeServiço VALUES (09, 000100, 4);
INSERT INTO FuncionarioDeServiço VALUES (10, 000100, 5);
INSERT INTO FuncionarioDeServiço VALUES (15, 000101, 5);
INSERT INTO FuncionarioDeServiço VALUES (03, 000101, 5);
INSERT INTO FuncionarioDeServiço VALUES (08, 000101, 8);
INSERT INTO FuncionarioDeServiço VALUES (04, 000102, 7);
INSERT INTO FuncionarioDeServiço VALUES (12, 000110, 4);
INSERT INTO FuncionarioDeServiço VALUES (06, 000110, 9);
INSERT INTO FuncionarioDeServiço VALUES (03, 000114, 6);
INSERT INTO FuncionarioDeServiço VALUES (13, 000114, 5);
INSERT INTO FuncionarioDeServiço VALUES (10, 000119, 6);
INSERT INTO FuncionarioDeServiço VALUES (06, 000122, 10);
INSERT INTO FuncionarioDeServiço VALUES (01, 000125, 5);
INSERT INTO FuncionarioDeServiço VALUES (01, 000126, 6);
INSERT INTO FuncionarioDeServiço VALUES (10, 000126, 7);
INSERT INTO FuncionarioDeServiço VALUES (07, 000128, 5);
INSERT INTO FuncionarioDeServiço VALUES (12, 000128, 5);
INSERT INTO FuncionarioDeServiço VALUES (10, 000128, 8);
INSERT INTO FuncionarioDeServiço VALUES (08, 000130, 9);
INSERT INTO FuncionarioDeServiço VALUES (14, 000130, 5);
INSERT INTO FuncionarioDeServiço VALUES (04, 000130, 8);
INSERT INTO FuncionarioDeServiço VALUES (13, 000132, 6);
INSERT INTO FuncionarioDeServiço VALUES (12, 000132, 6);
INSERT INTO FuncionarioDeServiço VALUES (01, 000134, 7);
INSERT INTO FuncionarioDeServiço VALUES (11, 000136, 4);
INSERT INTO FuncionarioDeServiço VALUES (14, 000136, 6);
INSERT INTO FuncionarioDeServiço VALUES (12, 000136, 7);
INSERT INTO FuncionarioDeServiço VALUES (02, 000138, 6);
INSERT INTO FuncionarioDeServiço VALUES (11, 000138, 5);
INSERT INTO FuncionarioDeServiço VALUES (10, 000138, 9);
INSERT INTO FuncionarioDeServiço VALUES (11, 000140, 6);
INSERT INTO FuncionarioDeServiço VALUES (09, 000140, 5);
INSERT INTO FuncionarioDeServiço VALUES (04, 000150, 9);
INSERT INTO FuncionarioDeServiço VALUES (11, 000150, 7);

INSERT INTO Hierarquias VALUES (000102, 000126);
INSERT INTO Hierarquias VALUES (000138, 000126);
INSERT INTO Hierarquias VALUES (000054, 000126);
INSERT INTO Hierarquias VALUES (000125, 000126);
INSERT INTO Hierarquias VALUES (000076, 000126);
INSERT INTO Hierarquias VALUES (000132, 000078);
INSERT INTO Hierarquias VALUES (000015, 000078);
INSERT INTO Hierarquias VALUES (000119, 000078);
INSERT INTO Hierarquias VALUES (000048, 000078);
INSERT INTO Hierarquias VALUES (000007, 000078);
INSERT INTO Hierarquias VALUES (000025, 000063);
INSERT INTO Hierarquias VALUES (000064, 000063);
INSERT INTO Hierarquias VALUES (000002, 000063);
INSERT INTO Hierarquias VALUES (000128, 000063);
INSERT INTO Hierarquias VALUES (000041, 000063);
INSERT INTO Hierarquias VALUES (000101, 000069);
INSERT INTO Hierarquias VALUES (000017, 000069);
INSERT INTO Hierarquias VALUES (000099, 000069);
INSERT INTO Hierarquias VALUES (000070, 000069);
INSERT INTO Hierarquias VALUES (000066, 000069);
INSERT INTO Hierarquias VALUES (000059, 000140);
INSERT INTO Hierarquias VALUES (000095, 000140);
INSERT INTO Hierarquias VALUES (000100, 000140);
INSERT INTO Hierarquias VALUES (000040, 000140);
INSERT INTO Hierarquias VALUES (000122, 000140);
INSERT INTO Hierarquias VALUES (000077, 000102);
INSERT INTO Hierarquias VALUES (000013, 000102);
INSERT INTO Hierarquias VALUES (000044, 000102);
INSERT INTO Hierarquias VALUES (000114, 000102);
INSERT INTO Hierarquias VALUES (000094, 000102);
INSERT INTO Hierarquias VALUES (000045, 000138);
INSERT INTO Hierarquias VALUES (000110, 000138);
INSERT INTO Hierarquias VALUES (000005, 000138);
INSERT INTO Hierarquias VALUES (000136, 000138);
INSERT INTO Hierarquias VALUES (000046, 000138);
INSERT INTO Hierarquias VALUES (000130, 000054);
INSERT INTO Hierarquias VALUES (000060, 000054);
INSERT INTO Hierarquias VALUES (000134, 000054);
INSERT INTO Hierarquias VALUES (000056, 000054);
INSERT INTO Hierarquias VALUES (000065, 000054);
INSERT INTO Hierarquias VALUES (000150, 000125);
INSERT INTO Hierarquias VALUES (000032, 000125);
INSERT INTO Hierarquias VALUES (000080, 000125);
INSERT INTO Hierarquias VALUES (000049, 000125);
INSERT INTO Hierarquias VALUES (000083, 000125);
