INSERT INTO Servicos VALUES (01, 'Space Mountain', 12, 1.40, 'Zona 3', NULL);
INSERT INTO Servicos VALUES (02, 'Pirates of The Caribbean', 12, 1.40, 'Zona 3', NULL);
INSERT INTO Servicos VALUES (03, 'Mikey Mouse Parade', 0, 0, 'Zona 1 e 2', NULL);
INSERT INTO Servicos VALUES (04, 'McDonalds', 0, 0, 'Zona 1', NULL);
INSERT INTO Servicos VALUES (05, 'Rick & Morty Portal Adventure', 8, 0, 'Zona 2', NULL);
INSERT INTO Servicos VALUES (06, 'Monty Python Play', 18, 0, 'Zona 4', NULL);
INSERT INTO Servicos VALUES (07, 'Hells Kitchen', 0, 0, 'Zona 2', NULL);
INSERT INTO Servicos VALUES (08, 'Batman Rollercoaster', 8, 1.00, 'Zona 3', NULL);
INSERT INTO Servicos VALUES (09, 'One Punch Man Training Session', 8, 1.00, 'Zona 4', NULL);
INSERT INTO Servicos VALUES (10, 'Trinket Store', 0, 0, 'Zona 1', NULL);
INSERT INTO Servicos VALUES (11, 'Pop World', 0, 0, 'Zona 3', NULL);
INSERT INTO Servicos VALUES (12, 'Wonder Woman Rollercoaster', 12, 1.40, 'Zona 3', NULL);
INSERT INTO Servicos VALUES (13, '1000 Way to Die: Haunting House', 18, 1.50, 'Zona 4', NULL);
INSERT INTO Servicos VALUES (14, 'Jackass Live', 18, 0, 'Zona 3', NULL);
INSERT INTO Servicos VALUES (15, 'Sasquatch', 13, 1.20, 'Zona 3', NULL);

INSERT INTO Atividades VALUES (01);
INSERT INTO Atividades VALUES (02);
INSERT INTO Atividades VALUES (03);
INSERT INTO Atividades VALUES (05);
INSERT INTO Atividades VALUES (06);
INSERT INTO Atividades VALUES (08);
INSERT INTO Atividades VALUES (09);
INSERT INTO Atividades VALUES (12);
INSERT INTO Atividades VALUES (13);
INSERT INTO Atividades VALUES (14);
INSERT INTO Atividades VALUES (15);

INSERT INTO Aderecos VALUES (001, 'ROCKIEST', 'space rocks', 01);
INSERT INTO Aderecos VALUES (012, 'iceberless', 'pirate ship', 02);
INSERT INTO Aderecos VALUES (253, 'legless', 'wood leg', 02);
INSERT INTO Aderecos VALUES (134, 'costums', 'mikey mouse outfits', 03);
INSERT INTO Aderecos VALUES (517, 'portals', 'portal gun', 05);
INSERT INTO Aderecos VALUES (136, 'costums', 'outfits', 06);
INSERT INTO Aderecos VALUES (452, 'costums', 'outfits', 06);
INSERT INTO Aderecos VALUES (628, 'mercedes', 'batmobile', 08);
INSERT INTO Aderecos VALUES (285, 'capes', 'red cape', 09);
INSERT INTO Aderecos VALUES (139, 'costums', 'wonder woman outfit', 12);
INSERT INTO Aderecos VALUES (636, 'screams', 'masks', 13);
INSERT INTO Aderecos VALUES (763, 'costums', 'sasquatch outfit', 15);

INSERT INTO Carrosseis VALUES (01, '2020-05-23');
INSERT INTO Carrosseis VALUES (02, '2021-03-20');
INSERT INTO Carrosseis VALUES (05, '2019-10-20');
INSERT INTO Carrosseis VALUES (08, '2022-01-04');
INSERT INTO Carrosseis VALUES (12, '2019-12-02');

INSERT INTO Eventos VALUES (03, 2019-04-13, '01:30');
INSERT INTO Eventos VALUES (06, 2019-05-23, '02:30');
INSERT INTO Eventos VALUES (09, 2019-04-20, '01:00');
INSERT INTO Eventos VALUES (13, 2019-04-25, '01:45');
INSERT INTO Eventos VALUES (14, 2019-04-30, '01:00');
INSERT INTO Eventos VALUES (15, 2019-04-21, '02:00');

INSERT INTO Restaurantes VALUES(04, 'big mac, CBO', 10);
INSERT INTO Restaurantes VALUES(07, 'sandwich', 7);

INSERT INTO Lojas VALUES(10, 'bracelets, t-shirts');
INSERT INTO Lojas VALUES(11, 'sunglasses, hats');

INSERT INTO Departamentos VALUES('recursos humanos', 10, 'recrutamentos de pessoas');
INSERT INTO Departamentos VALUES('markting', 10, 'publicidade da loja');
INSERT INTO Departamentos VALUES('shipping', 11, 'encomendas online');
INSERT INTO Departamentos VALUES('tesouraria', 11, 'tratamento de dinheiro');

INSERT INTO Epocas VALUES ('Verao', 'Junho', 'Agosto');
INSERT INTO Epocas VALUES ('Outono', 'Setembro', 'Novembro');
INSERT INTO Epocas VALUES ('Inverno', 'Dezembro', 'Fevereiro');
INSERT INTO Epocas VALUES ('Primavera', 'Março', 'Maio');

INSERT INTO Horarios VALUES (1, '08:00', '12:30', 'Segunda');
INSERT INTO Horarios VALUES (2, '08:00', '12:30', 'Terça');
INSERT INTO Horarios VALUES (3, '08:00', '12:30', 'Quarta');
INSERT INTO Horarios VALUES (4, '08:00', '12:30', 'Quinta');
INSERT INTO Horarios VALUES (5, '08:00', '12:30', 'Sexta');
INSERT INTO Horarios VALUES (6, '08:00', '12:30', 'Sabado');
INSERT INTO Horarios VALUES (7, '08:00', '12:30', 'Domingo');
INSERT INTO Horarios VALUES (8, '14:00', '19:00', 'Segunda');
INSERT INTO Horarios VALUES (9, '14:00', '19:00', 'Terça');
INSERT INTO Horarios VALUES (10, '14:00', '19:00', 'Quarta');
INSERT INTO Horarios VALUES (11, '14:00', '19:00', 'Quinta');
INSERT INTO Horarios VALUES (12, '14:00', '19:00', 'Sexta');
INSERT INTO Horarios VALUES (13, '14:00', '19:00', 'Sabado');
INSERT INTO Horarios VALUES (14, '14:00', '19:00', 'Domingo');

INSERT INTO ServicosEpocasHorarios VALUES (01, 'Verao', 2);
INSERT INTO ServicosEpocasHorarios VALUES (02, 'Outono', 1);
INSERT INTO ServicosEpocasHorarios VALUES (03, 'Verao', 14);
INSERT INTO ServicosEpocasHorarios VALUES (04, 'Inverno', 3);
INSERT INTO ServicosEpocasHorarios VALUES (05, 'Verao', 10);
INSERT INTO ServicosEpocasHorarios VALUES (06, 'Inverno', 9);
INSERT INTO ServicosEpocasHorarios VALUES (08, 'Outono', 13);
INSERT INTO ServicosEpocasHorarios VALUES (09, 'Primavera', 4);
INSERT INTO ServicosEpocasHorarios VALUES (10, 'Inverno', 12);
INSERT INTO ServicosEpocasHorarios VALUES (11, 'Verao', 5);
INSERT INTO ServicosEpocasHorarios VALUES (12, 'Outono', 8);
INSERT INTO ServicosEpocasHorarios VALUES (13, 'Primavera', 7);
INSERT INTO ServicosEpocasHorarios VALUES (14, 'Inverno', 6);
INSERT INTO ServicosEpocasHorarios VALUES (15, 'Verao', 11);

INSERT INTO TipoDeBilhete VALUES ('Regular', 40);
INSERT INTO TipoDeBilhete VALUES ('Gold', 60);
INSERT INTO TipoDeBilhete VALUES ('Premium', 80);

INSERT INTO Especialidades VALUES ('Segurança', 900, 20);
INSERT INTO Especialidades VALUES ('Técnico', 1000, 25);
INSERT INTO Especialidades VALUES ('Cozinheiro', 800, 25);
INSERT INTO Especialidades VALUES ('Staff', 600, 15);
INSERT INTO Especialidades VALUES ('Gerente', 1400, 20);

INSERT INTO Pessoas VALUES (000001, 'Ree Phillippi', 1993-03-01, 'F');
INSERT INTO Pessoas VALUES (000002, 'Madge Glenns', 1987-01-17, 'F');
INSERT INTO Pessoas VALUES (000003, 'Elora Springhall', 2000-09-22, 'F');
INSERT INTO Pessoas VALUES (000004, 'Osgood Chanctonbury', 1971-03-08, 'M');
INSERT INTO Pessoas VALUES (000005, 'Amargo Fehon', 1988-09-02, 'F');
INSERT INTO Pessoas VALUES (000006, 'Jacques Knottisford', 1989-09-18, 'M');
INSERT INTO Pessoas VALUES (000007, 'Jerrilyn Cusick', 1978-07-17, 'F');
INSERT INTO Pessoas VALUES (000008, 'Zsazsa Ethelbert', 1975-09-13, 'F');
INSERT INTO Pessoas VALUES (000009, 'Kristel Ittureria', 1977-01-05, 'F');
INSERT INTO Pessoas VALUES (000010, 'Odie Shadowcreek', 1995-09-25, 'M');
INSERT INTO Pessoas VALUES (000011, 'Colline Lafferty', 1992-10-18, 'F');
INSERT INTO Pessoas VALUES (000012, 'Keren Woolbeding', 1975-09-14, 'F');
INSERT INTO Pessoas VALUES (000013, 'Anjela Firwoods', 1999-02-10, 'F');
INSERT INTO Pessoas VALUES (000014, 'Alexa Hillcroft', 1970-10-15, 'F');
INSERT INTO Pessoas VALUES (000015, 'Johny Ordak', 1987-06-21, 'M');
INSERT INTO Pessoas VALUES (000016, 'Lyndel Barnbrough', 1983-09-14, 'F');
INSERT INTO Pessoas VALUES (000017, 'Thaine Cheves', 1984-06-12, 'M');
INSERT INTO Pessoas VALUES (000018, 'Meredithe Noelene', 1970-08-12, 'F');
INSERT INTO Pessoas VALUES (000019, 'Molli Planthurst', 2009-09-03, 'F');
INSERT INTO Pessoas VALUES (000020, 'Freddi Clearpointe', 1997-03-03, 'F');
INSERT INTO Pessoas VALUES (000021, 'Robinson Davine', 1993-02-27, 'M');
INSERT INTO Pessoas VALUES (000022, 'Celie Jessett', 2006-06-03, 'F');
INSERT INTO Pessoas VALUES (000023, 'Mark Beltsville', 1983-01-09, 'M');
INSERT INTO Pessoas VALUES (000024, 'Arvind Bridgeland', 1992-06-26, 'M');
INSERT INTO Pessoas VALUES (000025, 'Avie Fed', 2009-04-19, 'F');
INSERT INTO Pessoas VALUES (000026, 'Tiphany Centershore', 1978-06-01, 'F');
INSERT INTO Pessoas VALUES (000027, 'Sherrie Oakmill', 2009-02-27, 'F');
INSERT INTO Pessoas VALUES (000028, 'Janith Treadwell', 1997-06-26, 'F');
INSERT INTO Pessoas VALUES (000029, 'Natalie Lyttelton', 1998-08-11, 'F');
INSERT INTO Pessoas VALUES (000030, 'Joane Mulry', 1973-09-05, 'F');
INSERT INTO Pessoas VALUES (000031, 'Margareta Lorele', 1992-08-15, 'F');
INSERT INTO Pessoas VALUES (000032, 'Stacey Gianna', 2007-02-27, 'F');
INSERT INTO Pessoas VALUES (000033, 'Samara Grasdene', 1995-08-24, 'F');
INSERT INTO Pessoas VALUES (000034, 'Troy Heathfield', 1990-07-20, 'M');
INSERT INTO Pessoas VALUES (000035, 'Shara Flowerfield', 1972-06-07, 'F');
INSERT INTO Pessoas VALUES (000036, 'Beale Bellfield', 1994-11-23, 'M');
INSERT INTO Pessoas VALUES (000037, 'Bear Gainford', 2003-08-22, 'M');
INSERT INTO Pessoas VALUES (000038, 'Flori Kirckpatrick', 2008-04-05, 'F');
INSERT INTO Pessoas VALUES (000039, 'Shara Atwell', 1991-09-24, 'F');
INSERT INTO Pessoas VALUES (000040, 'Chevalier Sunnyhill', 1987-04-04, 'M');
INSERT INTO Pessoas VALUES (000041, 'Hilary Staleybridge', 1995-01-15, 'M');
INSERT INTO Pessoas VALUES (000042, 'Kam Shafter', 1977-09-26, 'M');
INSERT INTO Pessoas VALUES (000043, 'Beverlie Stoneygate', 1997-10-01, 'F');
INSERT INTO Pessoas VALUES (000044, 'Harwell Wyldewood', 1998-08-02, 'M');
INSERT INTO Pessoas VALUES (000045, 'Hasheem Waterdown', 1998-01-01, 'M');
INSERT INTO Pessoas VALUES (000046, 'Harris Felmersham', 1973-08-12, 'M');
INSERT INTO Pessoas VALUES (000047, 'Zacharias Laceys', 1988-10-05, 'M');
INSERT INTO Pessoas VALUES (000048, 'Sandra Liscard', 1983-04-19, 'F');
INSERT INTO Pessoas VALUES (000049, 'Michal Luvian', 1997-06-22, 'M');
INSERT INTO Pessoas VALUES (000050, 'Gerianna Chesbrough', 1995-06-22, 'F');
INSERT INTO Pessoas VALUES (000051, 'Rorie Videll', 1974-08-10, 'F');
INSERT INTO Pessoas VALUES (000052, 'Taber Fibich', 1999-01-19, 'M');
INSERT INTO Pessoas VALUES (000053, 'See Northey', 1982-10-21, 'M');
INSERT INTO Pessoas VALUES (000054, 'Chevalier Vantomme', 2006-03-25, 'M');
INSERT INTO Pessoas VALUES (000055, 'Magda Westwood', 1996-06-20, 'F');
INSERT INTO Pessoas VALUES (000056, 'Uri Wayjack', 1986-06-07, 'M');
INSERT INTO Pessoas VALUES (000057, 'Kenn Streamview', 2003-08-06, 'M');
INSERT INTO Pessoas VALUES (000058, 'Marissa Berrybush', 2007-01-22, 'F');
INSERT INTO Pessoas VALUES (000059, 'Bertram Heathstan', 2007-02-18, 'M');
INSERT INTO Pessoas VALUES (000060, 'Aditya Nicolini', 1972-08-26, 'M');
INSERT INTO Pessoas VALUES (000061, 'Henrie Eberwein', 1978-06-01, 'M');
INSERT INTO Pessoas VALUES (000062, 'Ettie Burbidge', 1988-05-09, 'F');
INSERT INTO Pessoas VALUES (000063, 'Sebastiano Pecanwood', 1972-03-12, 'M');
INSERT INTO Pessoas VALUES (000064, 'Abe Palewell', 1988-06-15, 'M');
INSERT INTO Pessoas VALUES (000065, 'Millisent Northpoint', 1978-07-20, 'F');
INSERT INTO Pessoas VALUES (000066, 'Evvy Kwedar', 2001-04-12, 'F');
INSERT INTO Pessoas VALUES (000067, 'Salomo Bonsall', 1991-03-18, 'M');
INSERT INTO Pessoas VALUES (000068, 'Brittan Benmore', 2003-01-27, 'F');
INSERT INTO Pessoas VALUES (000069, 'Ev Owasco', 1993-09-23, 'M');
INSERT INTO Pessoas VALUES (000070, 'Danya Treton', 1992-11-22, 'F');
INSERT INTO Pessoas VALUES (000071, 'Willey Alamos', 2007-04-25, 'M');
INSERT INTO Pessoas VALUES (000072, 'Verena Ickleton', 1980-05-02, 'F');
INSERT INTO Pessoas VALUES (000073, 'Tad Gartfern', 1981-10-24, 'M');
INSERT INTO Pessoas VALUES (000074, 'Dell Adbaston', 1990-02-01, 'M');
INSERT INTO Pessoas VALUES (000075, 'Renato Calabrese', 2008-05-14, 'M');
INSERT INTO Pessoas VALUES (000076, 'Joshuah Eastgate', 1992-08-12, 'M');
INSERT INTO Pessoas VALUES (000077, 'Thedric Alcova', 1982-11-20, 'M');
INSERT INTO Pessoas VALUES (000078, 'Wildon Swingle', 2003-01-13, 'M');
INSERT INTO Pessoas VALUES (000079, 'Yacov Maplestead', 1985-08-26, 'M');
INSERT INTO Pessoas VALUES (000080, 'Vikkie Graywacke', 1973-09-22, 'F');
INSERT INTO Pessoas VALUES (000081, 'Nilson Hayday', 1989-02-25, 'M');
INSERT INTO Pessoas VALUES (000082, 'Westbrooke Chaseley', 1974-09-23, 'M');
INSERT INTO Pessoas VALUES (000083, 'Toby Chesire', 1982-07-07, 'F');
INSERT INTO Pessoas VALUES (000084, 'Page Paddenswick', 2001-07-02, 'M');
INSERT INTO Pessoas VALUES (000085, 'Sigfried Florfield', 1978-05-20, 'M');
INSERT INTO Pessoas VALUES (000086, 'Jennine Fara', 1977-02-13, 'F');
INSERT INTO Pessoas VALUES (000087, 'Vick Poulter', 2001-04-15, 'M');
INSERT INTO Pessoas VALUES (000088, 'Flin Everwood', 1989-10-06, 'M');
INSERT INTO Pessoas VALUES (000089, 'Reza Avening', 1987-05-18, 'M');
INSERT INTO Pessoas VALUES (000090, 'Brewer Walenore', 1985-04-22, 'M');
INSERT INTO Pessoas VALUES (000091, 'Malanie Daneshill', 2004-04-17, 'F');
INSERT INTO Pessoas VALUES (000092, 'Jules Heniker', 1982-10-26, 'M');
INSERT INTO Pessoas VALUES (000093, 'Timothee Lamerock', 2005-03-17, 'M');
INSERT INTO Pessoas VALUES (000094, 'Emma Tuskar', 1985-09-17, 'F');
INSERT INTO Pessoas VALUES (000095, 'Rudiger Cortelyou', 2009-02-27, 'M');
INSERT INTO Pessoas VALUES (000096, 'Megen Nutswamp', 1983-08-12, 'F');
INSERT INTO Pessoas VALUES (000097, 'Merle Hemnall', 1998-11-21, 'F');
INSERT INTO Pessoas VALUES (000098, 'Ward Elene', 2003-01-14, 'M');
INSERT INTO Pessoas VALUES (000099, 'Lindie Aliso', 2007-04-06, 'F');
INSERT INTO Pessoas VALUES (000100, 'Rose Malinya', 1997-08-22, 'F');
INSERT INTO Pessoas VALUES (000101, 'Erich Ladybarn', 2003-07-14, 'M');
INSERT INTO Pessoas VALUES (000102, 'Nico Moonbie', 1990-10-17, 'M');
INSERT INTO Pessoas VALUES (000103, 'Teodoor Huddlestone', 2002-08-08, 'M');
INSERT INTO Pessoas VALUES (000104, 'Keil Basford', 1980-11-17, 'M');
INSERT INTO Pessoas VALUES (000105, 'Winthrop Arastradero', 1994-04-15, 'M');
INSERT INTO Pessoas VALUES (000106, 'Arvy Trancas', 1983-08-25, 'M');
INSERT INTO Pessoas VALUES (000107, 'Fergus Bonwell', 1987-02-06, 'M');
INSERT INTO Pessoas VALUES (000108, 'Verge Eustice', 1999-02-16, 'M');
INSERT INTO Pessoas VALUES (000109, 'Edmond Clarden', 1997-04-22, 'M');
INSERT INTO Pessoas VALUES (000110, 'Dorree Ruge', 1980-03-26, 'F');
INSERT INTO Pessoas VALUES (000111, 'Helene Moosewood', 1985-01-16, 'F');
INSERT INTO Pessoas VALUES (000112, 'Silvan Drawfield', 2009-09-24, 'M');
INSERT INTO Pessoas VALUES (000113, 'Ingeberg Moos', 1993-09-10, 'F');
INSERT INTO Pessoas VALUES (000114, 'Faustina Bottesford', 2008-08-07, 'F');
INSERT INTO Pessoas VALUES (000115, 'Bonnee Orbel', 1991-04-09, 'F');
INSERT INTO Pessoas VALUES (000116, 'Caralie Calistoga', 1978-11-01, 'F');
INSERT INTO Pessoas VALUES (000117, 'Paten Zela', 2004-04-11, 'M');
INSERT INTO Pessoas VALUES (000118, 'Isabeau Arcand', 1975-11-20, 'F');
INSERT INTO Pessoas VALUES (000119, 'Amelia Alderberry', 1986-08-05, 'F');
INSERT INTO Pessoas VALUES (000120, 'Dominic Boarshaw', 2000-01-01, 'M');
INSERT INTO Pessoas VALUES (000121, 'Gilbertina Bridlepath', 2007-07-13, 'F');
INSERT INTO Pessoas VALUES (000122, 'Siana Dunshee', 1976-02-11, 'F');
INSERT INTO Pessoas VALUES (000123, 'Modestine Tahama', 1992-08-10, 'F');
INSERT INTO Pessoas VALUES (000124, 'Lilla Madrillon', 1989-11-25, 'F');
INSERT INTO Pessoas VALUES (000125, 'Eileen Bradiston', 1975-05-20, 'F');
INSERT INTO Pessoas VALUES (000126, 'Vassily Badgerwood', 1992-03-23, 'M');
INSERT INTO Pessoas VALUES (000127, 'Averell Cherwing', 2005-09-14, 'M');
INSERT INTO Pessoas VALUES (000128, 'Ulric Cliffrose', 1973-01-09, 'M');
INSERT INTO Pessoas VALUES (000129, 'Jacqueline Tomawadee', 1998-10-05, 'F');
INSERT INTO Pessoas VALUES (000130, 'Daisie Kiora', 1984-01-08, 'F');
INSERT INTO Pessoas VALUES (000131, 'Ulrich Wandon', 1984-08-21, 'M');
INSERT INTO Pessoas VALUES (000132, 'Torre Stephensons', 1980-09-08, 'M');
INSERT INTO Pessoas VALUES (000133, 'Barnett Hillmead', 1972-04-13, 'M');
INSERT INTO Pessoas VALUES (000134, 'Priscilla Casurina', 1988-03-14, 'F');
INSERT INTO Pessoas VALUES (000135, 'Gloriana Quarrendon', 1983-06-22, 'F');
INSERT INTO Pessoas VALUES (000136, 'Ruth Fulready', 1989-02-09, 'F');
INSERT INTO Pessoas VALUES (000137, 'Judye Brackleys', 1971-07-13, 'F');
INSERT INTO Pessoas VALUES (000138, 'Franny Innis', 1985-11-12, 'F');
INSERT INTO Pessoas VALUES (000139, 'Gabriele Lindenwood', 1978-05-04, 'M');
INSERT INTO Pessoas VALUES (000140, 'French Doray', 1995-11-02, 'M');
INSERT INTO Pessoas VALUES (000141, 'Darren Askwith', 1983-01-10, 'M');
INSERT INTO Pessoas VALUES (000142, 'Angel Lockerbie', 2004-05-10, 'M');
INSERT INTO Pessoas VALUES (000143, 'Flossie Fredonian', 2009-10-17, 'F');
INSERT INTO Pessoas VALUES (000144, 'May Lundeen', 1972-05-15, 'F');
INSERT INTO Pessoas VALUES (000145, 'Curtice Chovan', 1994-05-10, 'M');
INSERT INTO Pessoas VALUES (000146, 'Sascha Aldorae', 1994-04-14, 'M');
INSERT INTO Pessoas VALUES (000147, 'Yaakov Dawtrey', 1970-05-04, 'M');
INSERT INTO Pessoas VALUES (000148, 'Nevins Botetourt', 1996-11-12, 'M');
INSERT INTO Pessoas VALUES (000149, 'Letisha Suffern', 2009-08-16, 'F');
INSERT INTO Pessoas VALUES (000150, 'Zolly Bodiam', 1983-02-13, 'M');

INSERT INTO Clientes VALUES (000002, 1.9, NULL);
INSERT INTO Clientes VALUES (000004, 1.91, NULL);
INSERT INTO Clientes VALUES (000005, 1.8, NULL);
INSERT INTO Clientes VALUES (000007, 1.7, NULL);
INSERT INTO Clientes VALUES (000008, 1.81, NULL);
INSERT INTO Clientes VALUES (000009, 1.56, NULL);
INSERT INTO Clientes VALUES (000010, 1.64, NULL);
INSERT INTO Clientes VALUES (000012, 1.71, NULL);
INSERT INTO Clientes VALUES (000013, 1.76, NULL);
INSERT INTO Clientes VALUES (000014, 1.51, NULL);
INSERT INTO Clientes VALUES (000016, 1.95, NULL);
INSERT INTO Clientes VALUES (000020, 1.6, NULL);
INSERT INTO Clientes VALUES (000022, 1.31, NULL);
INSERT INTO Clientes VALUES (000025, 1.52, NULL);
INSERT INTO Clientes VALUES (000026, 1.61, NULL);
INSERT INTO Clientes VALUES (000027, 1.41, NULL);
INSERT INTO Clientes VALUES (000028, 1.51, NULL);
INSERT INTO Clientes VALUES (000030, 1.67, NULL);
INSERT INTO Clientes VALUES (000032, 1.34, NULL);
INSERT INTO Clientes VALUES (000034, 1.52, NULL);
INSERT INTO Clientes VALUES (000035, 1.93, NULL);
INSERT INTO Clientes VALUES (000036, 1.9, NULL);
INSERT INTO Clientes VALUES (000040, 1.91, NULL);
INSERT INTO Clientes VALUES (000042, 1.57, NULL);
INSERT INTO Clientes VALUES (000043, 1.82, NULL);
INSERT INTO Clientes VALUES (000044, 1.79, NULL);
INSERT INTO Clientes VALUES (000045, 1.8, NULL);
INSERT INTO Clientes VALUES (000048, 1.88, NULL);
INSERT INTO Clientes VALUES (000051, 1.66, NULL);
INSERT INTO Clientes VALUES (000052, 1.5, NULL);
INSERT INTO Clientes VALUES (000054, 1.32, NULL);
INSERT INTO Clientes VALUES (000056, 1.71, NULL);
INSERT INTO Clientes VALUES (000059, 1.35, NULL);
INSERT INTO Clientes VALUES (000060, 1.8, NULL);
INSERT INTO Clientes VALUES (000061, 1.74, NULL);
INSERT INTO Clientes VALUES (000062, 1.88, NULL);
INSERT INTO Clientes VALUES (000063, 1.55, NULL);
INSERT INTO Clientes VALUES (000064, 1.6, NULL);
INSERT INTO Clientes VALUES (000065, 1.85, NULL);
INSERT INTO Clientes VALUES (000066, 1.52, NULL);
INSERT INTO Clientes VALUES (000067, 1.7, NULL);
INSERT INTO Clientes VALUES (000068, 1.93, NULL);
INSERT INTO Clientes VALUES (000070, 1.74, NULL);
INSERT INTO Clientes VALUES (000071, 1.4, NULL);
INSERT INTO Clientes VALUES (000072, 1.81, NULL);
INSERT INTO Clientes VALUES (000074, 1.59, NULL);
INSERT INTO Clientes VALUES (000075, 1.56, NULL);
INSERT INTO Clientes VALUES (000076, 1.65, NULL);
INSERT INTO Clientes VALUES (000077, 1.9, NULL);
INSERT INTO Clientes VALUES (000078, 1.52, NULL);
INSERT INTO Clientes VALUES (000079, 1.93, NULL);
INSERT INTO Clientes VALUES (000080, 1.81, NULL);
INSERT INTO Clientes VALUES (000081, 1.65, NULL);
INSERT INTO Clientes VALUES (000082, 1.79, NULL);
INSERT INTO Clientes VALUES (000083, 1.74, NULL);
INSERT INTO Clientes VALUES (000084, 1.73, NULL);
INSERT INTO Clientes VALUES (000085, 1.8, NULL);
INSERT INTO Clientes VALUES (000088, 1.95, NULL);
INSERT INTO Clientes VALUES (000089, 1.59, NULL);
INSERT INTO Clientes VALUES (000091, 1.89, NULL);
INSERT INTO Clientes VALUES (000092, 1.65, NULL);
INSERT INTO Clientes VALUES (000093, 1.78, NULL);
INSERT INTO Clientes VALUES (000094, 1.68, NULL);
INSERT INTO Clientes VALUES (000097, 1.75, NULL);
INSERT INTO Clientes VALUES (000098, 1.93, NULL);
INSERT INTO Clientes VALUES (000101, 1.56, NULL);
INSERT INTO Clientes VALUES (000102, 1.7, NULL);
INSERT INTO Clientes VALUES (000103, 1.61, NULL);
INSERT INTO Clientes VALUES (000104, 1.82, NULL);
INSERT INTO Clientes VALUES (000105, 1.67, NULL);
INSERT INTO Clientes VALUES (000106, 1.81, NULL);
INSERT INTO Clientes VALUES (000107, 1.6, NULL);
INSERT INTO Clientes VALUES (000108, 1.85, NULL);
INSERT INTO Clientes VALUES (000109, 1.55, NULL);
INSERT INTO Clientes VALUES (000110, 1.81, NULL);
INSERT INTO Clientes VALUES (000111, 1.68, NULL);
INSERT INTO Clientes VALUES (000112, 1.39, NULL);
INSERT INTO Clientes VALUES (000113, 1.53, NULL);
INSERT INTO Clientes VALUES (000116, 1.8, NULL);
INSERT INTO Clientes VALUES (000118, 1.92, NULL);
INSERT INTO Clientes VALUES (000119, 1.84, NULL);
INSERT INTO Clientes VALUES (000120, 1.84, NULL);
INSERT INTO Clientes VALUES (000121, 1.33, NULL);
INSERT INTO Clientes VALUES (000122, 1.89, NULL);
INSERT INTO Clientes VALUES (000123, 1.93, NULL);
INSERT INTO Clientes VALUES (000124, 1.71, NULL);
INSERT INTO Clientes VALUES (000125, 1.8, NULL);
INSERT INTO Clientes VALUES (000128, 1.71, NULL);
INSERT INTO Clientes VALUES (000134, 1.79, NULL);
INSERT INTO Clientes VALUES (000135, 1.6, NULL);
INSERT INTO Clientes VALUES (000136, 1.52, NULL);
INSERT INTO Clientes VALUES (000138, 1.54, NULL);
INSERT INTO Clientes VALUES (000141, 1.71, NULL);
INSERT INTO Clientes VALUES (000142, 1.62, NULL);
INSERT INTO Clientes VALUES (000143, 1.51, NULL);
INSERT INTO Clientes VALUES (000144, 1.57, NULL);
INSERT INTO Clientes VALUES (000146, 1.63, NULL);
INSERT INTO Clientes VALUES (000147, 1.66, NULL);
INSERT INTO Clientes VALUES (000148, 1.71, NULL);
INSERT INTO Clientes VALUES (000149, 1.56, NULL);

INSERT INTO Funcionarios VALUES (000001, 'Cozinheiro', 1157978728);
INSERT INTO Funcionarios VALUES (000003, 'Cozinheiro', 1086182220);
INSERT INTO Funcionarios VALUES (000006, 'Gerente', 1200621047);
INSERT INTO Funcionarios VALUES (000011, 'Cozinheiro', 1785119998);
INSERT INTO Funcionarios VALUES (000015, 'Cozinheiro', 1047007694);
INSERT INTO Funcionarios VALUES (000017, 'Staff', 1515213006);
INSERT INTO Funcionarios VALUES (000018, 'Técnico', 1585084124);
INSERT INTO Funcionarios VALUES (000019, 'Técnico', 1706167436);
INSERT INTO Funcionarios VALUES (000021, 'Técnico', 1059377327);
INSERT INTO Funcionarios VALUES (000023, 'Técnico', 1748449672);
INSERT INTO Funcionarios VALUES (000024, 'Segurança', 1903134071);
INSERT INTO Funcionarios VALUES (000029, 'Segurança', 1999738263);
INSERT INTO Funcionarios VALUES (000031, 'Técnico', 1764861258);
INSERT INTO Funcionarios VALUES (000033, 'Segurança', 1134156738);
INSERT INTO Funcionarios VALUES (000037, 'Cozinheiro', 1832688200);
INSERT INTO Funcionarios VALUES (000038, 'Cozinheiro', 1715298764);
INSERT INTO Funcionarios VALUES (000039, 'Técnico', 1455330042);
INSERT INTO Funcionarios VALUES (000041, 'Segurança', 1453638795);
INSERT INTO Funcionarios VALUES (000046, 'Staff', 1528149932);
INSERT INTO Funcionarios VALUES (000047, 'Staff', 1310789077);
INSERT INTO Funcionarios VALUES (000049, 'Cozinheiro', 1008435895);
INSERT INTO Funcionarios VALUES (000050, 'Técnico', 1937130002);
INSERT INTO Funcionarios VALUES (000053, 'Segurança', 1190480300);
INSERT INTO Funcionarios VALUES (000055, 'Gerente', 1398463319);
INSERT INTO Funcionarios VALUES (000057, 'Staff', 1537386088);
INSERT INTO Funcionarios VALUES (000058, 'Técnico', 1568111219);
INSERT INTO Funcionarios VALUES (000069, 'Gerente', 1408551905);
INSERT INTO Funcionarios VALUES (000073, 'Técnico', 1478814395);
INSERT INTO Funcionarios VALUES (000086, 'Gerente', 1367786824);
INSERT INTO Funcionarios VALUES (000087, 'Técnico', 1378385874);
INSERT INTO Funcionarios VALUES (000090, 'Técnico', 1470626082);
INSERT INTO Funcionarios VALUES (000095, 'Gerente', 1321057748);
INSERT INTO Funcionarios VALUES (000096, 'Staff', 1393781635);
INSERT INTO Funcionarios VALUES (000099, 'Cozinheiro', 1236889137);
INSERT INTO Funcionarios VALUES (000100, 'Técnico', 1271181615);
INSERT INTO Funcionarios VALUES (000114, 'Segurança', 1652443990);
INSERT INTO Funcionarios VALUES (000115, 'Segurança', 1227279771);
INSERT INTO Funcionarios VALUES (000117, 'Gerente', 1808429088);
INSERT INTO Funcionarios VALUES (000126, 'Técnico', 1099202383);
INSERT INTO Funcionarios VALUES (000127, 'Gerente', 1183072280);
INSERT INTO Funcionarios VALUES (000129, 'Cozinheiro', 1010597155);
INSERT INTO Funcionarios VALUES (000130, 'Segurança', 1827205361);
INSERT INTO Funcionarios VALUES (000131, 'Staff', 1444156939);
INSERT INTO Funcionarios VALUES (000132, 'Cozinheiro', 1878644584);
INSERT INTO Funcionarios VALUES (000133, 'Staff', 1206066365);
INSERT INTO Funcionarios VALUES (000137, 'Cozinheiro', 1833135705);
INSERT INTO Funcionarios VALUES (000139, 'Staff', 1647292280);
INSERT INTO Funcionarios VALUES (000140, 'Cozinheiro', 1851843338);
INSERT INTO Funcionarios VALUES (000145, 'Técnico', 1082875234);
INSERT INTO Funcionarios VALUES (000150, 'Técnico', 1352898545);

INSERT INTO Bilhetes VALUES (000002, 1, 'Gold', 2012-04-16, 2012-04-17, NULL);
INSERT INTO Bilhetes VALUES (000004, 2, 'Gold', 2011-11-15, 2011-11-17, NULL);
INSERT INTO Bilhetes VALUES (000005, 3, 'Gold', 2012-01-04, 2012-01-06, NULL);
INSERT INTO Bilhetes VALUES (000007, 4, 'Premium', 2012-02-09, 2012-02-13, NULL);
INSERT INTO Bilhetes VALUES (000008, 5, 'Gold', 2012-05-03, 2012-05-08, NULL);
INSERT INTO Bilhetes VALUES (000009, 6, 'Premium', 2014-07-26, 2014-07-27, NULL);
INSERT INTO Bilhetes VALUES (000010, 7, 'Regular', 2012-08-10, 2012-08-11, NULL);
INSERT INTO Bilhetes VALUES (000012, 8, 'Regular', 2011-08-16, 2011-08-20, NULL);
INSERT INTO Bilhetes VALUES (000013, 9, 'Gold', 2011-05-11, 2011-05-16, NULL);
INSERT INTO Bilhetes VALUES (000014, 10, 'Regular', 2014-11-02, 2014-11-06, NULL);
INSERT INTO Bilhetes VALUES (000016, 11, 'Premium', 2015-02-08, 2015-02-10, NULL);
INSERT INTO Bilhetes VALUES (000020, 12, 'Gold', 2011-10-20, 2011-10-22, NULL);
INSERT INTO Bilhetes VALUES (000022, 13, 'Gold', 2013-09-11, 2013-09-16, NULL);
INSERT INTO Bilhetes VALUES (000025, 14, 'Gold', 2017-01-08, 2017-01-12, NULL);
INSERT INTO Bilhetes VALUES (000026, 15, 'Premium', 2017-04-16, 2017-04-19, NULL);
INSERT INTO Bilhetes VALUES (000027, 16, 'Premium', 2017-02-08, 2017-02-10, NULL);
INSERT INTO Bilhetes VALUES (000028, 17, 'Premium', 2010-03-23, 2010-03-27, NULL);
INSERT INTO Bilhetes VALUES (000030, 18, 'Premium', 2011-06-03, 2011-06-07, NULL);
INSERT INTO Bilhetes VALUES (000032, 19, 'Gold', 2012-08-21, 2012-08-22, NULL);
INSERT INTO Bilhetes VALUES (000034, 20, 'Gold', 2012-06-13, 2012-06-14, NULL);
INSERT INTO Bilhetes VALUES (000035, 21, 'Regular', 2012-07-15, 2012-07-19, NULL);
INSERT INTO Bilhetes VALUES (000036, 22, 'Regular', 2014-10-11, 2014-10-12, NULL);
INSERT INTO Bilhetes VALUES (000040, 23, 'Premium', 2012-06-17, 2012-06-18, NULL);
INSERT INTO Bilhetes VALUES (000042, 24, 'Premium', 2011-01-04, 2011-01-06, NULL);
INSERT INTO Bilhetes VALUES (000043, 25, 'Premium', 2013-01-17, 2013-01-20, NULL);
INSERT INTO Bilhetes VALUES (000044, 26, 'Gold', 2011-09-24, 2011-09-27, NULL);
INSERT INTO Bilhetes VALUES (000045, 27, 'Regular', 2010-09-12, 2010-09-13, NULL);
INSERT INTO Bilhetes VALUES (000048, 28, 'Premium', 2015-05-22, 2015-05-26, NULL);
INSERT INTO Bilhetes VALUES (000051, 29, 'Regular', 2013-10-16, 2013-10-19, NULL);
INSERT INTO Bilhetes VALUES (000052, 30, 'Regular', 2012-09-09, 2012-09-10, NULL);
INSERT INTO Bilhetes VALUES (000054, 31, 'Regular', 2013-08-01, 2013-08-03, NULL);
INSERT INTO Bilhetes VALUES (000056, 32, 'Regular', 2012-01-01, 2012-01-05, NULL);
INSERT INTO Bilhetes VALUES (000059, 33, 'Gold', 2015-11-16, 2015-11-18, NULL);
INSERT INTO Bilhetes VALUES (000060, 34, 'Premium', 2013-03-22, 2013-03-25, NULL);
INSERT INTO Bilhetes VALUES (000061, 35, 'Regular', 2011-01-11, 2011-01-16, NULL);
INSERT INTO Bilhetes VALUES (000062, 36, 'Gold', 2015-02-01, 2015-02-06, NULL);
INSERT INTO Bilhetes VALUES (000063, 37, 'Regular', 2013-04-10, 2013-04-11, NULL);
INSERT INTO Bilhetes VALUES (000064, 38, 'Gold', 2015-10-12, 2015-10-14, NULL);
INSERT INTO Bilhetes VALUES (000065, 39, 'Gold', 2011-09-03, 2011-09-05, NULL);
INSERT INTO Bilhetes VALUES (000066, 40, 'Regular', 2014-08-04, 2014-08-08, NULL);
INSERT INTO Bilhetes VALUES (000067, 41, 'Premium', 2010-04-06, 2010-04-07, NULL);
INSERT INTO Bilhetes VALUES (000068, 42, 'Regular', 2011-01-04, 2011-01-07, NULL);
INSERT INTO Bilhetes VALUES (000070, 43, 'Regular', 2012-09-13, 2012-09-14, NULL);
INSERT INTO Bilhetes VALUES (000071, 44, 'Regular', 2014-09-01, 2014-09-05, NULL);
INSERT INTO Bilhetes VALUES (000072, 45, 'Gold', 2013-11-01, 2013-11-06, NULL);
INSERT INTO Bilhetes VALUES (000074, 46, 'Regular', 2011-01-07, 2011-01-11, NULL);
INSERT INTO Bilhetes VALUES (000075, 47, 'Regular', 2014-03-08, 2014-03-09, NULL);
INSERT INTO Bilhetes VALUES (000076, 48, 'Regular', 2013-06-03, 2013-06-08, NULL);
INSERT INTO Bilhetes VALUES (000077, 49, 'Gold', 2016-10-11, 2016-10-14, NULL);
INSERT INTO Bilhetes VALUES (000078, 50, 'Premium', 2015-05-13, 2015-05-17, NULL);
INSERT INTO Bilhetes VALUES (000079, 51, 'Premium', 2014-11-04, 2014-11-08, NULL);
INSERT INTO Bilhetes VALUES (000080, 52, 'Premium', 2010-03-13, 2010-03-18, NULL);
INSERT INTO Bilhetes VALUES (000081, 53, 'Gold', 2012-03-18, 2012-03-20, NULL);
INSERT INTO Bilhetes VALUES (000082, 54, 'Gold', 2013-03-03, 2013-03-08, NULL);
INSERT INTO Bilhetes VALUES (000083, 55, 'Gold', 2012-02-08, 2012-02-11, NULL);
INSERT INTO Bilhetes VALUES (000084, 56, 'Gold', 2013-06-24, 2013-06-27, NULL);
INSERT INTO Bilhetes VALUES (000085, 57, 'Premium', 2013-11-21, 2013-11-26, NULL);
INSERT INTO Bilhetes VALUES (000088, 58, 'Gold', 2013-10-10, 2013-10-11, NULL);
INSERT INTO Bilhetes VALUES (000089, 59, 'Regular', 2012-10-04, 2012-10-08, NULL);
INSERT INTO Bilhetes VALUES (000091, 60, 'Premium', 2012-06-01, 2012-06-04, NULL);
INSERT INTO Bilhetes VALUES (000092, 61, 'Regular', 2013-05-11, 2013-05-12, NULL);
INSERT INTO Bilhetes VALUES (000093, 62, 'Gold', 2010-01-07, 2010-01-11, NULL);
INSERT INTO Bilhetes VALUES (000094, 63, 'Gold', 2016-05-19, 2016-05-22, NULL);
INSERT INTO Bilhetes VALUES (000097, 64, 'Gold', 2014-06-05, 2014-06-10, NULL);
INSERT INTO Bilhetes VALUES (000098, 65, 'Gold', 2014-10-02, 2014-10-03, NULL);
INSERT INTO Bilhetes VALUES (000101, 66, 'Regular', 2011-04-17, 2011-04-19, NULL);
INSERT INTO Bilhetes VALUES (000102, 67, 'Premium', 2014-02-04, 2014-02-09, NULL);
INSERT INTO Bilhetes VALUES (000103, 68, 'Gold', 2010-01-10, 2010-01-12, NULL);
INSERT INTO Bilhetes VALUES (000104, 69, 'Premium', 2011-08-16, 2011-08-19, NULL);
INSERT INTO Bilhetes VALUES (000105, 70, 'Gold', 2011-04-24, 2011-04-26, NULL);
INSERT INTO Bilhetes VALUES (000106, 71, 'Regular', 2015-10-21, 2015-10-22, NULL);
INSERT INTO Bilhetes VALUES (000107, 72, 'Premium', 2016-06-05, 2016-06-07, NULL);
INSERT INTO Bilhetes VALUES (000108, 73, 'Regular', 2015-02-26, 2015-02-27, NULL);
INSERT INTO Bilhetes VALUES (000109, 74, 'Gold', 2012-02-14, 2012-02-19, NULL);
INSERT INTO Bilhetes VALUES (000110, 75, 'Regular', 2015-01-12, 2015-01-13, NULL);
INSERT INTO Bilhetes VALUES (000111, 76, 'Premium', 2016-01-22, 2016-01-25, NULL);
INSERT INTO Bilhetes VALUES (000112, 77, 'Premium', 2017-03-05, 2017-03-07, NULL);
INSERT INTO Bilhetes VALUES (000113, 78, 'Premium', 2011-11-06, 2011-11-11, NULL);
INSERT INTO Bilhetes VALUES (000116, 79, 'Regular', 2010-03-25, 2010-03-26, NULL);
INSERT INTO Bilhetes VALUES (000118, 80, 'Gold', 2012-03-17, 2012-03-22, NULL);
INSERT INTO Bilhetes VALUES (000119, 81, 'Gold', 2012-07-17, 2012-07-22, NULL);
INSERT INTO Bilhetes VALUES (000120, 82, 'Premium', 2015-03-06, 2015-03-07, NULL);
INSERT INTO Bilhetes VALUES (000121, 83, 'Regular', 2015-02-23, 2015-02-27, NULL);
INSERT INTO Bilhetes VALUES (000122, 84, 'Regular', 2017-07-01, 2017-07-05, NULL);
INSERT INTO Bilhetes VALUES (000123, 85, 'Premium', 2012-08-23, 2012-08-26, NULL);
INSERT INTO Bilhetes VALUES (000124, 86, 'Gold', 2013-03-12, 2013-03-15, NULL);
INSERT INTO Bilhetes VALUES (000125, 87, 'Regular', 2010-05-02, 2010-05-05, NULL);
INSERT INTO Bilhetes VALUES (000128, 88, 'Gold', 2016-09-19, 2016-09-23, NULL);
INSERT INTO Bilhetes VALUES (000134, 89, 'Gold', 2016-01-12, 2016-01-16, NULL);
INSERT INTO Bilhetes VALUES (000135, 90, 'Premium', 2016-06-01, 2016-06-05, NULL);
INSERT INTO Bilhetes VALUES (000136, 91, 'Gold', 2014-11-13, 2014-11-18, NULL);
INSERT INTO Bilhetes VALUES (000138, 92, 'Premium', 2011-07-02, 2011-07-07, NULL);
INSERT INTO Bilhetes VALUES (000141, 93, 'Regular', 2015-04-26, 2015-04-27, NULL);
INSERT INTO Bilhetes VALUES (000142, 94, 'Premium', 2010-07-19, 2010-07-24, NULL);
INSERT INTO Bilhetes VALUES (000143, 95, 'Gold', 2017-09-18, 2017-09-20, NULL);
INSERT INTO Bilhetes VALUES (000144, 96, 'Gold', 2013-05-06, 2013-05-09, NULL);
INSERT INTO Bilhetes VALUES (000146, 97, 'Gold', 2013-11-02, 2013-11-07, NULL);
INSERT INTO Bilhetes VALUES (000147, 98, 'Gold', 2015-08-17, 2015-08-22, NULL);
INSERT INTO Bilhetes VALUES (000148, 99, 'Premium', 2011-02-15, 2011-02-16, NULL);
INSERT INTO Bilhetes VALUES (000149, 100, 'Regular', 2016-10-06, 2016-10-09, NULL);

INSERT INTO Visitas VALUES (000002, 06, 2012-04-16, 0);
INSERT INTO Visitas VALUES (000002, 11, 2012-04-16, 0);
INSERT INTO Visitas VALUES (000002, 04, 2012-04-16, 3);
INSERT INTO Visitas VALUES (000002, 05, 2012-04-16, 5);
INSERT INTO Visitas VALUES (000002, 14, 2012-04-16, 1);
INSERT INTO Visitas VALUES (000002, 02, 2012-04-17, NULL);
INSERT INTO Visitas VALUES (000004, 02, 2011-11-17, 2);
INSERT INTO Visitas VALUES (000004, 08, 2011-11-15, 3);
INSERT INTO Visitas VALUES (000004, 14, 2011-11-17, 0);
INSERT INTO Visitas VALUES (000004, 15, 2011-11-16, 4);
INSERT INTO Visitas VALUES (000004, 09, 2011-11-16, NULL);
INSERT INTO Visitas VALUES (000004, 12, 2011-11-17, 2);
INSERT INTO Visitas VALUES (000004, 07, 2011-11-15, 0);
INSERT INTO Visitas VALUES (000005, 03, 2012-01-04, 0);
INSERT INTO Visitas VALUES (000005, 05, 2012-01-06, 4);
INSERT INTO Visitas VALUES (000005, 06, 2012-01-06, 3);
INSERT INTO Visitas VALUES (000005, 01, 2012-01-05, 3);
INSERT INTO Visitas VALUES (000005, 08, 2012-01-06, 3);
INSERT INTO Visitas VALUES (000005, 07, 2012-01-05, 0);
INSERT INTO Visitas VALUES (000007, 12, 2012-02-09, 5);
INSERT INTO Visitas VALUES (000007, 11, 2012-02-13, 4);
INSERT INTO Visitas VALUES (000007, 13, 2012-02-09, 4);
INSERT INTO Visitas VALUES (000007, 15, 2012-02-13, NULL);
INSERT INTO Visitas VALUES (000007, 03, 2012-02-13, NULL);
INSERT INTO Visitas VALUES (000007, 02, 2012-02-13, NULL);
INSERT INTO Visitas VALUES (000008, 05, 2012-05-04, 1);
INSERT INTO Visitas VALUES (000008, 11, 2012-05-08, 3);
INSERT INTO Visitas VALUES (000008, 15, 2012-05-03, NULL);
INSERT INTO Visitas VALUES (000008, 06, 2012-05-07, 3);
INSERT INTO Visitas VALUES (000008, 08, 2012-05-06, NULL);
INSERT INTO Visitas VALUES (000008, 07, 2012-05-06, 5);
INSERT INTO Visitas VALUES (000009, 04, 2014-07-26, 3);
INSERT INTO Visitas VALUES (000009, 03, 2014-07-27, NULL);
INSERT INTO Visitas VALUES (000009, 13, 2014-07-26, 1);
INSERT INTO Visitas VALUES (000009, 02, 2014-07-26, 1);
INSERT INTO Visitas VALUES (000009, 14, 2014-07-26, 5);
INSERT INTO Visitas VALUES (000010, 05, 2012-08-10, 5);
INSERT INTO Visitas VALUES (000010, 07, 2012-08-10, 2);
INSERT INTO Visitas VALUES (000010, 03, 2012-08-10, 4);
INSERT INTO Visitas VALUES (000012, 06, 2011-08-18, 3);
INSERT INTO Visitas VALUES (000012, 05, 2011-08-20, NULL);
INSERT INTO Visitas VALUES (000013, 06, 2011-05-14, NULL);
INSERT INTO Visitas VALUES (000013, 07, 2011-05-15, NULL);
INSERT INTO Visitas VALUES (000013, 01, 2011-05-12, 0);
INSERT INTO Visitas VALUES (000013, 02, 2011-05-12, NULL);
INSERT INTO Visitas VALUES (000013, 08, 2011-05-12, NULL);
INSERT INTO Visitas VALUES (000013, 11, 2011-05-11, 5);
INSERT INTO Visitas VALUES (000013, 10, 2011-05-12, NULL);
INSERT INTO Visitas VALUES (000013, 03, 2011-05-15, 3);
INSERT INTO Visitas VALUES (000014, 10, 2014-11-03, 5);
INSERT INTO Visitas VALUES (000014, 11, 2014-11-03, 5);
INSERT INTO Visitas VALUES (000016, 01, 2015-02-09, 4);
INSERT INTO Visitas VALUES (000016, 03, 2015-02-09, 5);
INSERT INTO Visitas VALUES (000016, 02, 2015-02-10, NULL);
INSERT INTO Visitas VALUES (000016, 09, 2015-02-09, 0);
INSERT INTO Visitas VALUES (000016, 11, 2015-02-08, NULL);
INSERT INTO Visitas VALUES (000016, 10, 2015-02-09, NULL);
INSERT INTO Visitas VALUES (000016, 08, 2015-02-09, 2);
INSERT INTO Visitas VALUES (000016, 12, 2015-02-10, NULL);
INSERT INTO Visitas VALUES (000020, 15, 2011-10-22, 5);
INSERT INTO Visitas VALUES (000020, 03, 2011-10-21, 0);
INSERT INTO Visitas VALUES (000020, 05, 2011-10-20, 5);
INSERT INTO Visitas VALUES (000020, 10, 2011-10-21, 0);
INSERT INTO Visitas VALUES (000020, 04, 2011-10-22, 0);
INSERT INTO Visitas VALUES (000020, 14, 2011-10-20, 2);
INSERT INTO Visitas VALUES (000022, 03, 2013-09-16, 1);
INSERT INTO Visitas VALUES (000022, 01, 2013-09-14, 3);
INSERT INTO Visitas VALUES (000022, 14, 2013-09-14, 4);
INSERT INTO Visitas VALUES (000025, 14, 2017-01-08, NULL);
INSERT INTO Visitas VALUES (000025, 10, 2017-01-12, 4);
INSERT INTO Visitas VALUES (000025, 09, 2017-01-12, 1);
INSERT INTO Visitas VALUES (000025, 15, 2017-01-09, 2);
INSERT INTO Visitas VALUES (000025, 02, 2017-01-09, NULL);
INSERT INTO Visitas VALUES (000026, 07, 2017-04-19, 5);
INSERT INTO Visitas VALUES (000027, 10, 2017-02-08, 3);
INSERT INTO Visitas VALUES (000027, 03, 2017-02-08, 0);
INSERT INTO Visitas VALUES (000028, 05, 2010-03-25, NULL);
INSERT INTO Visitas VALUES (000028, 11, 2010-03-26, 1);
INSERT INTO Visitas VALUES (000028, 08, 2010-03-25, NULL);
INSERT INTO Visitas VALUES (000028, 13, 2010-03-25, 2);
INSERT INTO Visitas VALUES (000028, 14, 2010-03-24, 2);
INSERT INTO Visitas VALUES (000028, 15, 2010-03-23, 1);
INSERT INTO Visitas VALUES (000028, 02, 2010-03-24, 0);
INSERT INTO Visitas VALUES (000030, 15, 2011-06-04, NULL);
INSERT INTO Visitas VALUES (000030, 07, 2011-06-04, NULL);
INSERT INTO Visitas VALUES (000030, 13, 2011-06-05, NULL);
INSERT INTO Visitas VALUES (000030, 05, 2011-06-07, 5);
INSERT INTO Visitas VALUES (000030, 10, 2011-06-05, NULL);
INSERT INTO Visitas VALUES (000030, 12, 2011-06-06, NULL);
INSERT INTO Visitas VALUES (000030, 01, 2011-06-05, NULL);
INSERT INTO Visitas VALUES (000030, 11, 2011-06-05, 0);
INSERT INTO Visitas VALUES (000032, 09, 2012-08-22, 0);
INSERT INTO Visitas VALUES (000032, 06, 2012-08-22, NULL);
INSERT INTO Visitas VALUES (000032, 07, 2012-08-21, 1);
INSERT INTO Visitas VALUES (000032, 15, 2012-08-22, 4);
INSERT INTO Visitas VALUES (000032, 05, 2012-08-21, 0);
INSERT INTO Visitas VALUES (000032, 11, 2012-08-21, NULL);
INSERT INTO Visitas VALUES (000034, 13, 2012-06-14, 4);
INSERT INTO Visitas VALUES (000034, 11, 2012-06-14, 0);
INSERT INTO Visitas VALUES (000034, 06, 2012-06-14, NULL);
INSERT INTO Visitas VALUES (000035, 14, 2012-07-15, 0);
INSERT INTO Visitas VALUES (000035, 01, 2012-07-15, 0);
INSERT INTO Visitas VALUES (000035, 10, 2012-07-16, NULL);
INSERT INTO Visitas VALUES (000036, 04, 2014-10-12, 1);
INSERT INTO Visitas VALUES (000036, 12, 2014-10-11, NULL);
INSERT INTO Visitas VALUES (000036, 08, 2014-10-11, 3);
INSERT INTO Visitas VALUES (000036, 09, 2014-10-11, 5);
INSERT INTO Visitas VALUES (000036, 14, 2014-10-11, 0);
INSERT INTO Visitas VALUES (000036, 10, 2014-10-12, 3);
INSERT INTO Visitas VALUES (000036, 02, 2014-10-11, NULL);
INSERT INTO Visitas VALUES (000036, 05, 2014-10-12, 1);
INSERT INTO Visitas VALUES (000040, 03, 2012-06-17, 0);
INSERT INTO Visitas VALUES (000040, 11, 2012-06-18, 5);
INSERT INTO Visitas VALUES (000040, 07, 2012-06-18, 1);
INSERT INTO Visitas VALUES (000040, 01, 2012-06-17, 1);
INSERT INTO Visitas VALUES (000040, 04, 2012-06-18, NULL);
INSERT INTO Visitas VALUES (000040, 12, 2012-06-18, 2);
INSERT INTO Visitas VALUES (000040, 06, 2012-06-18, 4);
INSERT INTO Visitas VALUES (000040, 02, 2012-06-18, NULL);
INSERT INTO Visitas VALUES (000042, 02, 2011-01-04, 1);
INSERT INTO Visitas VALUES (000042, 09, 2011-01-04, 0);
INSERT INTO Visitas VALUES (000042, 11, 2011-01-06, NULL);
INSERT INTO Visitas VALUES (000042, 07, 2011-01-06, NULL);
INSERT INTO Visitas VALUES (000043, 04, 2013-01-17, 0);
INSERT INTO Visitas VALUES (000043, 10, 2013-01-17, NULL);
INSERT INTO Visitas VALUES (000043, 05, 2013-01-17, NULL);
INSERT INTO Visitas VALUES (000043, 07, 2013-01-19, NULL);
INSERT INTO Visitas VALUES (000043, 02, 2013-01-20, 3);
INSERT INTO Visitas VALUES (000044, 02, 2011-09-24, 0);
INSERT INTO Visitas VALUES (000044, 15, 2011-09-26, NULL);
INSERT INTO Visitas VALUES (000044, 03, 2011-09-24, 1);
INSERT INTO Visitas VALUES (000044, 01, 2011-09-27, 0);
INSERT INTO Visitas VALUES (000044, 05, 2011-09-25, NULL);
INSERT INTO Visitas VALUES (000045, 15, 2010-09-12, 2);
INSERT INTO Visitas VALUES (000045, 11, 2010-09-13, 5);
INSERT INTO Visitas VALUES (000045, 02, 2010-09-13, 4);
INSERT INTO Visitas VALUES (000045, 10, 2010-09-13, 2);
INSERT INTO Visitas VALUES (000048, 11, 2015-05-22, 1);
INSERT INTO Visitas VALUES (000048, 08, 2015-05-25, 5);
INSERT INTO Visitas VALUES (000048, 07, 2015-05-26, NULL);
INSERT INTO Visitas VALUES (000051, 07, 2013-10-19, NULL);
INSERT INTO Visitas VALUES (000051, 09, 2013-10-19, 3);
INSERT INTO Visitas VALUES (000051, 10, 2013-10-18, 1);
INSERT INTO Visitas VALUES (000051, 02, 2013-10-17, 2);
INSERT INTO Visitas VALUES (000051, 06, 2013-10-18, 1);
INSERT INTO Visitas VALUES (000052, 15, 2012-09-10, 0);
INSERT INTO Visitas VALUES (000054, 04, 2013-08-01, NULL);
INSERT INTO Visitas VALUES (000054, 09, 2013-08-03, 1);
INSERT INTO Visitas VALUES (000054, 07, 2013-08-01, 3);
INSERT INTO Visitas VALUES (000056, 13, 2012-01-02, NULL);
INSERT INTO Visitas VALUES (000056, 11, 2012-01-03, 4);
INSERT INTO Visitas VALUES (000056, 03, 2012-01-05, 1);
INSERT INTO Visitas VALUES (000056, 06, 2012-01-04, 4);
INSERT INTO Visitas VALUES (000056, 15, 2012-01-04, NULL);
INSERT INTO Visitas VALUES (000059, 09, 2015-11-17, NULL);
INSERT INTO Visitas VALUES (000059, 11, 2015-11-16, 2);
INSERT INTO Visitas VALUES (000059, 03, 2015-11-18, NULL);
INSERT INTO Visitas VALUES (000059, 04, 2015-11-18, 5);
INSERT INTO Visitas VALUES (000059, 06, 2015-11-18, NULL);
INSERT INTO Visitas VALUES (000059, 10, 2015-11-17, 5);
INSERT INTO Visitas VALUES (000059, 08, 2015-11-17, 4);
INSERT INTO Visitas VALUES (000059, 15, 2015-11-18, 3);
INSERT INTO Visitas VALUES (000060, 08, 2013-03-25, 0);
INSERT INTO Visitas VALUES (000060, 01, 2013-03-23, 1);
INSERT INTO Visitas VALUES (000060, 06, 2013-03-24, 0);
INSERT INTO Visitas VALUES (000060, 05, 2013-03-24, 3);
INSERT INTO Visitas VALUES (000060, 12, 2013-03-25, 1);
INSERT INTO Visitas VALUES (000060, 04, 2013-03-24, 1);
INSERT INTO Visitas VALUES (000060, 11, 2013-03-23, NULL);
INSERT INTO Visitas VALUES (000061, 08, 2011-01-13, 4);
INSERT INTO Visitas VALUES (000061, 12, 2011-01-12, 5);
INSERT INTO Visitas VALUES (000061, 14, 2011-01-14, 4);
INSERT INTO Visitas VALUES (000062, 02, 2015-02-02, NULL);
INSERT INTO Visitas VALUES (000062, 13, 2015-02-05, 0);
INSERT INTO Visitas VALUES (000062, 12, 2015-02-03, 1);
INSERT INTO Visitas VALUES (000062, 09, 2015-02-06, NULL);
INSERT INTO Visitas VALUES (000063, 14, 2013-04-10, 3);
INSERT INTO Visitas VALUES (000064, 14, 2015-10-13, 3);
INSERT INTO Visitas VALUES (000064, 07, 2015-10-13, 2);
INSERT INTO Visitas VALUES (000064, 12, 2015-10-13, 3);
INSERT INTO Visitas VALUES (000065, 07, 2011-09-03, 0);
INSERT INTO Visitas VALUES (000066, 13, 2014-08-05, 0);
INSERT INTO Visitas VALUES (000066, 11, 2014-08-04, 5);
INSERT INTO Visitas VALUES (000066, 10, 2014-08-08, NULL);
INSERT INTO Visitas VALUES (000066, 05, 2014-08-08, 5);
INSERT INTO Visitas VALUES (000066, 09, 2014-08-06, 5);
INSERT INTO Visitas VALUES (000066, 15, 2014-08-05, 2);
INSERT INTO Visitas VALUES (000066, 12, 2014-08-05, 0);
INSERT INTO Visitas VALUES (000067, 14, 2010-04-06, NULL);
INSERT INTO Visitas VALUES (000068, 07, 2011-01-07, 0);
INSERT INTO Visitas VALUES (000068, 15, 2011-01-04, 3);
INSERT INTO Visitas VALUES (000068, 01, 2011-01-07, NULL);
INSERT INTO Visitas VALUES (000068, 12, 2011-01-04, NULL);
INSERT INTO Visitas VALUES (000070, 14, 2012-09-14, 1);
INSERT INTO Visitas VALUES (000070, 10, 2012-09-14, 3);
INSERT INTO Visitas VALUES (000070, 05, 2012-09-14, NULL);
INSERT INTO Visitas VALUES (000070, 04, 2012-09-13, NULL);
INSERT INTO Visitas VALUES (000070, 06, 2012-09-14, 3);
INSERT INTO Visitas VALUES (000071, 08, 2014-09-01, 5);
INSERT INTO Visitas VALUES (000071, 03, 2014-09-03, 0);
INSERT INTO Visitas VALUES (000071, 07, 2014-09-02, 1);
INSERT INTO Visitas VALUES (000071, 01, 2014-09-01, NULL);
INSERT INTO Visitas VALUES (000071, 02, 2014-09-05, NULL);
INSERT INTO Visitas VALUES (000071, 06, 2014-09-02, 3);
INSERT INTO Visitas VALUES (000071, 04, 2014-09-02, 5);
INSERT INTO Visitas VALUES (000071, 14, 2014-09-05, NULL);
INSERT INTO Visitas VALUES (000072, 09, 2013-11-04, 3);
INSERT INTO Visitas VALUES (000072, 12, 2013-11-04, 2);
INSERT INTO Visitas VALUES (000072, 14, 2013-11-06, 2);
INSERT INTO Visitas VALUES (000072, 15, 2013-11-01, 2);
INSERT INTO Visitas VALUES (000072, 10, 2013-11-03, 1);
INSERT INTO Visitas VALUES (000072, 07, 2013-11-01, 5);
INSERT INTO Visitas VALUES (000072, 03, 2013-11-03, NULL);
INSERT INTO Visitas VALUES (000074, 04, 2011-01-07, 0);
INSERT INTO Visitas VALUES (000074, 03, 2011-01-10, 2);
INSERT INTO Visitas VALUES (000074, 09, 2011-01-09, 0);
INSERT INTO Visitas VALUES (000075, 14, 2014-03-08, NULL);
INSERT INTO Visitas VALUES (000075, 10, 2014-03-09, NULL);
INSERT INTO Visitas VALUES (000075, 01, 2014-03-08, 4);
INSERT INTO Visitas VALUES (000075, 05, 2014-03-08, 4);
INSERT INTO Visitas VALUES (000075, 02, 2014-03-08, 1);
INSERT INTO Visitas VALUES (000075, 15, 2014-03-09, 3);
INSERT INTO Visitas VALUES (000075, 04, 2014-03-09, NULL);
INSERT INTO Visitas VALUES (000076, 06, 2013-06-05, 4);
INSERT INTO Visitas VALUES (000076, 05, 2013-06-04, NULL);
INSERT INTO Visitas VALUES (000076, 01, 2013-06-08, 3);
INSERT INTO Visitas VALUES (000076, 15, 2013-06-03, NULL);
INSERT INTO Visitas VALUES (000076, 08, 2013-06-06, 0);
INSERT INTO Visitas VALUES (000076, 03, 2013-06-06, 1);
INSERT INTO Visitas VALUES (000076, 11, 2013-06-06, NULL);
INSERT INTO Visitas VALUES (000076, 09, 2013-06-04, 1);
INSERT INTO Visitas VALUES (000077, 08, 2016-10-13, NULL);
INSERT INTO Visitas VALUES (000078, 04, 2015-05-16, 4);
INSERT INTO Visitas VALUES (000078, 11, 2015-05-13, 1);
INSERT INTO Visitas VALUES (000078, 15, 2015-05-16, 3);
INSERT INTO Visitas VALUES (000078, 14, 2015-05-16, 0);
INSERT INTO Visitas VALUES (000078, 07, 2015-05-15, 2);
INSERT INTO Visitas VALUES (000078, 06, 2015-05-14, 3);
INSERT INTO Visitas VALUES (000079, 13, 2014-11-04, 3);
INSERT INTO Visitas VALUES (000079, 11, 2014-11-08, NULL);
INSERT INTO Visitas VALUES (000079, 05, 2014-11-06, 2);
INSERT INTO Visitas VALUES (000079, 03, 2014-11-04, NULL);
INSERT INTO Visitas VALUES (000079, 15, 2014-11-08, 2);
INSERT INTO Visitas VALUES (000079, 02, 2014-11-08, 1);
INSERT INTO Visitas VALUES (000079, 10, 2014-11-08, NULL);
INSERT INTO Visitas VALUES (000080, 06, 2010-03-13, 5);
INSERT INTO Visitas VALUES (000081, 08, 2012-03-20, NULL);
INSERT INTO Visitas VALUES (000081, 13, 2012-03-19, 5);
INSERT INTO Visitas VALUES (000082, 04, 2013-03-03, 2);
INSERT INTO Visitas VALUES (000082, 15, 2013-03-03, NULL);
INSERT INTO Visitas VALUES (000082, 10, 2013-03-08, NULL);
INSERT INTO Visitas VALUES (000083, 09, 2012-02-08, 2);
INSERT INTO Visitas VALUES (000083, 10, 2012-02-11, NULL);
INSERT INTO Visitas VALUES (000084, 11, 2013-06-24, 1);
INSERT INTO Visitas VALUES (000084, 09, 2013-06-24, 1);
INSERT INTO Visitas VALUES (000084, 06, 2013-06-25, 3);
INSERT INTO Visitas VALUES (000085, 06, 2013-11-24, 4);
INSERT INTO Visitas VALUES (000085, 07, 2013-11-25, 0);
INSERT INTO Visitas VALUES (000085, 11, 2013-11-22, 0);
INSERT INTO Visitas VALUES (000085, 08, 2013-11-24, 1);
INSERT INTO Visitas VALUES (000088, 15, 2013-10-11, 1);
INSERT INTO Visitas VALUES (000089, 08, 2012-10-05, 5);
INSERT INTO Visitas VALUES (000089, 15, 2012-10-07, 0);
INSERT INTO Visitas VALUES (000089, 10, 2012-10-07, 2);
INSERT INTO Visitas VALUES (000089, 01, 2012-10-08, 1);
INSERT INTO Visitas VALUES (000091, 01, 2012-06-02, 5);
INSERT INTO Visitas VALUES (000091, 03, 2012-06-04, 4);
INSERT INTO Visitas VALUES (000091, 14, 2012-06-02, 4);
INSERT INTO Visitas VALUES (000091, 12, 2012-06-01, 4);
INSERT INTO Visitas VALUES (000092, 02, 2013-05-11, 1);
INSERT INTO Visitas VALUES (000092, 11, 2013-05-11, 2);
INSERT INTO Visitas VALUES (000092, 05, 2013-05-12, 0);
INSERT INTO Visitas VALUES (000092, 09, 2013-05-11, 4);
INSERT INTO Visitas VALUES (000092, 06, 2013-05-12, 3);
INSERT INTO Visitas VALUES (000092, 03, 2013-05-11, NULL);
INSERT INTO Visitas VALUES (000092, 13, 2013-05-12, 0);
INSERT INTO Visitas VALUES (000092, 01, 2013-05-11, 2);
INSERT INTO Visitas VALUES (000093, 11, 2010-01-11, NULL);
INSERT INTO Visitas VALUES (000094, 03, 2016-05-21, 1);
INSERT INTO Visitas VALUES (000097, 05, 2014-06-09, NULL);
INSERT INTO Visitas VALUES (000097, 06, 2014-06-05, 4);
INSERT INTO Visitas VALUES (000097, 12, 2014-06-05, 5);
INSERT INTO Visitas VALUES (000097, 10, 2014-06-08, 4);
INSERT INTO Visitas VALUES (000097, 13, 2014-06-07, 4);
INSERT INTO Visitas VALUES (000098, 01, 2014-10-02, 1);
INSERT INTO Visitas VALUES (000098, 03, 2014-10-03, NULL);
INSERT INTO Visitas VALUES (000098, 07, 2014-10-03, NULL);
INSERT INTO Visitas VALUES (000098, 10, 2014-10-02, 5);
INSERT INTO Visitas VALUES (000101, 11, 2011-04-18, 4);
INSERT INTO Visitas VALUES (000101, 10, 2011-04-18, 0);
INSERT INTO Visitas VALUES (000101, 05, 2011-04-18, 1);
INSERT INTO Visitas VALUES (000101, 04, 2011-04-17, 0);
INSERT INTO Visitas VALUES (000101, 07, 2011-04-18, NULL);
INSERT INTO Visitas VALUES (000101, 08, 2011-04-18, 2);
INSERT INTO Visitas VALUES (000101, 15, 2011-04-19, NULL);
INSERT INTO Visitas VALUES (000101, 01, 2011-04-18, 0);
INSERT INTO Visitas VALUES (000102, 15, 2014-02-08, 4);
INSERT INTO Visitas VALUES (000103, 12, 2010-01-12, NULL);
INSERT INTO Visitas VALUES (000103, 07, 2010-01-11, 1);
INSERT INTO Visitas VALUES (000103, 10, 2010-01-11, NULL);
INSERT INTO Visitas VALUES (000103, 03, 2010-01-11, 5);
INSERT INTO Visitas VALUES (000103, 09, 2010-01-10, 4);
INSERT INTO Visitas VALUES (000103, 02, 2010-01-10, 0);
INSERT INTO Visitas VALUES (000104, 08, 2011-08-19, NULL);
INSERT INTO Visitas VALUES (000104, 07, 2011-08-18, 1);
INSERT INTO Visitas VALUES (000104, 12, 2011-08-17, 3);
INSERT INTO Visitas VALUES (000105, 01, 2011-04-24, NULL);
INSERT INTO Visitas VALUES (000105, 03, 2011-04-25, 0);
INSERT INTO Visitas VALUES (000105, 14, 2011-04-26, 4);
INSERT INTO Visitas VALUES (000105, 07, 2011-04-26, 5);
INSERT INTO Visitas VALUES (000105, 09, 2011-04-24, NULL);
INSERT INTO Visitas VALUES (000105, 12, 2011-04-26, 1);
INSERT INTO Visitas VALUES (000105, 04, 2011-04-24, 4);
INSERT INTO Visitas VALUES (000105, 02, 2011-04-25, NULL);
INSERT INTO Visitas VALUES (000106, 11, 2015-10-22, 2);
INSERT INTO Visitas VALUES (000106, 02, 2015-10-22, 3);
INSERT INTO Visitas VALUES (000106, 09, 2015-10-22, NULL);
INSERT INTO Visitas VALUES (000106, 05, 2015-10-21, NULL);
INSERT INTO Visitas VALUES (000107, 02, 2016-06-06, 1);
INSERT INTO Visitas VALUES (000107, 14, 2016-06-07, 3);
INSERT INTO Visitas VALUES (000108, 14, 2015-02-26, 4);
INSERT INTO Visitas VALUES (000108, 08, 2015-02-27, NULL);
INSERT INTO Visitas VALUES (000108, 11, 2015-02-26, NULL);
INSERT INTO Visitas VALUES (000108, 10, 2015-02-26, NULL);
INSERT INTO Visitas VALUES (000109, 09, 2012-02-18, 5);
INSERT INTO Visitas VALUES (000110, 02, 2015-01-12, NULL);
INSERT INTO Visitas VALUES (000110, 14, 2015-01-12, 1);
INSERT INTO Visitas VALUES (000110, 12, 2015-01-12, 4);
INSERT INTO Visitas VALUES (000110, 07, 2015-01-12, 5);
INSERT INTO Visitas VALUES (000111, 09, 2016-01-22, 3);
INSERT INTO Visitas VALUES (000111, 06, 2016-01-22, NULL);
INSERT INTO Visitas VALUES (000111, 11, 2016-01-25, NULL);
INSERT INTO Visitas VALUES (000112, 05, 2017-03-07, 2);
INSERT INTO Visitas VALUES (000113, 03, 2011-11-09, 1);
INSERT INTO Visitas VALUES (000113, 06, 2011-11-08, 5);
INSERT INTO Visitas VALUES (000113, 14, 2011-11-06, 5);
INSERT INTO Visitas VALUES (000113, 15, 2011-11-06, 0);
INSERT INTO Visitas VALUES (000113, 08, 2011-11-10, 4);
INSERT INTO Visitas VALUES (000116, 03, 2010-03-26, 2);
INSERT INTO Visitas VALUES (000116, 09, 2010-03-25, 4);
INSERT INTO Visitas VALUES (000116, 02, 2010-03-26, NULL);
INSERT INTO Visitas VALUES (000116, 07, 2010-03-26, 5);
INSERT INTO Visitas VALUES (000118, 03, 2012-03-17, 2);
INSERT INTO Visitas VALUES (000118, 12, 2012-03-19, NULL);
INSERT INTO Visitas VALUES (000118, 10, 2012-03-22, 3);
INSERT INTO Visitas VALUES (000119, 01, 2012-07-21, 4);
INSERT INTO Visitas VALUES (000119, 04, 2012-07-18, 1);
INSERT INTO Visitas VALUES (000119, 10, 2012-07-21, 2);
INSERT INTO Visitas VALUES (000119, 05, 2012-07-22, 2);
INSERT INTO Visitas VALUES (000119, 08, 2012-07-18, 2);
INSERT INTO Visitas VALUES (000119, 03, 2012-07-19, 4);
INSERT INTO Visitas VALUES (000120, 02, 2015-03-07, 4);
INSERT INTO Visitas VALUES (000121, 10, 2015-02-24, 1);
INSERT INTO Visitas VALUES (000121, 12, 2015-02-26, 1);
INSERT INTO Visitas VALUES (000121, 02, 2015-02-25, 5);
INSERT INTO Visitas VALUES (000121, 09, 2015-02-25, NULL);
INSERT INTO Visitas VALUES (000121, 11, 2015-02-23, 1);
INSERT INTO Visitas VALUES (000121, 05, 2015-02-25, NULL);
INSERT INTO Visitas VALUES (000121, 07, 2015-02-25, 5);
INSERT INTO Visitas VALUES (000122, 05, 2017-07-02, 1);
INSERT INTO Visitas VALUES (000122, 14, 2017-07-03, 2);
INSERT INTO Visitas VALUES (000123, 05, 2012-08-23, 2);
INSERT INTO Visitas VALUES (000123, 09, 2012-08-26, NULL);
INSERT INTO Visitas VALUES (000124, 12, 2013-03-15, 4);
INSERT INTO Visitas VALUES (000124, 06, 2013-03-14, 1);
INSERT INTO Visitas VALUES (000125, 12, 2010-05-02, NULL);
INSERT INTO Visitas VALUES (000125, 15, 2010-05-03, 4);
INSERT INTO Visitas VALUES (000125, 10, 2010-05-04, 4);
INSERT INTO Visitas VALUES (000125, 05, 2010-05-02, 2);
INSERT INTO Visitas VALUES (000125, 11, 2010-05-02, 0);
INSERT INTO Visitas VALUES (000128, 11, 2016-09-23, 1);
INSERT INTO Visitas VALUES (000128, 14, 2016-09-23, NULL);
INSERT INTO Visitas VALUES (000128, 04, 2016-09-22, 1);
INSERT INTO Visitas VALUES (000128, 08, 2016-09-22, 3);
INSERT INTO Visitas VALUES (000128, 05, 2016-09-20, 4);
INSERT INTO Visitas VALUES (000134, 11, 2016-01-12, 2);
INSERT INTO Visitas VALUES (000134, 10, 2016-01-15, 1);
INSERT INTO Visitas VALUES (000134, 06, 2016-01-16, 5);
INSERT INTO Visitas VALUES (000134, 14, 2016-01-12, 5);
INSERT INTO Visitas VALUES (000135, 04, 2016-06-02, 1);
INSERT INTO Visitas VALUES (000135, 14, 2016-06-03, 3);
INSERT INTO Visitas VALUES (000135, 02, 2016-06-03, 3);
INSERT INTO Visitas VALUES (000135, 09, 2016-06-02, 1);
INSERT INTO Visitas VALUES (000135, 08, 2016-06-02, 1);
INSERT INTO Visitas VALUES (000136, 12, 2014-11-18, 0);
INSERT INTO Visitas VALUES (000136, 01, 2014-11-13, 5);
INSERT INTO Visitas VALUES (000138, 04, 2011-07-05, NULL);
INSERT INTO Visitas VALUES (000138, 03, 2011-07-02, 5);
INSERT INTO Visitas VALUES (000138, 09, 2011-07-04, 4);
INSERT INTO Visitas VALUES (000138, 08, 2011-07-02, NULL);
INSERT INTO Visitas VALUES (000138, 06, 2011-07-06, 5);
INSERT INTO Visitas VALUES (000138, 05, 2011-07-04, 3);
INSERT INTO Visitas VALUES (000138, 02, 2011-07-06, 1);
INSERT INTO Visitas VALUES (000138, 13, 2011-07-04, 4);
INSERT INTO Visitas VALUES (000141, 08, 2015-04-26, 4);
INSERT INTO Visitas VALUES (000141, 02, 2015-04-26, 1);
INSERT INTO Visitas VALUES (000141, 14, 2015-04-27, 4);
INSERT INTO Visitas VALUES (000141, 01, 2015-04-26, NULL);
INSERT INTO Visitas VALUES (000141, 09, 2015-04-26, 4);
INSERT INTO Visitas VALUES (000141, 11, 2015-04-27, 2);
INSERT INTO Visitas VALUES (000141, 12, 2015-04-26, 5);
INSERT INTO Visitas VALUES (000141, 13, 2015-04-27, 2);
INSERT INTO Visitas VALUES (000142, 07, 2010-07-20, 2);
INSERT INTO Visitas VALUES (000142, 04, 2010-07-22, NULL);
INSERT INTO Visitas VALUES (000142, 15, 2010-07-21, NULL);
INSERT INTO Visitas VALUES (000142, 09, 2010-07-19, NULL);
INSERT INTO Visitas VALUES (000143, 05, 2017-09-19, 4);
INSERT INTO Visitas VALUES (000143, 07, 2017-09-20, NULL);
INSERT INTO Visitas VALUES (000143, 10, 2017-09-18, 4);
INSERT INTO Visitas VALUES (000143, 09, 2017-09-19, 4);
INSERT INTO Visitas VALUES (000143, 15, 2017-09-18, 4);
INSERT INTO Visitas VALUES (000143, 04, 2017-09-20, 3);
INSERT INTO Visitas VALUES (000143, 01, 2017-09-20, 4);
INSERT INTO Visitas VALUES (000144, 14, 2013-05-09, NULL);
INSERT INTO Visitas VALUES (000144, 15, 2013-05-07, 3);
INSERT INTO Visitas VALUES (000144, 01, 2013-05-08, 3);
INSERT INTO Visitas VALUES (000144, 13, 2013-05-09, 5);
INSERT INTO Visitas VALUES (000144, 10, 2013-05-07, 5);
INSERT INTO Visitas VALUES (000146, 05, 2013-11-03, 4);
INSERT INTO Visitas VALUES (000146, 13, 2013-11-07, 4);
INSERT INTO Visitas VALUES (000146, 10, 2013-11-02, 5);
INSERT INTO Visitas VALUES (000146, 01, 2013-11-06, 1);
INSERT INTO Visitas VALUES (000146, 15, 2013-11-07, 2);
INSERT INTO Visitas VALUES (000147, 03, 2015-08-17, 5);
INSERT INTO Visitas VALUES (000148, 08, 2011-02-15, 3);
INSERT INTO Visitas VALUES (000148, 06, 2011-02-15, 4);
INSERT INTO Visitas VALUES (000148, 12, 2011-02-15, 1);
INSERT INTO Visitas VALUES (000148, 01, 2011-02-16, NULL);
INSERT INTO Visitas VALUES (000148, 11, 2011-02-15, 3);
INSERT INTO Visitas VALUES (000148, 10, 2011-02-15, NULL);
INSERT INTO Visitas VALUES (000148, 04, 2011-02-16, 1);
INSERT INTO Visitas VALUES (000148, 05, 2011-02-15, 5);
INSERT INTO Visitas VALUES (000149, 08, 2016-10-08, 1);
INSERT INTO Visitas VALUES (000149, 14, 2016-10-07, 0);
INSERT INTO Visitas VALUES (000149, 04, 2016-10-08, 1);
INSERT INTO Visitas VALUES (000149, 15, 2016-10-07, 1);
INSERT INTO Visitas VALUES (000149, 10, 2016-10-09, 2);
INSERT INTO Visitas VALUES (000149, 07, 2016-10-06, 1);
INSERT INTO Visitas VALUES (000149, 03, 2016-10-06, NULL);

INSERT INTO Mes VALUES (001, 'Janeiro', 2010);
INSERT INTO Mes VALUES (002, 'Fevereiro', 2010);
INSERT INTO Mes VALUES (003, 'Março', 2010);
INSERT INTO Mes VALUES (004, 'Abril', 2010);
INSERT INTO Mes VALUES (005, 'Maio', 2010);
INSERT INTO Mes VALUES (006, 'Junho', 2010);
INSERT INTO Mes VALUES (007, 'Julho', 2010);
INSERT INTO Mes VALUES (008, 'Agosto', 2010);
INSERT INTO Mes VALUES (009, 'Setembro', 2010);
INSERT INTO Mes VALUES (010, 'Outubro', 2010);
INSERT INTO Mes VALUES (011, 'Novembro', 2010);
INSERT INTO Mes VALUES (012, 'Dezembro', 2010);
INSERT INTO Mes VALUES (013, 'Janeiro', 2011);
INSERT INTO Mes VALUES (014, 'Fevereiro', 2011);
INSERT INTO Mes VALUES (015, 'Março', 2011);
INSERT INTO Mes VALUES (016, 'Abril', 2011);
INSERT INTO Mes VALUES (017, 'Maio', 2011);
INSERT INTO Mes VALUES (018, 'Junho', 2011);
INSERT INTO Mes VALUES (019, 'Julho', 2011);
INSERT INTO Mes VALUES (020, 'Agosto', 2011);
INSERT INTO Mes VALUES (021, 'Setembro', 2011);
INSERT INTO Mes VALUES (022, 'Outubro', 2011);
INSERT INTO Mes VALUES (023, 'Novembro', 2011);
INSERT INTO Mes VALUES (024, 'Dezembro', 2011);
INSERT INTO Mes VALUES (025, 'Janeiro', 2012);
INSERT INTO Mes VALUES (026, 'Fevereiro', 2012);
INSERT INTO Mes VALUES (027, 'Março', 2012);
INSERT INTO Mes VALUES (028, 'Abril', 2012);
INSERT INTO Mes VALUES (029, 'Maio', 2012);
INSERT INTO Mes VALUES (030, 'Junho', 2012);
INSERT INTO Mes VALUES (031, 'Julho', 2012);
INSERT INTO Mes VALUES (032, 'Agosto', 2012);
INSERT INTO Mes VALUES (033, 'Setembro', 2012);
INSERT INTO Mes VALUES (034, 'Outubro', 2012);
INSERT INTO Mes VALUES (035, 'Novembro', 2012);
INSERT INTO Mes VALUES (036, 'Dezembro', 2012);
INSERT INTO Mes VALUES (037, 'Janeiro', 2013);
INSERT INTO Mes VALUES (038, 'Fevereiro', 2013);
INSERT INTO Mes VALUES (039, 'Março', 2013);
INSERT INTO Mes VALUES (040, 'Abril', 2013);
INSERT INTO Mes VALUES (041, 'Maio', 2013);
INSERT INTO Mes VALUES (042, 'Junho', 2013);
INSERT INTO Mes VALUES (043, 'Julho', 2013);
INSERT INTO Mes VALUES (044, 'Agosto', 2013);
INSERT INTO Mes VALUES (045, 'Setembro', 2013);
INSERT INTO Mes VALUES (046, 'Outubro', 2013);
INSERT INTO Mes VALUES (047, 'Novembro', 2013);
INSERT INTO Mes VALUES (048, 'Dezembro', 2013);
INSERT INTO Mes VALUES (049, 'Janeiro', 2014);
INSERT INTO Mes VALUES (050, 'Fevereiro', 2014);
INSERT INTO Mes VALUES (051, 'Março', 2014);
INSERT INTO Mes VALUES (052, 'Abril', 2014);
INSERT INTO Mes VALUES (053, 'Maio', 2014);
INSERT INTO Mes VALUES (054, 'Junho', 2014);
INSERT INTO Mes VALUES (055, 'Julho', 2014);
INSERT INTO Mes VALUES (056, 'Agosto', 2014);
INSERT INTO Mes VALUES (057, 'Setembro', 2014);
INSERT INTO Mes VALUES (058, 'Outubro', 2014);
INSERT INTO Mes VALUES (059, 'Novembro', 2014);
INSERT INTO Mes VALUES (060, 'Dezembro', 2014);
INSERT INTO Mes VALUES (061, 'Janeiro', 2015);
INSERT INTO Mes VALUES (062, 'Fevereiro', 2015);
INSERT INTO Mes VALUES (063, 'Março', 2015);
INSERT INTO Mes VALUES (064, 'Abril', 2015);
INSERT INTO Mes VALUES (065, 'Maio', 2015);
INSERT INTO Mes VALUES (066, 'Junho', 2015);
INSERT INTO Mes VALUES (067, 'Julho', 2015);
INSERT INTO Mes VALUES (068, 'Agosto', 2015);
INSERT INTO Mes VALUES (069, 'Setembro', 2015);
INSERT INTO Mes VALUES (070, 'Outubro', 2015);
INSERT INTO Mes VALUES (071, 'Novembro', 2015);
INSERT INTO Mes VALUES (072, 'Dezembro', 2015);
INSERT INTO Mes VALUES (073, 'Janeiro', 2016);
INSERT INTO Mes VALUES (074, 'Fevereiro', 2016);
INSERT INTO Mes VALUES (075, 'Março', 2016);
INSERT INTO Mes VALUES (076, 'Abril', 2016);
INSERT INTO Mes VALUES (077, 'Maio', 2016);
INSERT INTO Mes VALUES (078, 'Junho', 2016);
INSERT INTO Mes VALUES (079, 'Julho', 2016);
INSERT INTO Mes VALUES (080, 'Agosto', 2016);
INSERT INTO Mes VALUES (081, 'Setembro', 2016);
INSERT INTO Mes VALUES (082, 'Outubro', 2016);
INSERT INTO Mes VALUES (083, 'Novembro', 2016);
INSERT INTO Mes VALUES (084, 'Dezembro', 2016);
INSERT INTO Mes VALUES (085, 'Janeiro', 2017);
INSERT INTO Mes VALUES (086, 'Fevereiro', 2017);
INSERT INTO Mes VALUES (087, 'Março', 2017);
INSERT INTO Mes VALUES (088, 'Abril', 2017);
INSERT INTO Mes VALUES (089, 'Maio', 2017);
INSERT INTO Mes VALUES (090, 'Junho', 2017);
INSERT INTO Mes VALUES (091, 'Julho', 2017);
INSERT INTO Mes VALUES (092, 'Agosto', 2017);
INSERT INTO Mes VALUES (093, 'Setembro', 2017);
INSERT INTO Mes VALUES (094, 'Outubro', 2017);
INSERT INTO Mes VALUES (095, 'Novembro', 2017);
INSERT INTO Mes VALUES (096, 'Dezembro', 2017);
INSERT INTO Mes VALUES (097, 'Janeiro', 2018);
INSERT INTO Mes VALUES (098, 'Fevereiro', 2018);
INSERT INTO Mes VALUES (099, 'Março', 2018);
INSERT INTO Mes VALUES (100, 'Abril', 2018);
INSERT INTO Mes VALUES (101, 'Maio', 2018);
INSERT INTO Mes VALUES (102, 'Junho', 2018);
INSERT INTO Mes VALUES (103, 'Julho', 2018);
INSERT INTO Mes VALUES (104, 'Agosto', 2018);
INSERT INTO Mes VALUES (105, 'Setembro', 2018);
INSERT INTO Mes VALUES (106, 'Outubro', 2018);
INSERT INTO Mes VALUES (107, 'Novembro', 2018);
INSERT INTO Mes VALUES (108, 'Dezembro', 2018);

INSERT INTO RegistoPagamentos VALUES (037, 000001, 15, 1317, NULL);
INSERT INTO RegistoPagamentos VALUES (038, 000001, 10, 1246, NULL);
INSERT INTO RegistoPagamentos VALUES (039, 000001, 16, 0, NULL);
INSERT INTO RegistoPagamentos VALUES (040, 000001, 10, 835, NULL);
INSERT INTO RegistoPagamentos VALUES (041, 000001, 10, 0, NULL);
INSERT INTO RegistoPagamentos VALUES (042, 000001, 0, 1851, NULL);
INSERT INTO RegistoPagamentos VALUES (043, 000001, 9, 971, NULL);
INSERT INTO RegistoPagamentos VALUES (044, 000001, 1, 1310, NULL);
INSERT INTO RegistoPagamentos VALUES (061, 000003, 12, 1319, NULL);
INSERT INTO RegistoPagamentos VALUES (062, 000003, 19, 805, NULL);
INSERT INTO RegistoPagamentos VALUES (063, 000003, 17, 1165, NULL);
INSERT INTO RegistoPagamentos VALUES (064, 000003, 16, 1505, NULL);
INSERT INTO RegistoPagamentos VALUES (065, 000003, 0, 1269, NULL);
INSERT INTO RegistoPagamentos VALUES (066, 000003, 14, 1094, NULL);
INSERT INTO RegistoPagamentos VALUES (067, 000003, 6, 1175, NULL);
INSERT INTO RegistoPagamentos VALUES (061, 000006, 1, 684, NULL);
INSERT INTO RegistoPagamentos VALUES (062, 000006, 10, 598, NULL);
INSERT INTO RegistoPagamentos VALUES (063, 000006, 8, 1417, NULL);
INSERT INTO RegistoPagamentos VALUES (064, 000006, 9, 1975, NULL);
INSERT INTO RegistoPagamentos VALUES (065, 000006, 4, 1924, NULL);
INSERT INTO RegistoPagamentos VALUES (013, 000011, 11, 0, NULL);
INSERT INTO RegistoPagamentos VALUES (014, 000011, 7, 1151, NULL);
INSERT INTO RegistoPagamentos VALUES (015, 000011, 13, 1660, NULL);
INSERT INTO RegistoPagamentos VALUES (016, 000011, 12, 0, NULL);
INSERT INTO RegistoPagamentos VALUES (017, 000011, 11, 0, NULL);
INSERT INTO RegistoPagamentos VALUES (018, 000011, 12, 720, NULL);
INSERT INTO RegistoPagamentos VALUES (019, 000011, 8, 0, NULL);
INSERT INTO RegistoPagamentos VALUES (020, 000011, 17, 0, NULL);
INSERT INTO RegistoPagamentos VALUES (021, 000011, 5, 1307, NULL);
INSERT INTO RegistoPagamentos VALUES (022, 000011, 4, 1300, NULL);
INSERT INTO RegistoPagamentos VALUES (037, 000015, 14, 1243, NULL);
INSERT INTO RegistoPagamentos VALUES (038, 000015, 18, 553, NULL);
INSERT INTO RegistoPagamentos VALUES (039, 000015, 7, 1548, NULL);
INSERT INTO RegistoPagamentos VALUES (040, 000015, 5, 1494, NULL);
INSERT INTO RegistoPagamentos VALUES (041, 000015, 5, 0, NULL);
INSERT INTO RegistoPagamentos VALUES (001, 000017, 15, 1623, NULL);
INSERT INTO RegistoPagamentos VALUES (002, 000017, 8, 1879, NULL);
INSERT INTO RegistoPagamentos VALUES (003, 000017, 2, 782, NULL);
INSERT INTO RegistoPagamentos VALUES (004, 000017, 19, 889, NULL);
INSERT INTO RegistoPagamentos VALUES (005, 000017, 15, 1499, NULL);
INSERT INTO RegistoPagamentos VALUES (006, 000017, 7, 0, NULL);
INSERT INTO RegistoPagamentos VALUES (007, 000017, 7, 729, NULL);
INSERT INTO RegistoPagamentos VALUES (008, 000017, 10, 1669, NULL);
INSERT INTO RegistoPagamentos VALUES (009, 000017, 0, 1192, NULL);
INSERT INTO RegistoPagamentos VALUES (073, 000018, 6, 1761, NULL);
INSERT INTO RegistoPagamentos VALUES (074, 000018, 7, 1794, NULL);
INSERT INTO RegistoPagamentos VALUES (075, 000018, 14, 0, NULL);
INSERT INTO RegistoPagamentos VALUES (076, 000018, 0, 965, NULL);
INSERT INTO RegistoPagamentos VALUES (077, 000018, 2, 1628, NULL);
INSERT INTO RegistoPagamentos VALUES (078, 000018, 4, 1326, NULL);
INSERT INTO RegistoPagamentos VALUES (049, 000019, 17, 1700, NULL);
INSERT INTO RegistoPagamentos VALUES (050, 000019, 2, 584, NULL);
INSERT INTO RegistoPagamentos VALUES (051, 000019, 12, 1877, NULL);
INSERT INTO RegistoPagamentos VALUES (052, 000019, 1, 930, NULL);
INSERT INTO RegistoPagamentos VALUES (049, 000021, 3, 1659, NULL);
INSERT INTO RegistoPagamentos VALUES (050, 000021, 3, 814, NULL);
INSERT INTO RegistoPagamentos VALUES (051, 000021, 11, 693, NULL);
INSERT INTO RegistoPagamentos VALUES (052, 000021, 15, 515, NULL);
INSERT INTO RegistoPagamentos VALUES (053, 000021, 5, 1022, NULL);
INSERT INTO RegistoPagamentos VALUES (054, 000021, 10, 923, NULL);
INSERT INTO RegistoPagamentos VALUES (055, 000021, 1, 1001, NULL);
INSERT INTO RegistoPagamentos VALUES (056, 000021, 9, 1554, NULL);
INSERT INTO RegistoPagamentos VALUES (025, 000023, 11, 797, NULL);
INSERT INTO RegistoPagamentos VALUES (026, 000023, 12, 0, NULL);
INSERT INTO RegistoPagamentos VALUES (027, 000023, 19, 0, NULL);
INSERT INTO RegistoPagamentos VALUES (028, 000023, 12, 0, NULL);
INSERT INTO RegistoPagamentos VALUES (029, 000023, 12, 1470, NULL);
INSERT INTO RegistoPagamentos VALUES (030, 000023, 4, 0, NULL);
INSERT INTO RegistoPagamentos VALUES (025, 000024, 6, 0, NULL);
INSERT INTO RegistoPagamentos VALUES (026, 000024, 0, 1552, NULL);
INSERT INTO RegistoPagamentos VALUES (027, 000024, 3, 1024, NULL);
INSERT INTO RegistoPagamentos VALUES (028, 000024, 19, 566, NULL);
INSERT INTO RegistoPagamentos VALUES (029, 000024, 17, 0, NULL);
INSERT INTO RegistoPagamentos VALUES (030, 000024, 13, 1374, NULL);
INSERT INTO RegistoPagamentos VALUES (031, 000024, 17, 0, NULL);
INSERT INTO RegistoPagamentos VALUES (032, 000024, 4, 1071, NULL);
INSERT INTO RegistoPagamentos VALUES (033, 000024, 11, 708, NULL);
INSERT INTO RegistoPagamentos VALUES (025, 000029, 15, 0, NULL);
INSERT INTO RegistoPagamentos VALUES (026, 000029, 6, 765, NULL);
INSERT INTO RegistoPagamentos VALUES (027, 000029, 18, 1211, NULL);
INSERT INTO RegistoPagamentos VALUES (028, 000029, 13, 0, NULL);
INSERT INTO RegistoPagamentos VALUES (029, 000029, 0, 0, NULL);
INSERT INTO RegistoPagamentos VALUES (030, 000029, 19, 580, NULL);
INSERT INTO RegistoPagamentos VALUES (031, 000029, 7, 1793, NULL);
INSERT INTO RegistoPagamentos VALUES (032, 000029, 8, 1091, NULL);
INSERT INTO RegistoPagamentos VALUES (033, 000029, 8, 883, NULL);
INSERT INTO RegistoPagamentos VALUES (034, 000029, 15, 1622, NULL);
INSERT INTO RegistoPagamentos VALUES (073, 000031, 15, 1513, NULL);
INSERT INTO RegistoPagamentos VALUES (074, 000031, 7, 1671, NULL);
INSERT INTO RegistoPagamentos VALUES (075, 000031, 4, 838, NULL);
INSERT INTO RegistoPagamentos VALUES (001, 000033, 12, 1893, NULL);
INSERT INTO RegistoPagamentos VALUES (002, 000033, 4, 1559, NULL);
INSERT INTO RegistoPagamentos VALUES (003, 000033, 16, 1133, NULL);
INSERT INTO RegistoPagamentos VALUES (004, 000033, 8, 1892, NULL);
INSERT INTO RegistoPagamentos VALUES (005, 000033, 13, 1438, NULL);
INSERT INTO RegistoPagamentos VALUES (006, 000033, 2, 1519, NULL);
INSERT INTO RegistoPagamentos VALUES (007, 000033, 16, 0, NULL);
INSERT INTO RegistoPagamentos VALUES (008, 000033, 6, 1200, NULL);
INSERT INTO RegistoPagamentos VALUES (009, 000033, 9, 1716, NULL);
INSERT INTO RegistoPagamentos VALUES (010, 000033, 0, 1715, NULL);
INSERT INTO RegistoPagamentos VALUES (013, 000037, 15, 0, NULL);
INSERT INTO RegistoPagamentos VALUES (014, 000037, 3, 0, NULL);
INSERT INTO RegistoPagamentos VALUES (015, 000037, 8, 1168, NULL);
INSERT INTO RegistoPagamentos VALUES (016, 000037, 13, 1786, NULL);
INSERT INTO RegistoPagamentos VALUES (017, 000037, 2, 1700, NULL);
INSERT INTO RegistoPagamentos VALUES (018, 000037, 14, 1565, NULL);
INSERT INTO RegistoPagamentos VALUES (019, 000037, 16, 901, NULL);
INSERT INTO RegistoPagamentos VALUES (020, 000037, 16, 0, NULL);
INSERT INTO RegistoPagamentos VALUES (021, 000037, 4, 0, NULL);
INSERT INTO RegistoPagamentos VALUES (025, 000038, 1, 1529, NULL);
INSERT INTO RegistoPagamentos VALUES (026, 000038, 18, 1764, NULL);
INSERT INTO RegistoPagamentos VALUES (027, 000038, 11, 0, NULL);
INSERT INTO RegistoPagamentos VALUES (028, 000038, 19, 1246, NULL);
INSERT INTO RegistoPagamentos VALUES (029, 000038, 6, 525, NULL);
INSERT INTO RegistoPagamentos VALUES (030, 000038, 13, 1700, NULL);
INSERT INTO RegistoPagamentos VALUES (031, 000038, 1, 522, NULL);
INSERT INTO RegistoPagamentos VALUES (032, 000038, 0, 516, NULL);
INSERT INTO RegistoPagamentos VALUES (001, 000039, 5, 0, NULL);
INSERT INTO RegistoPagamentos VALUES (002, 000039, 15, 0, NULL);
INSERT INTO RegistoPagamentos VALUES (003, 000039, 3, 0, NULL);
INSERT INTO RegistoPagamentos VALUES (004, 000039, 1, 1520, NULL);
INSERT INTO RegistoPagamentos VALUES (005, 000039, 2, 1016, NULL);
INSERT INTO RegistoPagamentos VALUES (006, 000039, 15, 1066, NULL);
INSERT INTO RegistoPagamentos VALUES (007, 000039, 6, 1836, NULL);
INSERT INTO RegistoPagamentos VALUES (008, 000039, 7, 1443, NULL);
INSERT INTO RegistoPagamentos VALUES (009, 000039, 2, 0, NULL);
INSERT INTO RegistoPagamentos VALUES (073, 000041, 6, 1140, NULL);
INSERT INTO RegistoPagamentos VALUES (074, 000041, 1, 1734, NULL);
INSERT INTO RegistoPagamentos VALUES (075, 000041, 19, 0, NULL);
INSERT INTO RegistoPagamentos VALUES (076, 000041, 11, 1183, NULL);
INSERT INTO RegistoPagamentos VALUES (077, 000041, 0, 1377, NULL);
INSERT INTO RegistoPagamentos VALUES (078, 000041, 14, 1641, NULL);
INSERT INTO RegistoPagamentos VALUES (049, 000046, 3, 1612, NULL);
INSERT INTO RegistoPagamentos VALUES (050, 000046, 0, 992, NULL);
INSERT INTO RegistoPagamentos VALUES (051, 000046, 18, 1259, NULL);
INSERT INTO RegistoPagamentos VALUES (052, 000046, 6, 1906, NULL);
INSERT INTO RegistoPagamentos VALUES (053, 000046, 8, 0, NULL);
INSERT INTO RegistoPagamentos VALUES (054, 000046, 7, 866, NULL);
INSERT INTO RegistoPagamentos VALUES (049, 000047, 14, 0, NULL);
INSERT INTO RegistoPagamentos VALUES (050, 000047, 2, 750, NULL);
INSERT INTO RegistoPagamentos VALUES (051, 000047, 1, 991, NULL);
INSERT INTO RegistoPagamentos VALUES (052, 000047, 12, 1546, NULL);
INSERT INTO RegistoPagamentos VALUES (053, 000047, 9, 559, NULL);
INSERT INTO RegistoPagamentos VALUES (054, 000047, 6, 1825, NULL);
INSERT INTO RegistoPagamentos VALUES (055, 000047, 3, 0, NULL);
INSERT INTO RegistoPagamentos VALUES (056, 000047, 5, 799, NULL);
INSERT INTO RegistoPagamentos VALUES (049, 000049, 6, 683, NULL);
INSERT INTO RegistoPagamentos VALUES (050, 000049, 14, 0, NULL);
INSERT INTO RegistoPagamentos VALUES (051, 000049, 19, 1154, NULL);
INSERT INTO RegistoPagamentos VALUES (052, 000049, 14, 1319, NULL);
INSERT INTO RegistoPagamentos VALUES (053, 000049, 19, 1249, NULL);
INSERT INTO RegistoPagamentos VALUES (054, 000049, 8, 1629, NULL);
INSERT INTO RegistoPagamentos VALUES (055, 000049, 13, 1921, NULL);
INSERT INTO RegistoPagamentos VALUES (056, 000049, 10, 629, NULL);
INSERT INTO RegistoPagamentos VALUES (025, 000050, 7, 1364, NULL);
INSERT INTO RegistoPagamentos VALUES (026, 000050, 6, 1911, NULL);
INSERT INTO RegistoPagamentos VALUES (027, 000050, 1, 1786, NULL);
INSERT INTO RegistoPagamentos VALUES (028, 000050, 12, 1934, NULL);
INSERT INTO RegistoPagamentos VALUES (029, 000050, 6, 1076, NULL);
INSERT INTO RegistoPagamentos VALUES (030, 000050, 12, 0, NULL);
INSERT INTO RegistoPagamentos VALUES (031, 000050, 0, 886, NULL);
INSERT INTO RegistoPagamentos VALUES (032, 000050, 13, 0, NULL);
INSERT INTO RegistoPagamentos VALUES (033, 000050, 17, 1923, NULL);
INSERT INTO RegistoPagamentos VALUES (034, 000050, 2, 1828, NULL);
INSERT INTO RegistoPagamentos VALUES (001, 000053, 4, 681, NULL);
INSERT INTO RegistoPagamentos VALUES (002, 000053, 10, 1070, NULL);
INSERT INTO RegistoPagamentos VALUES (003, 000053, 0, 586, NULL);
INSERT INTO RegistoPagamentos VALUES (004, 000053, 1, 726, NULL);
INSERT INTO RegistoPagamentos VALUES (005, 000053, 11, 1157, NULL);
INSERT INTO RegistoPagamentos VALUES (006, 000053, 17, 1407, NULL);
INSERT INTO RegistoPagamentos VALUES (007, 000053, 12, 730, NULL);
INSERT INTO RegistoPagamentos VALUES (008, 000053, 0, 1239, NULL);
INSERT INTO RegistoPagamentos VALUES (009, 000053, 14, 0, NULL);
INSERT INTO RegistoPagamentos VALUES (049, 000055, 19, 1212, NULL);
INSERT INTO RegistoPagamentos VALUES (050, 000055, 3, 781, NULL);
INSERT INTO RegistoPagamentos VALUES (051, 000055, 5, 947, NULL);
INSERT INTO RegistoPagamentos VALUES (052, 000055, 17, 0, NULL);
INSERT INTO RegistoPagamentos VALUES (013, 000057, 8, 1090, NULL);
INSERT INTO RegistoPagamentos VALUES (014, 000057, 4, 1183, NULL);
INSERT INTO RegistoPagamentos VALUES (015, 000057, 2, 1397, NULL);
INSERT INTO RegistoPagamentos VALUES (016, 000057, 0, 793, NULL);
INSERT INTO RegistoPagamentos VALUES (017, 000057, 14, 915, NULL);
INSERT INTO RegistoPagamentos VALUES (018, 000057, 17, 1048, NULL);
INSERT INTO RegistoPagamentos VALUES (019, 000057, 18, 0, NULL);
INSERT INTO RegistoPagamentos VALUES (020, 000057, 14, 1076, NULL);
INSERT INTO RegistoPagamentos VALUES (021, 000057, 11, 1970, NULL);
INSERT INTO RegistoPagamentos VALUES (022, 000057, 5, 0, NULL);
INSERT INTO RegistoPagamentos VALUES (073, 000058, 7, 1708, NULL);
INSERT INTO RegistoPagamentos VALUES (074, 000058, 2, 1579, NULL);
INSERT INTO RegistoPagamentos VALUES (025, 000069, 14, 0, NULL);
INSERT INTO RegistoPagamentos VALUES (026, 000069, 7, 937, NULL);
INSERT INTO RegistoPagamentos VALUES (027, 000069, 11, 560, NULL);
INSERT INTO RegistoPagamentos VALUES (028, 000069, 15, 0, NULL);
INSERT INTO RegistoPagamentos VALUES (029, 000069, 12, 1770, NULL);
INSERT INTO RegistoPagamentos VALUES (030, 000069, 15, 1864, NULL);
INSERT INTO RegistoPagamentos VALUES (031, 000069, 11, 0, NULL);
INSERT INTO RegistoPagamentos VALUES (032, 000069, 2, 870, NULL);
INSERT INTO RegistoPagamentos VALUES (033, 000069, 2, 0, NULL);
INSERT INTO RegistoPagamentos VALUES (034, 000069, 5, 0, NULL);
INSERT INTO RegistoPagamentos VALUES (061, 000073, 0, 0, NULL);
INSERT INTO RegistoPagamentos VALUES (062, 000073, 7, 1757, NULL);
INSERT INTO RegistoPagamentos VALUES (063, 000073, 11, 575, NULL);
INSERT INTO RegistoPagamentos VALUES (064, 000073, 8, 1071, NULL);
INSERT INTO RegistoPagamentos VALUES (065, 000073, 16, 682, NULL);
INSERT INTO RegistoPagamentos VALUES (066, 000073, 10, 651, NULL);
INSERT INTO RegistoPagamentos VALUES (073, 000086, 18, 1453, NULL);
INSERT INTO RegistoPagamentos VALUES (074, 000086, 1, 0, NULL);
INSERT INTO RegistoPagamentos VALUES (075, 000086, 10, 0, NULL);
INSERT INTO RegistoPagamentos VALUES (001, 000087, 2, 1721, NULL);
INSERT INTO RegistoPagamentos VALUES (002, 000087, 19, 0, NULL);
INSERT INTO RegistoPagamentos VALUES (003, 000087, 14, 0, NULL);
INSERT INTO RegistoPagamentos VALUES (004, 000087, 16, 0, NULL);
INSERT INTO RegistoPagamentos VALUES (005, 000087, 5, 1763, NULL);
INSERT INTO RegistoPagamentos VALUES (006, 000087, 18, 591, NULL);
INSERT INTO RegistoPagamentos VALUES (007, 000087, 17, 1959, NULL);
INSERT INTO RegistoPagamentos VALUES (008, 000087, 8, 0, NULL);
INSERT INTO RegistoPagamentos VALUES (009, 000087, 8, 1712, NULL);
INSERT INTO RegistoPagamentos VALUES (073, 000090, 2, 937, NULL);
INSERT INTO RegistoPagamentos VALUES (074, 000090, 12, 1803, NULL);
INSERT INTO RegistoPagamentos VALUES (075, 000090, 11, 893, NULL);
INSERT INTO RegistoPagamentos VALUES (076, 000090, 6, 0, NULL);
INSERT INTO RegistoPagamentos VALUES (013, 000095, 3, 0, NULL);
INSERT INTO RegistoPagamentos VALUES (014, 000095, 17, 1136, NULL);
INSERT INTO RegistoPagamentos VALUES (015, 000095, 6, 1026, NULL);
INSERT INTO RegistoPagamentos VALUES (016, 000095, 6, 1121, NULL);
INSERT INTO RegistoPagamentos VALUES (017, 000095, 9, 1871, NULL);
INSERT INTO RegistoPagamentos VALUES (018, 000095, 2, 1396, NULL);
INSERT INTO RegistoPagamentos VALUES (019, 000095, 12, 1148, NULL);
INSERT INTO RegistoPagamentos VALUES (073, 000096, 2, 0, NULL);
INSERT INTO RegistoPagamentos VALUES (074, 000096, 19, 1139, NULL);
INSERT INTO RegistoPagamentos VALUES (013, 000099, 10, 1334, NULL);
INSERT INTO RegistoPagamentos VALUES (014, 000099, 11, 1007, NULL);
INSERT INTO RegistoPagamentos VALUES (015, 000099, 6, 0, NULL);
INSERT INTO RegistoPagamentos VALUES (016, 000099, 0, 689, NULL);
INSERT INTO RegistoPagamentos VALUES (017, 000099, 9, 0, NULL);
INSERT INTO RegistoPagamentos VALUES (018, 000099, 16, 764, NULL);
INSERT INTO RegistoPagamentos VALUES (019, 000099, 7, 1551, NULL);
INSERT INTO RegistoPagamentos VALUES (020, 000099, 5, 0, NULL);
INSERT INTO RegistoPagamentos VALUES (021, 000099, 16, 1494, NULL);
INSERT INTO RegistoPagamentos VALUES (073, 000100, 11, 1755, NULL);
INSERT INTO RegistoPagamentos VALUES (074, 000100, 8, 1532, NULL);
INSERT INTO RegistoPagamentos VALUES (075, 000100, 19, 1231, NULL);
INSERT INTO RegistoPagamentos VALUES (076, 000100, 15, 1999, NULL);
INSERT INTO RegistoPagamentos VALUES (049, 000114, 13, 1272, NULL);
INSERT INTO RegistoPagamentos VALUES (050, 000114, 4, 0, NULL);
INSERT INTO RegistoPagamentos VALUES (051, 000114, 5, 0, NULL);
INSERT INTO RegistoPagamentos VALUES (052, 000114, 13, 0, NULL);
INSERT INTO RegistoPagamentos VALUES (053, 000114, 6, 919, NULL);
INSERT INTO RegistoPagamentos VALUES (054, 000114, 11, 567, NULL);
INSERT INTO RegistoPagamentos VALUES (001, 000115, 15, 1607, NULL);
INSERT INTO RegistoPagamentos VALUES (002, 000115, 5, 1242, NULL);
INSERT INTO RegistoPagamentos VALUES (003, 000115, 1, 1540, NULL);
INSERT INTO RegistoPagamentos VALUES (004, 000115, 16, 0, NULL);
INSERT INTO RegistoPagamentos VALUES (005, 000115, 12, 618, NULL);
INSERT INTO RegistoPagamentos VALUES (006, 000115, 1, 1356, NULL);
INSERT INTO RegistoPagamentos VALUES (007, 000115, 1, 1528, NULL);
INSERT INTO RegistoPagamentos VALUES (008, 000115, 11, 1333, NULL);
INSERT INTO RegistoPagamentos VALUES (009, 000115, 13, 0, NULL);
INSERT INTO RegistoPagamentos VALUES (010, 000115, 1, 1332, NULL);
INSERT INTO RegistoPagamentos VALUES (011, 000115, 7, 777, NULL);
INSERT INTO RegistoPagamentos VALUES (013, 000117, 17, 614, NULL);
INSERT INTO RegistoPagamentos VALUES (014, 000117, 14, 1498, NULL);
INSERT INTO RegistoPagamentos VALUES (015, 000117, 4, 1487, NULL);
INSERT INTO RegistoPagamentos VALUES (016, 000117, 8, 0, NULL);
INSERT INTO RegistoPagamentos VALUES (017, 000117, 3, 631, NULL);
INSERT INTO RegistoPagamentos VALUES (018, 000117, 10, 1785, NULL);
INSERT INTO RegistoPagamentos VALUES (019, 000117, 4, 1423, NULL);
INSERT INTO RegistoPagamentos VALUES (020, 000117, 0, 0, NULL);
INSERT INTO RegistoPagamentos VALUES (021, 000117, 15, 1683, NULL);
INSERT INTO RegistoPagamentos VALUES (022, 000117, 8, 0, NULL);
INSERT INTO RegistoPagamentos VALUES (023, 000117, 19, 1920, NULL);
INSERT INTO RegistoPagamentos VALUES (001, 000126, 16, 843, NULL);
INSERT INTO RegistoPagamentos VALUES (002, 000126, 19, 1318, NULL);
INSERT INTO RegistoPagamentos VALUES (003, 000126, 14, 0, NULL);
INSERT INTO RegistoPagamentos VALUES (004, 000126, 19, 986, NULL);
INSERT INTO RegistoPagamentos VALUES (005, 000126, 2, 518, NULL);
INSERT INTO RegistoPagamentos VALUES (006, 000126, 1, 0, NULL);
INSERT INTO RegistoPagamentos VALUES (007, 000126, 10, 815, NULL);
INSERT INTO RegistoPagamentos VALUES (008, 000126, 12, 0, NULL);
INSERT INTO RegistoPagamentos VALUES (009, 000126, 18, 1725, NULL);
INSERT INTO RegistoPagamentos VALUES (010, 000126, 6, 1326, NULL);
INSERT INTO RegistoPagamentos VALUES (011, 000126, 12, 1083, NULL);
INSERT INTO RegistoPagamentos VALUES (025, 000127, 17, 951, NULL);
INSERT INTO RegistoPagamentos VALUES (026, 000127, 7, 568, NULL);
INSERT INTO RegistoPagamentos VALUES (027, 000127, 9, 0, NULL);
INSERT INTO RegistoPagamentos VALUES (028, 000127, 15, 1474, NULL);
INSERT INTO RegistoPagamentos VALUES (029, 000127, 8, 0, NULL);
INSERT INTO RegistoPagamentos VALUES (030, 000127, 13, 1384, NULL);
INSERT INTO RegistoPagamentos VALUES (031, 000127, 7, 0, NULL);
INSERT INTO RegistoPagamentos VALUES (013, 000129, 6, 772, NULL);
INSERT INTO RegistoPagamentos VALUES (014, 000129, 0, 1365, NULL);
INSERT INTO RegistoPagamentos VALUES (015, 000129, 15, 0, NULL);
INSERT INTO RegistoPagamentos VALUES (016, 000129, 6, 1353, NULL);
INSERT INTO RegistoPagamentos VALUES (017, 000129, 5, 780, NULL);
INSERT INTO RegistoPagamentos VALUES (018, 000129, 3, 0, NULL);
INSERT INTO RegistoPagamentos VALUES (019, 000129, 14, 0, NULL);
INSERT INTO RegistoPagamentos VALUES (020, 000129, 11, 0, NULL);
INSERT INTO RegistoPagamentos VALUES (021, 000129, 15, 0, NULL);
INSERT INTO RegistoPagamentos VALUES (022, 000129, 2, 638, NULL);
INSERT INTO RegistoPagamentos VALUES (013, 000130, 2, 530, NULL);
INSERT INTO RegistoPagamentos VALUES (014, 000130, 12, 0, NULL);
INSERT INTO RegistoPagamentos VALUES (015, 000130, 18, 1108, NULL);
INSERT INTO RegistoPagamentos VALUES (016, 000130, 7, 1772, NULL);
INSERT INTO RegistoPagamentos VALUES (017, 000130, 2, 1037, NULL);
INSERT INTO RegistoPagamentos VALUES (018, 000130, 9, 1118, NULL);
INSERT INTO RegistoPagamentos VALUES (019, 000130, 10, 751, NULL);
INSERT INTO RegistoPagamentos VALUES (020, 000130, 11, 0, NULL);
INSERT INTO RegistoPagamentos VALUES (021, 000130, 13, 1654, NULL);
INSERT INTO RegistoPagamentos VALUES (022, 000130, 11, 1367, NULL);
INSERT INTO RegistoPagamentos VALUES (037, 000131, 18, 1015, NULL);
INSERT INTO RegistoPagamentos VALUES (038, 000131, 6, 1221, NULL);
INSERT INTO RegistoPagamentos VALUES (039, 000131, 16, 1635, NULL);
INSERT INTO RegistoPagamentos VALUES (040, 000131, 15, 1233, NULL);
INSERT INTO RegistoPagamentos VALUES (041, 000131, 5, 1992, NULL);
INSERT INTO RegistoPagamentos VALUES (042, 000131, 13, 1606, NULL);
INSERT INTO RegistoPagamentos VALUES (043, 000131, 9, 1592, NULL);
INSERT INTO RegistoPagamentos VALUES (044, 000131, 13, 0, NULL);
INSERT INTO RegistoPagamentos VALUES (045, 000131, 16, 0, NULL);
INSERT INTO RegistoPagamentos VALUES (061, 000132, 4, 1120, NULL);
INSERT INTO RegistoPagamentos VALUES (062, 000132, 2, 0, NULL);
INSERT INTO RegistoPagamentos VALUES (063, 000132, 1, 1141, NULL);
INSERT INTO RegistoPagamentos VALUES (064, 000132, 18, 0, NULL);
INSERT INTO RegistoPagamentos VALUES (049, 000133, 11, 601, NULL);
INSERT INTO RegistoPagamentos VALUES (050, 000133, 12, 1086, NULL);
INSERT INTO RegistoPagamentos VALUES (051, 000133, 13, 0, NULL);
INSERT INTO RegistoPagamentos VALUES (052, 000133, 10, 763, NULL);
INSERT INTO RegistoPagamentos VALUES (053, 000133, 8, 1156, NULL);
INSERT INTO RegistoPagamentos VALUES (054, 000133, 17, 716, NULL);
INSERT INTO RegistoPagamentos VALUES (055, 000133, 15, 951, NULL);
INSERT INTO RegistoPagamentos VALUES (056, 000133, 9, 1976, NULL);
INSERT INTO RegistoPagamentos VALUES (049, 000137, 1, 644, NULL);
INSERT INTO RegistoPagamentos VALUES (050, 000137, 1, 1509, NULL);
INSERT INTO RegistoPagamentos VALUES (051, 000137, 17, 0, NULL);
INSERT INTO RegistoPagamentos VALUES (052, 000137, 12, 0, NULL);
INSERT INTO RegistoPagamentos VALUES (053, 000137, 9, 0, NULL);
INSERT INTO RegistoPagamentos VALUES (025, 000139, 16, 0, NULL);
INSERT INTO RegistoPagamentos VALUES (026, 000139, 18, 0, NULL);
INSERT INTO RegistoPagamentos VALUES (027, 000139, 5, 881, NULL);
INSERT INTO RegistoPagamentos VALUES (028, 000139, 9, 0, NULL);
INSERT INTO RegistoPagamentos VALUES (029, 000139, 3, 0, NULL);
INSERT INTO RegistoPagamentos VALUES (030, 000139, 2, 1329, NULL);
INSERT INTO RegistoPagamentos VALUES (031, 000139, 7, 752, NULL);
INSERT INTO RegistoPagamentos VALUES (032, 000139, 7, 578, NULL);
INSERT INTO RegistoPagamentos VALUES (049, 000140, 14, 1817, NULL);
INSERT INTO RegistoPagamentos VALUES (050, 000140, 4, 1495, NULL);
INSERT INTO RegistoPagamentos VALUES (051, 000140, 15, 893, NULL);
INSERT INTO RegistoPagamentos VALUES (052, 000140, 17, 1217, NULL);
INSERT INTO RegistoPagamentos VALUES (053, 000140, 18, 1297, NULL);
INSERT INTO RegistoPagamentos VALUES (037, 000145, 13, 0, NULL);
INSERT INTO RegistoPagamentos VALUES (038, 000145, 17, 1078, NULL);
INSERT INTO RegistoPagamentos VALUES (039, 000145, 5, 1869, NULL);
INSERT INTO RegistoPagamentos VALUES (040, 000145, 6, 1783, NULL);
INSERT INTO RegistoPagamentos VALUES (041, 000145, 12, 1420, NULL);
INSERT INTO RegistoPagamentos VALUES (042, 000145, 19, 1192, NULL);
INSERT INTO RegistoPagamentos VALUES (043, 000145, 3, 1234, NULL);
INSERT INTO RegistoPagamentos VALUES (044, 000145, 4, 1351, NULL);
INSERT INTO RegistoPagamentos VALUES (049, 000150, 19, 1903, NULL);
INSERT INTO RegistoPagamentos VALUES (050, 000150, 16, 675, NULL);
INSERT INTO RegistoPagamentos VALUES (051, 000150, 8, 1121, NULL);
INSERT INTO RegistoPagamentos VALUES (052, 000150, 4, 1392, NULL);
INSERT INTO RegistoPagamentos VALUES (053, 000150, 5, 0, NULL);
INSERT INTO RegistoPagamentos VALUES (054, 000150, 13, 1682, NULL);

INSERT INTO HorariosTrabalho VALUES (9, 000001);
INSERT INTO HorariosTrabalho VALUES (12, 000001);
INSERT INTO HorariosTrabalho VALUES (6, 000001);
INSERT INTO HorariosTrabalho VALUES (4, 000001);
INSERT INTO HorariosTrabalho VALUES (11, 000001);
INSERT INTO HorariosTrabalho VALUES (7, 000001);
INSERT INTO HorariosTrabalho VALUES (13, 000001);
INSERT INTO HorariosTrabalho VALUES (8, 000003);
INSERT INTO HorariosTrabalho VALUES (7, 000003);
INSERT INTO HorariosTrabalho VALUES (5, 000003);
INSERT INTO HorariosTrabalho VALUES (13, 000003);
INSERT INTO HorariosTrabalho VALUES (9, 000003);
INSERT INTO HorariosTrabalho VALUES (2, 000003);
INSERT INTO HorariosTrabalho VALUES (1, 000003);
INSERT INTO HorariosTrabalho VALUES (8, 000006);
INSERT INTO HorariosTrabalho VALUES (12, 000006);
INSERT INTO HorariosTrabalho VALUES (5, 000006);
INSERT INTO HorariosTrabalho VALUES (9, 000006);
INSERT INTO HorariosTrabalho VALUES (4, 000006);
INSERT INTO HorariosTrabalho VALUES (2, 000006);
INSERT INTO HorariosTrabalho VALUES (10, 000006);
INSERT INTO HorariosTrabalho VALUES (2, 000011);
INSERT INTO HorariosTrabalho VALUES (8, 000011);
INSERT INTO HorariosTrabalho VALUES (3, 000011);
INSERT INTO HorariosTrabalho VALUES (1, 000011);
INSERT INTO HorariosTrabalho VALUES (13, 000011);
INSERT INTO HorariosTrabalho VALUES (7, 000011);
INSERT INTO HorariosTrabalho VALUES (14, 000011);
INSERT INTO HorariosTrabalho VALUES (8, 000015);
INSERT INTO HorariosTrabalho VALUES (12, 000015);
INSERT INTO HorariosTrabalho VALUES (9, 000015);
INSERT INTO HorariosTrabalho VALUES (4, 000015);
INSERT INTO HorariosTrabalho VALUES (2, 000015);
INSERT INTO HorariosTrabalho VALUES (11, 000015);
INSERT INTO HorariosTrabalho VALUES (7, 000015);
INSERT INTO HorariosTrabalho VALUES (9, 000017);
INSERT INTO HorariosTrabalho VALUES (5, 000017);
INSERT INTO HorariosTrabalho VALUES (10, 000017);
INSERT INTO HorariosTrabalho VALUES (3, 000017);
INSERT INTO HorariosTrabalho VALUES (12, 000017);
INSERT INTO HorariosTrabalho VALUES (8, 000017);
INSERT INTO HorariosTrabalho VALUES (4, 000017);
INSERT INTO HorariosTrabalho VALUES (8, 000018);
INSERT INTO HorariosTrabalho VALUES (10, 000018);
INSERT INTO HorariosTrabalho VALUES (3, 000018);
INSERT INTO HorariosTrabalho VALUES (4, 000018);
INSERT INTO HorariosTrabalho VALUES (9, 000018);
INSERT INTO HorariosTrabalho VALUES (12, 000018);
INSERT INTO HorariosTrabalho VALUES (6, 000018);
INSERT INTO HorariosTrabalho VALUES (7, 000019);
INSERT INTO HorariosTrabalho VALUES (10, 000019);
INSERT INTO HorariosTrabalho VALUES (5, 000019);
INSERT INTO HorariosTrabalho VALUES (12, 000019);
INSERT INTO HorariosTrabalho VALUES (14, 000019);
INSERT INTO HorariosTrabalho VALUES (1, 000019);
INSERT INTO HorariosTrabalho VALUES (8, 000019);
INSERT INTO HorariosTrabalho VALUES (1, 000021);
INSERT INTO HorariosTrabalho VALUES (11, 000021);
INSERT INTO HorariosTrabalho VALUES (2, 000021);
INSERT INTO HorariosTrabalho VALUES (4, 000021);
INSERT INTO HorariosTrabalho VALUES (5, 000021);
INSERT INTO HorariosTrabalho VALUES (3, 000021);
INSERT INTO HorariosTrabalho VALUES (10, 000021);
INSERT INTO HorariosTrabalho VALUES (2, 000023);
INSERT INTO HorariosTrabalho VALUES (1, 000023);
INSERT INTO HorariosTrabalho VALUES (3, 000023);
INSERT INTO HorariosTrabalho VALUES (13, 000023);
INSERT INTO HorariosTrabalho VALUES (7, 000023);
INSERT INTO HorariosTrabalho VALUES (10, 000023);
INSERT INTO HorariosTrabalho VALUES (4, 000023);
INSERT INTO HorariosTrabalho VALUES (6, 000024);
INSERT INTO HorariosTrabalho VALUES (12, 000024);
INSERT INTO HorariosTrabalho VALUES (14, 000024);
INSERT INTO HorariosTrabalho VALUES (4, 000024);
INSERT INTO HorariosTrabalho VALUES (1, 000024);
INSERT INTO HorariosTrabalho VALUES (8, 000024);
INSERT INTO HorariosTrabalho VALUES (5, 000024);
INSERT INTO HorariosTrabalho VALUES (1, 000029);
INSERT INTO HorariosTrabalho VALUES (13, 000029);
INSERT INTO HorariosTrabalho VALUES (12, 000029);
INSERT INTO HorariosTrabalho VALUES (4, 000029);
INSERT INTO HorariosTrabalho VALUES (10, 000029);
INSERT INTO HorariosTrabalho VALUES (14, 000029);
INSERT INTO HorariosTrabalho VALUES (9, 000029);
INSERT INTO HorariosTrabalho VALUES (8, 000031);
INSERT INTO HorariosTrabalho VALUES (9, 000031);
INSERT INTO HorariosTrabalho VALUES (6, 000031);
INSERT INTO HorariosTrabalho VALUES (14, 000031);
INSERT INTO HorariosTrabalho VALUES (12, 000031);
INSERT INTO HorariosTrabalho VALUES (7, 000031);
INSERT INTO HorariosTrabalho VALUES (5, 000031);
INSERT INTO HorariosTrabalho VALUES (12, 000033);
INSERT INTO HorariosTrabalho VALUES (11, 000033);
INSERT INTO HorariosTrabalho VALUES (6, 000033);
INSERT INTO HorariosTrabalho VALUES (9, 000033);
INSERT INTO HorariosTrabalho VALUES (10, 000033);
INSERT INTO HorariosTrabalho VALUES (2, 000033);
INSERT INTO HorariosTrabalho VALUES (1, 000033);
INSERT INTO HorariosTrabalho VALUES (13, 000037);
INSERT INTO HorariosTrabalho VALUES (14, 000037);
INSERT INTO HorariosTrabalho VALUES (11, 000037);
INSERT INTO HorariosTrabalho VALUES (1, 000037);
INSERT INTO HorariosTrabalho VALUES (10, 000037);
INSERT INTO HorariosTrabalho VALUES (4, 000037);
INSERT INTO HorariosTrabalho VALUES (6, 000037);
INSERT INTO HorariosTrabalho VALUES (4, 000038);
INSERT INTO HorariosTrabalho VALUES (10, 000038);
INSERT INTO HorariosTrabalho VALUES (2, 000038);
INSERT INTO HorariosTrabalho VALUES (13, 000038);
INSERT INTO HorariosTrabalho VALUES (7, 000038);
INSERT INTO HorariosTrabalho VALUES (5, 000038);
INSERT INTO HorariosTrabalho VALUES (9, 000038);
INSERT INTO HorariosTrabalho VALUES (12, 000039);
INSERT INTO HorariosTrabalho VALUES (13, 000039);
INSERT INTO HorariosTrabalho VALUES (1, 000039);
INSERT INTO HorariosTrabalho VALUES (6, 000039);
INSERT INTO HorariosTrabalho VALUES (5, 000039);
INSERT INTO HorariosTrabalho VALUES (8, 000039);
INSERT INTO HorariosTrabalho VALUES (4, 000039);
INSERT INTO HorariosTrabalho VALUES (7, 000041);
INSERT INTO HorariosTrabalho VALUES (5, 000041);
INSERT INTO HorariosTrabalho VALUES (13, 000041);
INSERT INTO HorariosTrabalho VALUES (12, 000041);
INSERT INTO HorariosTrabalho VALUES (1, 000041);
INSERT INTO HorariosTrabalho VALUES (6, 000041);
INSERT INTO HorariosTrabalho VALUES (9, 000041);
INSERT INTO HorariosTrabalho VALUES (3, 000046);
INSERT INTO HorariosTrabalho VALUES (8, 000046);
INSERT INTO HorariosTrabalho VALUES (2, 000046);
INSERT INTO HorariosTrabalho VALUES (9, 000046);
INSERT INTO HorariosTrabalho VALUES (6, 000046);
INSERT INTO HorariosTrabalho VALUES (4, 000046);
INSERT INTO HorariosTrabalho VALUES (12, 000046);
INSERT INTO HorariosTrabalho VALUES (3, 000047);
INSERT INTO HorariosTrabalho VALUES (7, 000047);
INSERT INTO HorariosTrabalho VALUES (1, 000047);
INSERT INTO HorariosTrabalho VALUES (10, 000047);
INSERT INTO HorariosTrabalho VALUES (2, 000047);
INSERT INTO HorariosTrabalho VALUES (4, 000047);
INSERT INTO HorariosTrabalho VALUES (5, 000047);
INSERT INTO HorariosTrabalho VALUES (5, 000049);
INSERT INTO HorariosTrabalho VALUES (9, 000049);
INSERT INTO HorariosTrabalho VALUES (4, 000049);
INSERT INTO HorariosTrabalho VALUES (13, 000049);
INSERT INTO HorariosTrabalho VALUES (2, 000049);
INSERT INTO HorariosTrabalho VALUES (12, 000049);
INSERT INTO HorariosTrabalho VALUES (6, 000049);
INSERT INTO HorariosTrabalho VALUES (13, 000050);
INSERT INTO HorariosTrabalho VALUES (11, 000050);
INSERT INTO HorariosTrabalho VALUES (12, 000050);
INSERT INTO HorariosTrabalho VALUES (9, 000050);
INSERT INTO HorariosTrabalho VALUES (1, 000050);
INSERT INTO HorariosTrabalho VALUES (7, 000050);
INSERT INTO HorariosTrabalho VALUES (10, 000050);
INSERT INTO HorariosTrabalho VALUES (5, 000053);
INSERT INTO HorariosTrabalho VALUES (11, 000053);
INSERT INTO HorariosTrabalho VALUES (7, 000053);
INSERT INTO HorariosTrabalho VALUES (14, 000053);
INSERT INTO HorariosTrabalho VALUES (12, 000053);
INSERT INTO HorariosTrabalho VALUES (4, 000053);
INSERT INTO HorariosTrabalho VALUES (6, 000053);
INSERT INTO HorariosTrabalho VALUES (1, 000055);
INSERT INTO HorariosTrabalho VALUES (11, 000055);
INSERT INTO HorariosTrabalho VALUES (4, 000055);
INSERT INTO HorariosTrabalho VALUES (2, 000055);
INSERT INTO HorariosTrabalho VALUES (6, 000055);
INSERT INTO HorariosTrabalho VALUES (7, 000055);
INSERT INTO HorariosTrabalho VALUES (14, 000055);
INSERT INTO HorariosTrabalho VALUES (14, 000057);
INSERT INTO HorariosTrabalho VALUES (3, 000057);
INSERT INTO HorariosTrabalho VALUES (11, 000057);
INSERT INTO HorariosTrabalho VALUES (1, 000057);
INSERT INTO HorariosTrabalho VALUES (4, 000057);
INSERT INTO HorariosTrabalho VALUES (8, 000057);
INSERT INTO HorariosTrabalho VALUES (13, 000057);
INSERT INTO HorariosTrabalho VALUES (9, 000058);
INSERT INTO HorariosTrabalho VALUES (14, 000058);
INSERT INTO HorariosTrabalho VALUES (11, 000058);
INSERT INTO HorariosTrabalho VALUES (6, 000058);
INSERT INTO HorariosTrabalho VALUES (1, 000058);
INSERT INTO HorariosTrabalho VALUES (8, 000058);
INSERT INTO HorariosTrabalho VALUES (4, 000058);
INSERT INTO HorariosTrabalho VALUES (5, 000069);
INSERT INTO HorariosTrabalho VALUES (4, 000069);
INSERT INTO HorariosTrabalho VALUES (1, 000069);
INSERT INTO HorariosTrabalho VALUES (6, 000069);
INSERT INTO HorariosTrabalho VALUES (12, 000069);
INSERT INTO HorariosTrabalho VALUES (13, 000069);
INSERT INTO HorariosTrabalho VALUES (8, 000069);
INSERT INTO HorariosTrabalho VALUES (14, 000073);
INSERT INTO HorariosTrabalho VALUES (9, 000073);
INSERT INTO HorariosTrabalho VALUES (8, 000073);
INSERT INTO HorariosTrabalho VALUES (1, 000073);
INSERT INTO HorariosTrabalho VALUES (10, 000073);
INSERT INTO HorariosTrabalho VALUES (5, 000073);
INSERT INTO HorariosTrabalho VALUES (12, 000073);
INSERT INTO HorariosTrabalho VALUES (6, 000086);
INSERT INTO HorariosTrabalho VALUES (10, 000086);
INSERT INTO HorariosTrabalho VALUES (11, 000086);
INSERT INTO HorariosTrabalho VALUES (7, 000086);
INSERT INTO HorariosTrabalho VALUES (13, 000086);
INSERT INTO HorariosTrabalho VALUES (2, 000086);
INSERT INTO HorariosTrabalho VALUES (3, 000086);
INSERT INTO HorariosTrabalho VALUES (11, 000087);
INSERT INTO HorariosTrabalho VALUES (14, 000087);
INSERT INTO HorariosTrabalho VALUES (10, 000087);
INSERT INTO HorariosTrabalho VALUES (8, 000087);
INSERT INTO HorariosTrabalho VALUES (3, 000087);
INSERT INTO HorariosTrabalho VALUES (12, 000087);
INSERT INTO HorariosTrabalho VALUES (4, 000087);
INSERT INTO HorariosTrabalho VALUES (2, 000090);
INSERT INTO HorariosTrabalho VALUES (5, 000090);
INSERT INTO HorariosTrabalho VALUES (13, 000090);
INSERT INTO HorariosTrabalho VALUES (12, 000090);
INSERT INTO HorariosTrabalho VALUES (8, 000090);
INSERT INTO HorariosTrabalho VALUES (1, 000090);
INSERT INTO HorariosTrabalho VALUES (10, 000090);
INSERT INTO HorariosTrabalho VALUES (10, 000095);
INSERT INTO HorariosTrabalho VALUES (1, 000095);
INSERT INTO HorariosTrabalho VALUES (8, 000095);
INSERT INTO HorariosTrabalho VALUES (3, 000095);
INSERT INTO HorariosTrabalho VALUES (7, 000095);
INSERT INTO HorariosTrabalho VALUES (13, 000095);
INSERT INTO HorariosTrabalho VALUES (5, 000095);
INSERT INTO HorariosTrabalho VALUES (4, 000096);
INSERT INTO HorariosTrabalho VALUES (1, 000096);
INSERT INTO HorariosTrabalho VALUES (5, 000096);
INSERT INTO HorariosTrabalho VALUES (14, 000096);
INSERT INTO HorariosTrabalho VALUES (6, 000096);
INSERT INTO HorariosTrabalho VALUES (10, 000096);
INSERT INTO HorariosTrabalho VALUES (3, 000096);
INSERT INTO HorariosTrabalho VALUES (3, 000099);
INSERT INTO HorariosTrabalho VALUES (13, 000099);
INSERT INTO HorariosTrabalho VALUES (11, 000099);
INSERT INTO HorariosTrabalho VALUES (7, 000099);
INSERT INTO HorariosTrabalho VALUES (5, 000099);
INSERT INTO HorariosTrabalho VALUES (10, 000099);
INSERT INTO HorariosTrabalho VALUES (2, 000099);
INSERT INTO HorariosTrabalho VALUES (6, 000100);
INSERT INTO HorariosTrabalho VALUES (1, 000100);
INSERT INTO HorariosTrabalho VALUES (14, 000100);
INSERT INTO HorariosTrabalho VALUES (2, 000100);
INSERT INTO HorariosTrabalho VALUES (12, 000100);
INSERT INTO HorariosTrabalho VALUES (11, 000100);
INSERT INTO HorariosTrabalho VALUES (5, 000100);
INSERT INTO HorariosTrabalho VALUES (3, 000114);
INSERT INTO HorariosTrabalho VALUES (2, 000114);
INSERT INTO HorariosTrabalho VALUES (11, 000114);
INSERT INTO HorariosTrabalho VALUES (7, 000114);
INSERT INTO HorariosTrabalho VALUES (12, 000114);
INSERT INTO HorariosTrabalho VALUES (4, 000114);
INSERT INTO HorariosTrabalho VALUES (10, 000114);
INSERT INTO HorariosTrabalho VALUES (10, 000115);
INSERT INTO HorariosTrabalho VALUES (7, 000115);
INSERT INTO HorariosTrabalho VALUES (13, 000115);
INSERT INTO HorariosTrabalho VALUES (3, 000115);
INSERT INTO HorariosTrabalho VALUES (5, 000115);
INSERT INTO HorariosTrabalho VALUES (6, 000115);
INSERT INTO HorariosTrabalho VALUES (1, 000115);
INSERT INTO HorariosTrabalho VALUES (10, 000117);
INSERT INTO HorariosTrabalho VALUES (14, 000117);
INSERT INTO HorariosTrabalho VALUES (7, 000117);
INSERT INTO HorariosTrabalho VALUES (6, 000117);
INSERT INTO HorariosTrabalho VALUES (8, 000117);
INSERT INTO HorariosTrabalho VALUES (3, 000117);
INSERT INTO HorariosTrabalho VALUES (13, 000117);
INSERT INTO HorariosTrabalho VALUES (10, 000126);
INSERT INTO HorariosTrabalho VALUES (11, 000126);
INSERT INTO HorariosTrabalho VALUES (3, 000126);
INSERT INTO HorariosTrabalho VALUES (9, 000126);
INSERT INTO HorariosTrabalho VALUES (6, 000126);
INSERT INTO HorariosTrabalho VALUES (12, 000126);
INSERT INTO HorariosTrabalho VALUES (14, 000126);
INSERT INTO HorariosTrabalho VALUES (3, 000127);
INSERT INTO HorariosTrabalho VALUES (4, 000127);
INSERT INTO HorariosTrabalho VALUES (11, 000127);
INSERT INTO HorariosTrabalho VALUES (7, 000127);
INSERT INTO HorariosTrabalho VALUES (2, 000127);
INSERT INTO HorariosTrabalho VALUES (8, 000127);
INSERT INTO HorariosTrabalho VALUES (5, 000127);
INSERT INTO HorariosTrabalho VALUES (5, 000129);
INSERT INTO HorariosTrabalho VALUES (3, 000129);
INSERT INTO HorariosTrabalho VALUES (6, 000129);
INSERT INTO HorariosTrabalho VALUES (4, 000129);
INSERT INTO HorariosTrabalho VALUES (2, 000129);
INSERT INTO HorariosTrabalho VALUES (8, 000129);
INSERT INTO HorariosTrabalho VALUES (9, 000129);
INSERT INTO HorariosTrabalho VALUES (2, 000130);
INSERT INTO HorariosTrabalho VALUES (6, 000130);
INSERT INTO HorariosTrabalho VALUES (9, 000130);
INSERT INTO HorariosTrabalho VALUES (11, 000130);
INSERT INTO HorariosTrabalho VALUES (5, 000130);
INSERT INTO HorariosTrabalho VALUES (14, 000130);
INSERT INTO HorariosTrabalho VALUES (10, 000130);
INSERT INTO HorariosTrabalho VALUES (13, 000131);
INSERT INTO HorariosTrabalho VALUES (10, 000131);
INSERT INTO HorariosTrabalho VALUES (14, 000131);
INSERT INTO HorariosTrabalho VALUES (8, 000131);
INSERT INTO HorariosTrabalho VALUES (9, 000131);
INSERT INTO HorariosTrabalho VALUES (2, 000131);
INSERT INTO HorariosTrabalho VALUES (6, 000131);
INSERT INTO HorariosTrabalho VALUES (5, 000132);
INSERT INTO HorariosTrabalho VALUES (3, 000132);
INSERT INTO HorariosTrabalho VALUES (9, 000132);
INSERT INTO HorariosTrabalho VALUES (6, 000132);
INSERT INTO HorariosTrabalho VALUES (4, 000132);
INSERT INTO HorariosTrabalho VALUES (10, 000132);
INSERT INTO HorariosTrabalho VALUES (8, 000132);
INSERT INTO HorariosTrabalho VALUES (10, 000133);
INSERT INTO HorariosTrabalho VALUES (3, 000133);
INSERT INTO HorariosTrabalho VALUES (2, 000133);
INSERT INTO HorariosTrabalho VALUES (1, 000133);
INSERT INTO HorariosTrabalho VALUES (11, 000133);
INSERT INTO HorariosTrabalho VALUES (7, 000133);
INSERT INTO HorariosTrabalho VALUES (13, 000133);
INSERT INTO HorariosTrabalho VALUES (4, 000137);
INSERT INTO HorariosTrabalho VALUES (10, 000137);
INSERT INTO HorariosTrabalho VALUES (1, 000137);
INSERT INTO HorariosTrabalho VALUES (2, 000137);
INSERT INTO HorariosTrabalho VALUES (11, 000137);
INSERT INTO HorariosTrabalho VALUES (3, 000137);
INSERT INTO HorariosTrabalho VALUES (14, 000137);
INSERT INTO HorariosTrabalho VALUES (10, 000139);
INSERT INTO HorariosTrabalho VALUES (14, 000139);
INSERT INTO HorariosTrabalho VALUES (4, 000139);
INSERT INTO HorariosTrabalho VALUES (2, 000139);
INSERT INTO HorariosTrabalho VALUES (3, 000139);
INSERT INTO HorariosTrabalho VALUES (6, 000139);
INSERT INTO HorariosTrabalho VALUES (8, 000139);
INSERT INTO HorariosTrabalho VALUES (6, 000140);
INSERT INTO HorariosTrabalho VALUES (1, 000140);
INSERT INTO HorariosTrabalho VALUES (4, 000140);
INSERT INTO HorariosTrabalho VALUES (7, 000140);
INSERT INTO HorariosTrabalho VALUES (5, 000140);
INSERT INTO HorariosTrabalho VALUES (14, 000140);
INSERT INTO HorariosTrabalho VALUES (9, 000140);
INSERT INTO HorariosTrabalho VALUES (4, 000145);
INSERT INTO HorariosTrabalho VALUES (7, 000145);
INSERT INTO HorariosTrabalho VALUES (8, 000145);
INSERT INTO HorariosTrabalho VALUES (6, 000145);
INSERT INTO HorariosTrabalho VALUES (11, 000145);
INSERT INTO HorariosTrabalho VALUES (10, 000145);
INSERT INTO HorariosTrabalho VALUES (12, 000145);
INSERT INTO HorariosTrabalho VALUES (1, 000150);
INSERT INTO HorariosTrabalho VALUES (5, 000150);
INSERT INTO HorariosTrabalho VALUES (11, 000150);
INSERT INTO HorariosTrabalho VALUES (12, 000150);
INSERT INTO HorariosTrabalho VALUES (8, 000150);
INSERT INTO HorariosTrabalho VALUES (7, 000150);
INSERT INTO HorariosTrabalho VALUES (2, 000150);

INSERT INTO FuncionarioDeServico VALUES (12, 000001, 1);
INSERT INTO FuncionarioDeServico VALUES (01, 000001, 1);
INSERT INTO FuncionarioDeServico VALUES (08, 000001, 1);
INSERT INTO FuncionarioDeServico VALUES (15, 000003, 1);
INSERT INTO FuncionarioDeServico VALUES (02, 000003, 1);
INSERT INTO FuncionarioDeServico VALUES (14, 000006, 1);
INSERT INTO FuncionarioDeServico VALUES (12, 000006, 2);
INSERT INTO FuncionarioDeServico VALUES (11, 000006, 1);
INSERT INTO FuncionarioDeServico VALUES (01, 000011, 2);
INSERT INTO FuncionarioDeServico VALUES (14, 000011, 2);
INSERT INTO FuncionarioDeServico VALUES (09, 000015, 1);
INSERT INTO FuncionarioDeServico VALUES (07, 000017, 1);
INSERT INTO FuncionarioDeServico VALUES (04, 000017, 1);
INSERT INTO FuncionarioDeServico VALUES (13, 000017, 1);
INSERT INTO FuncionarioDeServico VALUES (02, 000018, 2);
INSERT INTO FuncionarioDeServico VALUES (07, 000018, 2);
INSERT INTO FuncionarioDeServico VALUES (14, 000019, 3);
INSERT INTO FuncionarioDeServico VALUES (15, 000019, 2);
INSERT INTO FuncionarioDeServico VALUES (13, 000021, 2);
INSERT INTO FuncionarioDeServico VALUES (07, 000023, 3);
INSERT INTO FuncionarioDeServico VALUES (15, 000023, 3);
INSERT INTO FuncionarioDeServico VALUES (13, 000024, 3);
INSERT INTO FuncionarioDeServico VALUES (08, 000024, 2);
INSERT INTO FuncionarioDeServico VALUES (12, 000029, 3);
INSERT INTO FuncionarioDeServico VALUES (06, 000029, 1);
INSERT INTO FuncionarioDeServico VALUES (07, 000029, 4);
INSERT INTO FuncionarioDeServico VALUES (04, 000031, 2);
INSERT INTO FuncionarioDeServico VALUES (03, 000031, 1);
INSERT INTO FuncionarioDeServico VALUES (07, 000033, 5);
INSERT INTO FuncionarioDeServico VALUES (15, 000037, 4);
INSERT INTO FuncionarioDeServico VALUES (06, 000037, 2);
INSERT INTO FuncionarioDeServico VALUES (11, 000037, 2);
INSERT INTO FuncionarioDeServico VALUES (03, 000038, 2);
INSERT INTO FuncionarioDeServico VALUES (10, 000038, 1);
INSERT INTO FuncionarioDeServico VALUES (11, 000039, 3);
INSERT INTO FuncionarioDeServico VALUES (02, 000041, 3);
INSERT INTO FuncionarioDeServico VALUES (06, 000046, 3);
INSERT INTO FuncionarioDeServico VALUES (14, 000046, 4);
INSERT INTO FuncionarioDeServico VALUES (12, 000046, 4);
INSERT INTO FuncionarioDeServico VALUES (12, 000047, 5);
INSERT INTO FuncionarioDeServico VALUES (05, 000047, 1);
INSERT INTO FuncionarioDeServico VALUES (08, 000047, 3);
INSERT INTO FuncionarioDeServico VALUES (09, 000049, 2);
INSERT INTO FuncionarioDeServico VALUES (08, 000050, 4);
INSERT INTO FuncionarioDeServico VALUES (02, 000050, 4);
INSERT INTO FuncionarioDeServico VALUES (05, 000053, 2);
INSERT INTO FuncionarioDeServico VALUES (01, 000053, 3);
INSERT INTO FuncionarioDeServico VALUES (06, 000055, 4);
INSERT INTO FuncionarioDeServico VALUES (04, 000055, 3);
INSERT INTO FuncionarioDeServico VALUES (13, 000055, 4);
INSERT INTO FuncionarioDeServico VALUES (10, 000057, 2);
INSERT INTO FuncionarioDeServico VALUES (04, 000058, 4);
INSERT INTO FuncionarioDeServico VALUES (01, 000058, 4);
INSERT INTO FuncionarioDeServico VALUES (07, 000058, 6);
INSERT INTO FuncionarioDeServico VALUES (12, 000069, 6);
INSERT INTO FuncionarioDeServico VALUES (09, 000069, 3);
INSERT INTO FuncionarioDeServico VALUES (15, 000069, 5);
INSERT INTO FuncionarioDeServico VALUES (09, 000073, 4);
INSERT INTO FuncionarioDeServico VALUES (07, 000073, 7);
INSERT INTO FuncionarioDeServico VALUES (11, 000086, 4);
INSERT INTO FuncionarioDeServico VALUES (11, 000087, 5);
INSERT INTO FuncionarioDeServico VALUES (10, 000090, 3);
INSERT INTO FuncionarioDeServico VALUES (12, 000095, 7);
INSERT INTO FuncionarioDeServico VALUES (07, 000095, 8);
INSERT INTO FuncionarioDeServico VALUES (05, 000095, 3);
INSERT INTO FuncionarioDeServico VALUES (10, 000096, 4);
INSERT INTO FuncionarioDeServico VALUES (14, 000096, 5);
INSERT INTO FuncionarioDeServico VALUES (13, 000096, 5);
INSERT INTO FuncionarioDeServico VALUES (06, 000099, 5);
INSERT INTO FuncionarioDeServico VALUES (14, 000100, 6);
INSERT INTO FuncionarioDeServico VALUES (15, 000100, 6);
INSERT INTO FuncionarioDeServico VALUES (02, 000100, 5);
INSERT INTO FuncionarioDeServico VALUES (01, 000114, 5);
INSERT INTO FuncionarioDeServico VALUES (11, 000115, 6);
INSERT INTO FuncionarioDeServico VALUES (05, 000117, 4);
INSERT INTO FuncionarioDeServico VALUES (01, 000117, 6);
INSERT INTO FuncionarioDeServico VALUES (11, 000126, 7);
INSERT INTO FuncionarioDeServico VALUES (04, 000126, 5);
INSERT INTO FuncionarioDeServico VALUES (04, 000127, 6);
INSERT INTO FuncionarioDeServico VALUES (01, 000127, 7);
INSERT INTO FuncionarioDeServico VALUES (08, 000127, 5);
INSERT INTO FuncionarioDeServico VALUES (10, 000129, 5);
INSERT INTO FuncionarioDeServico VALUES (14, 000130, 7);
INSERT INTO FuncionarioDeServico VALUES (15, 000131, 7);
INSERT INTO FuncionarioDeServico VALUES (06, 000131, 6);
INSERT INTO FuncionarioDeServico VALUES (15, 000132, 8);
INSERT INTO FuncionarioDeServico VALUES (07, 000132, 9);
INSERT INTO FuncionarioDeServico VALUES (11, 000132, 8);
INSERT INTO FuncionarioDeServico VALUES (15, 000133, 9);
INSERT INTO FuncionarioDeServico VALUES (03, 000133, 3);
INSERT INTO FuncionarioDeServico VALUES (15, 000137, 10);
INSERT INTO FuncionarioDeServico VALUES (05, 000137, 5);
INSERT INTO FuncionarioDeServico VALUES (12, 000139, 8);
INSERT INTO FuncionarioDeServico VALUES (14, 000139, 8);
INSERT INTO FuncionarioDeServico VALUES (10, 000139, 6);
INSERT INTO FuncionarioDeServico VALUES (02, 000140, 6);
INSERT INTO FuncionarioDeServico VALUES (12, 000140, 9);
INSERT INTO FuncionarioDeServico VALUES (07, 000140, 10);
INSERT INTO FuncionarioDeServico VALUES (09, 000145, 5);
INSERT INTO FuncionarioDeServico VALUES (01, 000150, 8);
INSERT INTO FuncionarioDeServico VALUES (06, 000150, 7);

INSERT INTO Hierarquias VALUES (000053, 000131);
INSERT INTO Hierarquias VALUES (000132, 000131);
INSERT INTO Hierarquias VALUES (000041, 000131);
INSERT INTO Hierarquias VALUES (000049, 000131);
INSERT INTO Hierarquias VALUES (000099, 000131);
INSERT INTO Hierarquias VALUES (000115, 000055);
INSERT INTO Hierarquias VALUES (000137, 000055);
INSERT INTO Hierarquias VALUES (000031, 000055);
INSERT INTO Hierarquias VALUES (000095, 000055);
INSERT INTO Hierarquias VALUES (000006, 000055);
INSERT INTO Hierarquias VALUES (000133, 000038);
INSERT INTO Hierarquias VALUES (000057, 000038);
INSERT INTO Hierarquias VALUES (000050, 000038);
INSERT INTO Hierarquias VALUES (000039, 000038);
INSERT INTO Hierarquias VALUES (000024, 000038);
INSERT INTO Hierarquias VALUES (000021, 000069);
INSERT INTO Hierarquias VALUES (000029, 000069);
INSERT INTO Hierarquias VALUES (000073, 000069);
INSERT INTO Hierarquias VALUES (000015, 000069);
INSERT INTO Hierarquias VALUES (000058, 000069);
INSERT INTO Hierarquias VALUES (000114, 000019);
INSERT INTO Hierarquias VALUES (000090, 000019);
INSERT INTO Hierarquias VALUES (000096, 000019);
INSERT INTO Hierarquias VALUES (000037, 000019);
INSERT INTO Hierarquias VALUES (000129, 000019);
INSERT INTO Hierarquias VALUES (000018, 000053);
INSERT INTO Hierarquias VALUES (000100, 000053);
INSERT INTO Hierarquias VALUES (000086, 000053);
INSERT INTO Hierarquias VALUES (000087, 000053);
INSERT INTO Hierarquias VALUES (000011, 000053);
INSERT INTO Hierarquias VALUES (000127, 000132);
INSERT INTO Hierarquias VALUES (000047, 000132);
INSERT INTO Hierarquias VALUES (000023, 000132);
INSERT INTO Hierarquias VALUES (000033, 000132);
INSERT INTO Hierarquias VALUES (000140, 000132);
INSERT INTO Hierarquias VALUES (000001, 000041);
INSERT INTO Hierarquias VALUES (000139, 000041);
INSERT INTO Hierarquias VALUES (000046, 000041);
INSERT INTO Hierarquias VALUES (000150, 000041);
INSERT INTO Hierarquias VALUES (000003, 000041);
INSERT INTO Hierarquias VALUES (000130, 000049);
INSERT INTO Hierarquias VALUES (000145, 000049);
INSERT INTO Hierarquias VALUES (000117, 000049);
INSERT INTO Hierarquias VALUES (000126, 000049);
INSERT INTO Hierarquias VALUES (000017, 000049);
