INSERT INTO Servicos VALUES (01, 'Space Mountain', 12, 1.40, 'Zona 3', NULL);
INSERT INTO Servicos VALUES (02, 'Pirates of The Caribbean', 12, 1.40, 'Zona 3', NULL);
INSERT INTO Servicos VALUES (03, 'Mikey Mouse Parade', 0, 0, 'Zona 1 e 2', NULL);
INSERT INTO Servicos VALUES (04, 'McDonalds', 0, 0, 'Zona 1', NULL);
INSERT INTO Servicos VALUES (05, 'Rick & Morty Portal Adventure', 8, 0, 'Zona 2', NULL);
INSERT INTO Servicos VALUES (06, 'Monty Python Play', 18, 0, 'Zona 4', NULL);
INSERT INTO Servicos VALUES (07, 'Hells Kitchen', 0, 0, 'Zona 2', NULL);
INSERT INTO Servicos VALUES (08, 'Batman Rollercoaster', 8, 1.00, 'Zona 3', NULL);
INSERT INTO Servicos VALUES (09, 'One Punch Man Training Session', 8, 1.00, 'Zona 4', NULL);
INSERT INTO Servicos VALUES (10, 'Trinket Store', 0, 0, 'Zona 1', NULL);
INSERT INTO Servicos VALUES (11, 'Pop World', 0, 0, 'Zona 3', NULL);
INSERT INTO Servicos VALUES (12, 'Wonder Woman Rollercoaster', 12, 1.40, 'Zona 3', NULL);
INSERT INTO Servicos VALUES (13, '1000 Way to Die: Haunting House', 18, 1.50, 'Zona 4', NULL);
INSERT INTO Servicos VALUES (14, 'Jackass Live', 18, 0, 'Zona 3', NULL);
INSERT INTO Servicos VALUES (15, 'Sasquatch', 13, 1.20, 'Zona 3', NULL);

INSERT INTO Atividades VALUES (01);
INSERT INTO Atividades VALUES (02);
INSERT INTO Atividades VALUES (03);
INSERT INTO Atividades VALUES (05);
INSERT INTO Atividades VALUES (06);
INSERT INTO Atividades VALUES (08);
INSERT INTO Atividades VALUES (09);
INSERT INTO Atividades VALUES (12);
INSERT INTO Atividades VALUES (13);
INSERT INTO Atividades VALUES (14);
INSERT INTO Atividades VALUES (15);

INSERT INTO Aderecos VALUES (001, 'ROCKIEST', 'space rocks', 01);
INSERT INTO Aderecos VALUES (012, 'iceberless', 'pirate ship', 02);
INSERT INTO Aderecos VALUES (253, 'legless', 'wood leg', 02);
INSERT INTO Aderecos VALUES (134, 'costums', 'mikey mouse outfits', 03);
INSERT INTO Aderecos VALUES (517, 'portals', 'portal gun', 05);
INSERT INTO Aderecos VALUES (136, 'costums', 'outfits', 06);
INSERT INTO Aderecos VALUES (452, 'costums', 'outfits', 06);
INSERT INTO Aderecos VALUES (628, 'mercedes', 'batmobile', 08);
INSERT INTO Aderecos VALUES (285, 'capes', 'red cape', 09);
INSERT INTO Aderecos VALUES (139, 'costums', 'wonder woman outfit', 12);
INSERT INTO Aderecos VALUES (636, 'screams', 'masks', 13);
INSERT INTO Aderecos VALUES (763, 'costums', 'sasquatch outfit', 15);

INSERT INTO Carrosseis VALUES (01, '2020-05-23');
INSERT INTO Carrosseis VALUES (02, '2021-03-20');
INSERT INTO Carrosseis VALUES (05, '2019-10-20');
INSERT INTO Carrosseis VALUES (08, '2022-01-04');
INSERT INTO Carrosseis VALUES (12, '2019-12-02');

INSERT INTO Eventos VALUES (03, 2019-04-13, '01:30');
INSERT INTO Eventos VALUES (06, 2019-05-23, '02:30');
INSERT INTO Eventos VALUES (09, 2019-04-20, '01:00');
INSERT INTO Eventos VALUES (13, 2019-04-25, '01:45');
INSERT INTO Eventos VALUES (14, 2019-04-30, '01:00');
INSERT INTO Eventos VALUES (15, 2019-04-21, '02:00');

INSERT INTO Restaurantes VALUES(04, 'big mac, CBO', 10);
INSERT INTO Restaurantes VALUES(07, 'sandwich', 7);

INSERT INTO Lojas VALUES(10, 'bracelets, t-shirts');
INSERT INTO Lojas VALUES(11, 'sunglasses, hats');

INSERT INTO Departamentos VALUES('recursos humanos', 10, 'recrutamentos de pessoas');
INSERT INTO Departamentos VALUES('markting', 10, 'publicidade da loja');
INSERT INTO Departamentos VALUES('shipping', 11, 'encomendas online');
INSERT INTO Departamentos VALUES('tesouraria', 11, 'tratamento de dinheiro');

INSERT INTO Epocas VALUES ('Verao', 'Junho', 'Agosto');
INSERT INTO Epocas VALUES ('Outono', 'Setembro', 'Novembro');
INSERT INTO Epocas VALUES ('Inverno', 'Dezembro', 'Fevereiro');
INSERT INTO Epocas VALUES ('Primavera', 'Março', 'Maio');

INSERT INTO Horarios VALUES (1, '08:00', '12:30', 'Segunda');
INSERT INTO Horarios VALUES (2, '08:00', '12:30', 'Terça');
INSERT INTO Horarios VALUES (3, '08:00', '12:30', 'Quarta');
INSERT INTO Horarios VALUES (4, '08:00', '12:30', 'Quinta');
INSERT INTO Horarios VALUES (5, '08:00', '12:30', 'Sexta');
INSERT INTO Horarios VALUES (6, '08:00', '12:30', 'Sabado');
INSERT INTO Horarios VALUES (7, '08:00', '12:30', 'Domingo');
INSERT INTO Horarios VALUES (8, '14:00', '19:00', 'Segunda');
INSERT INTO Horarios VALUES (9, '14:00', '19:00', 'Terça');
INSERT INTO Horarios VALUES (10, '14:00', '19:00', 'Quarta');
INSERT INTO Horarios VALUES (11, '14:00', '19:00', 'Quinta');
INSERT INTO Horarios VALUES (12, '14:00', '19:00', 'Sexta');
INSERT INTO Horarios VALUES (13, '14:00', '19:00', 'Sabado');
INSERT INTO Horarios VALUES (14, '14:00', '19:00', 'Domingo');

INSERT INTO ServicosEpocasHorarios VALUES (01, 'Verao', 2);
INSERT INTO ServicosEpocasHorarios VALUES (02, 'Outono', 1);
INSERT INTO ServicosEpocasHorarios VALUES (03, 'Verao', 14);
INSERT INTO ServicosEpocasHorarios VALUES (04, 'Inverno', 3);
INSERT INTO ServicosEpocasHorarios VALUES (05, 'Verao', 10);
INSERT INTO ServicosEpocasHorarios VALUES (06, 'Inverno', 9);
INSERT INTO ServicosEpocasHorarios VALUES (08, 'Outono', 13);
INSERT INTO ServicosEpocasHorarios VALUES (09, 'Primavera', 4);
INSERT INTO ServicosEpocasHorarios VALUES (10, 'Inverno', 12);
INSERT INTO ServicosEpocasHorarios VALUES (11, 'Verao', 5);
INSERT INTO ServicosEpocasHorarios VALUES (12, 'Outono', 8);
INSERT INTO ServicosEpocasHorarios VALUES (13, 'Primavera', 7);
INSERT INTO ServicosEpocasHorarios VALUES (14, 'Inverno', 6);
INSERT INTO ServicosEpocasHorarios VALUES (15, 'Verao', 11);

INSERT INTO TipoDeBilhete VALUES ('Regular', 40);
INSERT INTO TipoDeBilhete VALUES ('Gold', 60);
INSERT INTO TipoDeBilhete VALUES ('Premium', 80);

INSERT INTO Especialidades VALUES ('Segurança', 900, 20);
INSERT INTO Especialidades VALUES ('Técnico', 1000, 25);
INSERT INTO Especialidades VALUES ('Cozinheiro', 800, 25);
INSERT INTO Especialidades VALUES ('Staff', 600, 15);
INSERT INTO Especialidades VALUES ('Gerente', 1400, 20);

INSERT INTO Pessoas VALUES (000001, 'Eve Fallsgrove', '1994-08-11', 'F');
INSERT INTO Pessoas VALUES (000002, 'Nevins Fentum', '1977-11-08', 'M');
INSERT INTO Pessoas VALUES (000003, 'Theodosia Amark', '2009-10-08', 'F');
INSERT INTO Pessoas VALUES (000004, 'Jed Corden', '1984-06-14', 'M');
INSERT INTO Pessoas VALUES (000005, 'Robbyn Gwladys', '1993-03-02', 'F');
INSERT INTO Pessoas VALUES (000006, 'Ross Boulters', '1981-10-14', 'M');
INSERT INTO Pessoas VALUES (000007, 'Devondra Sweetgrass', '2006-02-12', 'F');
INSERT INTO Pessoas VALUES (000008, 'Flossi Petery', '1980-03-27', 'F');
INSERT INTO Pessoas VALUES (000009, 'Milt Oakmede', '1982-11-09', 'M');
INSERT INTO Pessoas VALUES (000010, 'Abdullah Bardet', '1977-09-15', 'M');
INSERT INTO Pessoas VALUES (000011, 'Benetta Lloyden', '1999-08-13', 'F');
INSERT INTO Pessoas VALUES (000012, 'Klaus Foxhall', '1981-08-13', 'M');
INSERT INTO Pessoas VALUES (000013, 'Deryl Hollowood', '1993-08-16', 'M');
INSERT INTO Pessoas VALUES (000014, 'Washington Innisbrook', '1987-11-15', 'M');
INSERT INTO Pessoas VALUES (000015, 'Leela Llanfair', '1987-10-23', 'F');
INSERT INTO Pessoas VALUES (000016, 'Ginevra Suncountry', '2005-04-18', 'F');
INSERT INTO Pessoas VALUES (000017, 'Gregor Hawkesfield', '1988-02-16', 'M');
INSERT INTO Pessoas VALUES (000018, 'Riane Skibo', '1995-01-23', 'F');
INSERT INTO Pessoas VALUES (000019, 'Hans-Peter Bellflower', '1999-11-09', 'M');
INSERT INTO Pessoas VALUES (000020, 'Phyllys Mapleleaf', '1988-04-14', 'F');
INSERT INTO Pessoas VALUES (000021, 'Melany Casperson', '1984-10-17', 'F');
INSERT INTO Pessoas VALUES (000022, 'Finley Hambledown', '1994-08-13', 'M');
INSERT INTO Pessoas VALUES (000023, 'Marigold Blackshire', '1994-10-12', 'F');
INSERT INTO Pessoas VALUES (000024, 'Torie Essington', '2009-05-10', 'F');
INSERT INTO Pessoas VALUES (000025, 'Sebastien Cracow', '1985-10-21', 'M');
INSERT INTO Pessoas VALUES (000026, 'Shanna Oakrest', '2006-10-02', 'F');
INSERT INTO Pessoas VALUES (000027, 'Brunella Cloverfield', '2006-01-27', 'F');
INSERT INTO Pessoas VALUES (000028, 'Maridel Rushway', '1988-11-22', 'F');
INSERT INTO Pessoas VALUES (000029, 'Maggie Cappelletti', '1986-07-27', 'F');
INSERT INTO Pessoas VALUES (000030, 'Iain Delander', '1971-07-10', 'M');
INSERT INTO Pessoas VALUES (000031, 'Armando Ruffing', '1990-07-24', 'M');
INSERT INTO Pessoas VALUES (000032, 'Marcelline Bardolino', '1998-08-12', 'F');
INSERT INTO Pessoas VALUES (000033, 'Louis Stanhome', '1983-10-16', 'M');
INSERT INTO Pessoas VALUES (000034, 'Thornton Genty', '1970-07-20', 'M');
INSERT INTO Pessoas VALUES (000035, 'Nadean Mursley', '1978-10-25', 'F');
INSERT INTO Pessoas VALUES (000036, 'Kitti Brackens', '1980-10-12', 'F');
INSERT INTO Pessoas VALUES (000037, 'Celine Pioxi', '1980-06-04', 'F');
INSERT INTO Pessoas VALUES (000038, 'Ramona Iriquois', '1996-02-18', 'F');
INSERT INTO Pessoas VALUES (000039, 'Weslie Andlers', '1975-01-20', 'M');
INSERT INTO Pessoas VALUES (000040, 'Nike Driggs', '2002-06-04', 'F');
INSERT INTO Pessoas VALUES (000041, 'Florina Bradfield', '1979-08-18', 'F');
INSERT INTO Pessoas VALUES (000042, 'Vick Wayneflete', '2005-10-03', 'M');
INSERT INTO Pessoas VALUES (000043, 'Tyler Ellerhausen', '1975-02-13', 'M');
INSERT INTO Pessoas VALUES (000044, 'Lesley Palmera', '2009-01-24', 'M');
INSERT INTO Pessoas VALUES (000045, 'Fred Kasba', '1996-07-09', 'M');
INSERT INTO Pessoas VALUES (000046, 'Judye Rosebrrok', '1994-11-19', 'F');
INSERT INTO Pessoas VALUES (000047, 'Gary Quate', '1980-02-27', 'M');
INSERT INTO Pessoas VALUES (000048, 'Irvin Manatauck', '1998-04-01', 'M');
INSERT INTO Pessoas VALUES (000049, 'Sayers Rixtonleys', '1999-01-22', 'M');
INSERT INTO Pessoas VALUES (000050, 'Bill Velo', '1981-02-13', 'M');
INSERT INTO Pessoas VALUES (000051, 'Filia Landwehr', '1982-04-12', 'F');
INSERT INTO Pessoas VALUES (000052, 'Whittaker Southfront', '1993-11-09', 'M');
INSERT INTO Pessoas VALUES (000053, 'Janelle Voelker', '1994-03-15', 'F');
INSERT INTO Pessoas VALUES (000054, 'Aditya Idlewilde', '2004-09-05', 'M');
INSERT INTO Pessoas VALUES (000055, 'Margit Deervale', '2003-06-13', 'F');
INSERT INTO Pessoas VALUES (000056, 'Ioana Kreck', '1991-07-16', 'F');
INSERT INTO Pessoas VALUES (000057, 'Pepi Crestshire', '1972-11-26', 'F');
INSERT INTO Pessoas VALUES (000058, 'Tynan Casemont', '1976-06-09', 'M');
INSERT INTO Pessoas VALUES (000059, 'Johny Rhinette', '2003-01-22', 'M');
INSERT INTO Pessoas VALUES (000060, 'Bobbie Dod', '2001-01-23', 'F');
INSERT INTO Pessoas VALUES (000061, 'Spud Illingworth', '1974-11-09', 'M');
INSERT INTO Pessoas VALUES (000062, 'Dory Fairacres', '1996-02-23', 'F');
INSERT INTO Pessoas VALUES (000063, 'Constancy Deepdale', '1972-04-20', 'F');
INSERT INTO Pessoas VALUES (000064, 'Maybelle Lissow', '1970-03-14', 'F');
INSERT INTO Pessoas VALUES (000065, 'Benjamin Barford', '1976-01-07', 'M');
INSERT INTO Pessoas VALUES (000066, 'Rickie Wisbech', '1997-10-16', 'F');
INSERT INTO Pessoas VALUES (000067, 'Moises Cairds', '1997-11-10', 'M');
INSERT INTO Pessoas VALUES (000068, 'Christi Barkett', '1996-05-18', 'F');
INSERT INTO Pessoas VALUES (000069, 'Kathye Braywick', '2001-04-26', 'F');
INSERT INTO Pessoas VALUES (000070, 'Sloan Levendale', '1977-10-02', 'M');
INSERT INTO Pessoas VALUES (000071, 'Marten Greenthorpe', '1991-04-15', 'M');
INSERT INTO Pessoas VALUES (000072, 'Caryl Monsall', '1986-10-13', 'M');
INSERT INTO Pessoas VALUES (000073, 'Carol-Jean Wiesbrook', '1985-02-19', 'F');
INSERT INTO Pessoas VALUES (000074, 'Marsha Crehore', '2002-07-24', 'F');
INSERT INTO Pessoas VALUES (000075, 'Shea Howards', '1978-03-03', 'M');
INSERT INTO Pessoas VALUES (000076, 'Darien Gaszi', '1970-08-01', 'M');
INSERT INTO Pessoas VALUES (000077, 'Herrick Garric', '1980-08-01', 'M');
INSERT INTO Pessoas VALUES (000078, 'Novelia Waddon', '1978-11-16', 'F');
INSERT INTO Pessoas VALUES (000079, 'Malena Brynmaer', '1980-10-27', 'F');
INSERT INTO Pessoas VALUES (000080, 'Indira Carolin', '1990-06-23', 'F');
INSERT INTO Pessoas VALUES (000081, 'Linoel Litle', '1975-08-10', 'M');
INSERT INTO Pessoas VALUES (000082, 'Johannah Gleaves', '1972-05-26', 'F');
INSERT INTO Pessoas VALUES (000083, 'Ivett Beswicks', '1978-10-19', 'F');
INSERT INTO Pessoas VALUES (000084, 'Jerrome Maille', '1998-05-27', 'M');
INSERT INTO Pessoas VALUES (000085, 'Jaquenetta Rigdale', '1988-10-18', 'F');
INSERT INTO Pessoas VALUES (000086, 'Vittoria Dalecarlia', '1984-02-04', 'F');
INSERT INTO Pessoas VALUES (000087, 'Allan Smewins', '1982-07-05', 'M');
INSERT INTO Pessoas VALUES (000088, 'Terrye Coleby', '1970-08-24', 'F');
INSERT INTO Pessoas VALUES (000089, 'Dorris Houret', '2000-03-24', 'F');
INSERT INTO Pessoas VALUES (000090, 'Dewey Goodfellow', '1998-04-20', 'M');
INSERT INTO Pessoas VALUES (000091, 'Rozanna Gettler', '2004-04-08', 'F');
INSERT INTO Pessoas VALUES (000092, 'Lolande Birkle', '1992-04-01', 'F');
INSERT INTO Pessoas VALUES (000093, 'Trixie Chowen', '2000-08-15', 'F');
INSERT INTO Pessoas VALUES (000094, 'Darrick Calexico', '2008-05-18', 'M');
INSERT INTO Pessoas VALUES (000095, 'Bharat Echelforde', '1983-03-23', 'M');
INSERT INTO Pessoas VALUES (000096, 'Engelbert Worting', '2001-05-22', 'M');
INSERT INTO Pessoas VALUES (000097, 'Zara Moonglow', '1973-11-25', 'F');
INSERT INTO Pessoas VALUES (000098, 'Dahlia Tarrymore', '2004-08-04', 'F');
INSERT INTO Pessoas VALUES (000099, 'Roscoe Schwartze', '1995-09-22', 'M');
INSERT INTO Pessoas VALUES (000100, 'Colin Roundfield', '1978-02-14', 'M');
INSERT INTO Pessoas VALUES (000101, 'Salvatore Waterworth', '2004-09-04', 'M');
INSERT INTO Pessoas VALUES (000102, 'Dana Barooga', '2005-05-17', 'M');
INSERT INTO Pessoas VALUES (000103, 'Morly Middletree', '2003-06-09', 'M');
INSERT INTO Pessoas VALUES (000104, 'Tobit Danthonia', '1978-09-25', 'M');
INSERT INTO Pessoas VALUES (000105, 'Archibold Tisane', '2009-01-17', 'M');
INSERT INTO Pessoas VALUES (000106, 'Brigitta Duncklee', '2005-10-10', 'F');
INSERT INTO Pessoas VALUES (000107, 'Karil Skillings', '1984-09-06', 'F');
INSERT INTO Pessoas VALUES (000108, 'Donny Spadafore', '2003-02-23', 'M');
INSERT INTO Pessoas VALUES (000109, 'Anjanette Najm', '1974-08-14', 'F');
INSERT INTO Pessoas VALUES (000110, 'Ravil Dewsbury', '2003-11-23', 'M');
INSERT INTO Pessoas VALUES (000111, 'Samuele Wolesey', '2003-09-12', 'M');
INSERT INTO Pessoas VALUES (000112, 'Karleen Alrose', '1982-05-27', 'F');
INSERT INTO Pessoas VALUES (000113, 'Hussein Myall', '1981-07-23', 'M');
INSERT INTO Pessoas VALUES (000114, 'Adoree Cielo', '1977-10-08', 'F');
INSERT INTO Pessoas VALUES (000115, 'Judy Tincombe', '1970-09-07', 'F');
INSERT INTO Pessoas VALUES (000116, 'Dennis Strathbrook', '1995-02-25', 'M');
INSERT INTO Pessoas VALUES (000117, 'Merrie Roseanne', '1999-03-04', 'F');
INSERT INTO Pessoas VALUES (000118, 'Elisha Mowlem', '1996-06-24', 'F');
INSERT INTO Pessoas VALUES (000119, 'Jarvis Gatehampton', '1990-09-21', 'M');
INSERT INTO Pessoas VALUES (000120, 'Sonia Gilbreth', '2002-03-12', 'F');
INSERT INTO Pessoas VALUES (000121, 'Rebbecca Applegarth', '1971-07-08', 'F');
INSERT INTO Pessoas VALUES (000122, 'Jasmin Lindegar', '1972-09-07', 'F');
INSERT INTO Pessoas VALUES (000123, 'Angelique Dunkeld', '1996-06-25', 'F');
INSERT INTO Pessoas VALUES (000124, 'Duffy Wenthorpe', '2005-05-02', 'M');
INSERT INTO Pessoas VALUES (000125, 'Hartley Tickseed', '1983-01-18', 'M');
INSERT INTO Pessoas VALUES (000126, 'Perrine Lambridge', '2002-06-07', 'F');
INSERT INTO Pessoas VALUES (000127, 'Ashley Deerview', '1988-10-03', 'M');
INSERT INTO Pessoas VALUES (000128, 'Carmine Doncrest', '2003-04-27', 'F');
INSERT INTO Pessoas VALUES (000129, 'Jean Fernside', '2009-07-19', 'F');
INSERT INTO Pessoas VALUES (000130, 'Chad Meucci', '2001-10-27', 'M');
INSERT INTO Pessoas VALUES (000131, 'May Wauconda', '1975-07-13', 'F');
INSERT INTO Pessoas VALUES (000132, 'Pierson Blacket', '2006-06-09', 'M');
INSERT INTO Pessoas VALUES (000133, 'Dimitry Hammelton', '1989-05-07', 'M');
INSERT INTO Pessoas VALUES (000134, 'Wally Ambergate', '1974-11-19', 'F');
INSERT INTO Pessoas VALUES (000135, 'Wake Goosebrook', '1987-08-22', 'M');
INSERT INTO Pessoas VALUES (000136, 'Kimberlyn Jonko', '1990-02-13', 'F');
INSERT INTO Pessoas VALUES (000137, 'Guillermo Marilynn', '1985-06-09', 'M');
INSERT INTO Pessoas VALUES (000138, 'Tisha Bombadier', '1984-06-14', 'F');
INSERT INTO Pessoas VALUES (000139, 'Annamarie Morcambe', '1998-05-27', 'F');
INSERT INTO Pessoas VALUES (000140, 'Giovanna Bridgecourt', '1987-07-22', 'F');
INSERT INTO Pessoas VALUES (000141, 'Carmine Ingate', '1990-07-26', 'M');
INSERT INTO Pessoas VALUES (000142, 'Sherri Sutro', '2001-03-12', 'F');
INSERT INTO Pessoas VALUES (000143, 'Conrad Archdale', '2004-11-06', 'M');
INSERT INTO Pessoas VALUES (000144, 'Patel Mylott', '2001-05-27', 'M');
INSERT INTO Pessoas VALUES (000145, 'Red Wasno', '1981-09-16', 'M');
INSERT INTO Pessoas VALUES (000146, 'Saudra Kavrik', '1982-04-07', 'F');
INSERT INTO Pessoas VALUES (000147, 'Sabra Beram', '1984-08-19', 'F');
INSERT INTO Pessoas VALUES (000148, 'Meade Koehling', '1995-04-11', 'M');
INSERT INTO Pessoas VALUES (000149, 'Mallory Megalong', '1994-09-12', 'F');
INSERT INTO Pessoas VALUES (000150, 'Olly Coolbrith', '1983-03-11', 'F');

INSERT INTO Clientes VALUES (000001, 1.6, NULL);
INSERT INTO Clientes VALUES (000002, 1.86, NULL);
INSERT INTO Clientes VALUES (000003, 1.37, NULL);
INSERT INTO Clientes VALUES (000005, 1.55, NULL);
INSERT INTO Clientes VALUES (000006, 1.95, NULL);
INSERT INTO Clientes VALUES (000007, 1.57, NULL);
INSERT INTO Clientes VALUES (000008, 1.64, NULL);
INSERT INTO Clientes VALUES (000009, 1.6, NULL);
INSERT INTO Clientes VALUES (000011, 1.53, NULL);
INSERT INTO Clientes VALUES (000012, 1.7, NULL);
INSERT INTO Clientes VALUES (000013, 1.82, NULL);
INSERT INTO Clientes VALUES (000014, 1.7, NULL);
INSERT INTO Clientes VALUES (000017, 1.75, NULL);
INSERT INTO Clientes VALUES (000018, 1.64, NULL);
INSERT INTO Clientes VALUES (000020, 1.85, NULL);
INSERT INTO Clientes VALUES (000021, 1.92, NULL);
INSERT INTO Clientes VALUES (000022, 1.79, NULL);
INSERT INTO Clientes VALUES (000023, 1.61, NULL);
INSERT INTO Clientes VALUES (000024, 1.42, NULL);
INSERT INTO Clientes VALUES (000025, 1.79, NULL);
INSERT INTO Clientes VALUES (000027, 1.51, NULL);
INSERT INTO Clientes VALUES (000028, 1.87, NULL);
INSERT INTO Clientes VALUES (000030, 1.81, NULL);
INSERT INTO Clientes VALUES (000031, 1.92, NULL);
INSERT INTO Clientes VALUES (000032, 1.91, NULL);
INSERT INTO Clientes VALUES (000035, 1.68, NULL);
INSERT INTO Clientes VALUES (000036, 1.9, NULL);
INSERT INTO Clientes VALUES (000037, 1.72, NULL);
INSERT INTO Clientes VALUES (000038, 1.77, NULL);
INSERT INTO Clientes VALUES (000039, 1.74, NULL);
INSERT INTO Clientes VALUES (000041, 1.83, NULL);
INSERT INTO Clientes VALUES (000042, 1.57, NULL);
INSERT INTO Clientes VALUES (000044, 1.38, NULL);
INSERT INTO Clientes VALUES (000045, 1.74, NULL);
INSERT INTO Clientes VALUES (000046, 1.67, NULL);
INSERT INTO Clientes VALUES (000048, 1.65, NULL);
INSERT INTO Clientes VALUES (000049, 1.69, NULL);
INSERT INTO Clientes VALUES (000050, 1.8, NULL);
INSERT INTO Clientes VALUES (000051, 1.89, NULL);
INSERT INTO Clientes VALUES (000056, 1.67, NULL);
INSERT INTO Clientes VALUES (000057, 1.89, NULL);
INSERT INTO Clientes VALUES (000060, 1.63, NULL);
INSERT INTO Clientes VALUES (000062, 1.75, NULL);
INSERT INTO Clientes VALUES (000063, 1.53, NULL);
INSERT INTO Clientes VALUES (000064, 1.63, NULL);
INSERT INTO Clientes VALUES (000065, 1.58, NULL);
INSERT INTO Clientes VALUES (000066, 1.89, NULL);
INSERT INTO Clientes VALUES (000067, 1.72, NULL);
INSERT INTO Clientes VALUES (000068, 1.58, NULL);
INSERT INTO Clientes VALUES (000069, 1.53, NULL);
INSERT INTO Clientes VALUES (000070, 1.73, NULL);
INSERT INTO Clientes VALUES (000072, 1.62, NULL);
INSERT INTO Clientes VALUES (000074, 1.87, NULL);
INSERT INTO Clientes VALUES (000075, 1.68, NULL);
INSERT INTO Clientes VALUES (000076, 1.57, NULL);
INSERT INTO Clientes VALUES (000077, 1.73, NULL);
INSERT INTO Clientes VALUES (000078, 1.62, NULL);
INSERT INTO Clientes VALUES (000079, 1.61, NULL);
INSERT INTO Clientes VALUES (000080, 1.75, NULL);
INSERT INTO Clientes VALUES (000081, 1.57, NULL);
INSERT INTO Clientes VALUES (000083, 1.81, NULL);
INSERT INTO Clientes VALUES (000085, 1.67, NULL);
INSERT INTO Clientes VALUES (000086, 1.8, NULL);
INSERT INTO Clientes VALUES (000087, 1.54, NULL);
INSERT INTO Clientes VALUES (000088, 1.59, NULL);
INSERT INTO Clientes VALUES (000089, 1.89, NULL);
INSERT INTO Clientes VALUES (000090, 1.92, NULL);
INSERT INTO Clientes VALUES (000092, 1.5, NULL);
INSERT INTO Clientes VALUES (000094, 1.41, NULL);
INSERT INTO Clientes VALUES (000095, 1.63, NULL);
INSERT INTO Clientes VALUES (000097, 1.87, NULL);
INSERT INTO Clientes VALUES (000098, 1.81, NULL);
INSERT INTO Clientes VALUES (000099, 1.5, NULL);
INSERT INTO Clientes VALUES (000100, 1.52, NULL);
INSERT INTO Clientes VALUES (000102, 1.68, NULL);
INSERT INTO Clientes VALUES (000103, 1.85, NULL);
INSERT INTO Clientes VALUES (000105, 1.53, NULL);
INSERT INTO Clientes VALUES (000106, 1.59, NULL);
INSERT INTO Clientes VALUES (000108, 1.56, NULL);
INSERT INTO Clientes VALUES (000109, 1.91, NULL);
INSERT INTO Clientes VALUES (000110, 1.54, NULL);
INSERT INTO Clientes VALUES (000112, 1.57, NULL);
INSERT INTO Clientes VALUES (000113, 1.59, NULL);
INSERT INTO Clientes VALUES (000115, 1.88, NULL);
INSERT INTO Clientes VALUES (000116, 1.92, NULL);
INSERT INTO Clientes VALUES (000117, 1.78, NULL);
INSERT INTO Clientes VALUES (000118, 1.57, NULL);
INSERT INTO Clientes VALUES (000120, 1.53, NULL);
INSERT INTO Clientes VALUES (000121, 1.73, NULL);
INSERT INTO Clientes VALUES (000122, 1.86, NULL);
INSERT INTO Clientes VALUES (000123, 1.91, NULL);
INSERT INTO Clientes VALUES (000124, 1.77, NULL);
INSERT INTO Clientes VALUES (000128, 1.64, NULL);
INSERT INTO Clientes VALUES (000129, 1.3, NULL);
INSERT INTO Clientes VALUES (000131, 1.91, NULL);
INSERT INTO Clientes VALUES (000132, 1.53, NULL);
INSERT INTO Clientes VALUES (000135, 1.6, NULL);
INSERT INTO Clientes VALUES (000136, 1.64, NULL);
INSERT INTO Clientes VALUES (000137, 1.67, NULL);
INSERT INTO Clientes VALUES (000139, 1.93, NULL);
INSERT INTO Clientes VALUES (000142, 1.67, NULL);
INSERT INTO Clientes VALUES (000144, 1.86, NULL);
INSERT INTO Clientes VALUES (000146, 1.77, NULL);
INSERT INTO Clientes VALUES (000148, 1.56, NULL);
INSERT INTO Clientes VALUES (000149, 1.86, NULL);
INSERT INTO Clientes VALUES (000150, 1.76, NULL);

INSERT INTO Funcionarios VALUES (000004, 'Segurança', 1350853901);
INSERT INTO Funcionarios VALUES (000010, 'Técnico', 1611745630);
INSERT INTO Funcionarios VALUES (000015, 'Segurança', 1146453145);
INSERT INTO Funcionarios VALUES (000016, 'Técnico', 1661238644);
INSERT INTO Funcionarios VALUES (000019, 'Staff', 1896891408);
INSERT INTO Funcionarios VALUES (000026, 'Cozinheiro', 1668996204);
INSERT INTO Funcionarios VALUES (000029, 'Gerente', 1789541020);
INSERT INTO Funcionarios VALUES (000033, 'Cozinheiro', 1790427239);
INSERT INTO Funcionarios VALUES (000034, 'Staff', 1011042588);
INSERT INTO Funcionarios VALUES (000040, 'Cozinheiro', 1233945532);
INSERT INTO Funcionarios VALUES (000043, 'Staff', 1089584511);
INSERT INTO Funcionarios VALUES (000047, 'Técnico', 1830982866);
INSERT INTO Funcionarios VALUES (000052, 'Segurança', 1178245126);
INSERT INTO Funcionarios VALUES (000053, 'Cozinheiro', 1525553366);
INSERT INTO Funcionarios VALUES (000054, 'Técnico', 1298807200);
INSERT INTO Funcionarios VALUES (000055, 'Gerente', 1017837179);
INSERT INTO Funcionarios VALUES (000058, 'Segurança', 1407195090);
INSERT INTO Funcionarios VALUES (000059, 'Técnico', 1789302887);
INSERT INTO Funcionarios VALUES (000061, 'Gerente', 1120077612);
INSERT INTO Funcionarios VALUES (000071, 'Cozinheiro', 1682030858);
INSERT INTO Funcionarios VALUES (000073, 'Técnico', 1510757184);
INSERT INTO Funcionarios VALUES (000082, 'Staff', 1691543933);
INSERT INTO Funcionarios VALUES (000084, 'Cozinheiro', 1119150525);
INSERT INTO Funcionarios VALUES (000091, 'Técnico', 1189919220);
INSERT INTO Funcionarios VALUES (000093, 'Segurança', 1389038497);
INSERT INTO Funcionarios VALUES (000096, 'Técnico', 1809596323);
INSERT INTO Funcionarios VALUES (000101, 'Staff', 1146557869);
INSERT INTO Funcionarios VALUES (000104, 'Staff', 1310313057);
INSERT INTO Funcionarios VALUES (000107, 'Técnico', 1446752873);
INSERT INTO Funcionarios VALUES (000111, 'Cozinheiro', 1639061361);
INSERT INTO Funcionarios VALUES (000114, 'Segurança', 1745879446);
INSERT INTO Funcionarios VALUES (000119, 'Cozinheiro', 1056332561);
INSERT INTO Funcionarios VALUES (000125, 'Cozinheiro', 1147731137);
INSERT INTO Funcionarios VALUES (000126, 'Técnico', 1494635361);
INSERT INTO Funcionarios VALUES (000127, 'Cozinheiro', 1468211837);
INSERT INTO Funcionarios VALUES (000130, 'Cozinheiro', 1529341730);
INSERT INTO Funcionarios VALUES (000133, 'Staff', 1509219501);
INSERT INTO Funcionarios VALUES (000134, 'Cozinheiro', 1806182738);
INSERT INTO Funcionarios VALUES (000138, 'Técnico', 1789245849);
INSERT INTO Funcionarios VALUES (000140, 'Cozinheiro', 1072750437);
INSERT INTO Funcionarios VALUES (000141, 'Gerente', 1953243856);
INSERT INTO Funcionarios VALUES (000143, 'Gerente', 1232169084);
INSERT INTO Funcionarios VALUES (000145, 'Gerente', 1241787648);
INSERT INTO Funcionarios VALUES (000147, 'Staff', 1370859312);

INSERT INTO Bilhetes VALUES (000001, 1, 'Gold', '2010-06-16', '2010-06-20', NULL);
INSERT INTO Bilhetes VALUES (000002, 2, 'Regular', '2013-03-23', '2013-03-26', NULL);
INSERT INTO Bilhetes VALUES (000003, 3, 'Gold', '2015-09-19', '2015-09-24', NULL);
INSERT INTO Bilhetes VALUES (000005, 4, 'Regular', '2010-10-04', '2010-10-05', NULL);
INSERT INTO Bilhetes VALUES (000006, 5, 'Premium', '2011-06-09', '2011-06-12', NULL);
INSERT INTO Bilhetes VALUES (000007, 6, 'Gold', '2015-01-18', '2015-01-19', NULL);
INSERT INTO Bilhetes VALUES (000008, 7, 'Gold', '2014-05-07', '2014-05-11', NULL);
INSERT INTO Bilhetes VALUES (000009, 8, 'Gold', '2017-11-07', '2017-11-11', NULL);
INSERT INTO Bilhetes VALUES (000011, 9, 'Gold', '2017-07-04', '2017-07-08', NULL);
INSERT INTO Bilhetes VALUES (000012, 10, 'Regular', '2016-04-09', '2016-04-10', NULL);
INSERT INTO Bilhetes VALUES (000013, 11, 'Premium', '2017-10-21', '2017-10-22', NULL);
INSERT INTO Bilhetes VALUES (000014, 12, 'Premium', '2014-02-02', '2014-02-04', NULL);
INSERT INTO Bilhetes VALUES (000017, 13, 'Premium', '2017-05-11', '2017-05-15', NULL);
INSERT INTO Bilhetes VALUES (000018, 14, 'Gold', '2016-02-26', '2016-02-27', NULL);
INSERT INTO Bilhetes VALUES (000020, 15, 'Premium', '2010-02-13', '2010-02-14', NULL);
INSERT INTO Bilhetes VALUES (000021, 16, 'Regular', '2014-08-11', '2014-08-14', NULL);
INSERT INTO Bilhetes VALUES (000022, 17, 'Gold', '2016-11-21', '2016-11-24', NULL);
INSERT INTO Bilhetes VALUES (000023, 18, 'Regular', '2016-11-21', '2016-11-23', NULL);
INSERT INTO Bilhetes VALUES (000024, 19, 'Gold', '2016-03-15', '2016-03-17', NULL);
INSERT INTO Bilhetes VALUES (000025, 20, 'Premium', '2013-08-08', '2013-08-13', NULL);
INSERT INTO Bilhetes VALUES (000027, 21, 'Regular', '2013-01-05', '2013-01-10', NULL);
INSERT INTO Bilhetes VALUES (000028, 22, 'Regular', '2015-11-03', '2015-11-08', NULL);
INSERT INTO Bilhetes VALUES (000030, 23, 'Premium', '2011-08-04', '2011-08-08', NULL);
INSERT INTO Bilhetes VALUES (000031, 24, 'Premium', '2011-08-10', '2011-08-15', NULL);
INSERT INTO Bilhetes VALUES (000032, 25, 'Regular', '2010-09-14', '2010-09-19', NULL);
INSERT INTO Bilhetes VALUES (000035, 26, 'Gold', '2010-02-21', '2010-02-23', NULL);
INSERT INTO Bilhetes VALUES (000036, 27, 'Regular', '2012-10-06', '2012-10-11', NULL);
INSERT INTO Bilhetes VALUES (000037, 28, 'Premium', '2015-04-14', '2015-04-16', NULL);
INSERT INTO Bilhetes VALUES (000038, 29, 'Premium', '2014-06-11', '2014-06-12', NULL);
INSERT INTO Bilhetes VALUES (000039, 30, 'Premium', '2011-05-01', '2011-05-02', NULL);
INSERT INTO Bilhetes VALUES (000041, 31, 'Premium', '2016-10-02', '2016-10-04', NULL);
INSERT INTO Bilhetes VALUES (000042, 32, 'Regular', '2010-04-21', '2010-04-23', NULL);
INSERT INTO Bilhetes VALUES (000044, 33, 'Gold', '2017-02-03', '2017-02-05', NULL);
INSERT INTO Bilhetes VALUES (000045, 34, 'Regular', '2014-10-09', '2014-10-11', NULL);
INSERT INTO Bilhetes VALUES (000046, 35, 'Gold', '2015-07-02', '2015-07-04', NULL);
INSERT INTO Bilhetes VALUES (000048, 36, 'Regular', '2015-02-02', '2015-02-04', NULL);
INSERT INTO Bilhetes VALUES (000049, 37, 'Premium', '2014-05-02', '2014-05-04', NULL);
INSERT INTO Bilhetes VALUES (000050, 38, 'Premium', '2014-06-19', '2014-06-22', NULL);
INSERT INTO Bilhetes VALUES (000051, 39, 'Regular', '2015-08-01', '2015-08-03', NULL);
INSERT INTO Bilhetes VALUES (000056, 40, 'Premium', '2015-05-05', '2015-05-10', NULL);
INSERT INTO Bilhetes VALUES (000057, 41, 'Premium', '2017-10-23', '2017-10-24', NULL);
INSERT INTO Bilhetes VALUES (000060, 42, 'Gold', '2012-09-01', '2012-09-05', NULL);
INSERT INTO Bilhetes VALUES (000062, 43, 'Gold', '2011-02-18', '2011-02-20', NULL);
INSERT INTO Bilhetes VALUES (000063, 44, 'Premium', '2012-03-10', '2012-03-15', NULL);
INSERT INTO Bilhetes VALUES (000064, 45, 'Premium', '2017-11-23', '2017-11-24', NULL);
INSERT INTO Bilhetes VALUES (000065, 46, 'Regular', '2017-11-03', '2017-11-04', NULL);
INSERT INTO Bilhetes VALUES (000066, 47, 'Premium', '2010-06-20', '2010-06-25', NULL);
INSERT INTO Bilhetes VALUES (000067, 48, 'Premium', '2010-01-19', '2010-01-20', NULL);
INSERT INTO Bilhetes VALUES (000068, 49, 'Premium', '2012-02-18', '2012-02-22', NULL);
INSERT INTO Bilhetes VALUES (000069, 50, 'Premium', '2015-10-06', '2015-10-07', NULL);
INSERT INTO Bilhetes VALUES (000070, 51, 'Premium', '2011-05-04', '2011-05-08', NULL);
INSERT INTO Bilhetes VALUES (000072, 52, 'Regular', '2016-01-02', '2016-01-04', NULL);
INSERT INTO Bilhetes VALUES (000074, 53, 'Premium', '2013-07-13', '2013-07-15', NULL);
INSERT INTO Bilhetes VALUES (000075, 54, 'Regular', '2013-09-03', '2013-09-06', NULL);
INSERT INTO Bilhetes VALUES (000076, 55, 'Premium', '2011-07-09', '2011-07-12', NULL);
INSERT INTO Bilhetes VALUES (000077, 56, 'Gold', '2016-03-23', '2016-03-25', NULL);
INSERT INTO Bilhetes VALUES (000078, 57, 'Premium', '2016-11-04', '2016-11-09', NULL);
INSERT INTO Bilhetes VALUES (000079, 58, 'Premium', '2014-05-10', '2014-05-14', NULL);
INSERT INTO Bilhetes VALUES (000080, 59, 'Regular', '2011-09-12', '2011-09-16', NULL);
INSERT INTO Bilhetes VALUES (000081, 60, 'Gold', '2011-11-11', '2011-11-16', NULL);
INSERT INTO Bilhetes VALUES (000083, 61, 'Regular', '2015-02-11', '2015-02-15', NULL);
INSERT INTO Bilhetes VALUES (000085, 62, 'Premium', '2013-09-14', '2013-09-18', NULL);
INSERT INTO Bilhetes VALUES (000086, 63, 'Gold', '2010-05-03', '2010-05-04', NULL);
INSERT INTO Bilhetes VALUES (000087, 64, 'Gold', '2013-07-16', '2013-07-18', NULL);
INSERT INTO Bilhetes VALUES (000088, 65, 'Premium', '2010-01-19', '2010-01-24', NULL);
INSERT INTO Bilhetes VALUES (000089, 66, 'Premium', '2011-07-19', '2011-07-22', NULL);
INSERT INTO Bilhetes VALUES (000090, 67, 'Regular', '2010-01-06', '2010-01-08', NULL);
INSERT INTO Bilhetes VALUES (000092, 68, 'Regular', '2012-04-14', '2012-04-18', NULL);
INSERT INTO Bilhetes VALUES (000094, 69, 'Gold', '2014-10-08', '2014-10-11', NULL);
INSERT INTO Bilhetes VALUES (000095, 70, 'Premium', '2017-11-07', '2017-11-10', NULL);
INSERT INTO Bilhetes VALUES (000097, 71, 'Regular', '2014-01-03', '2014-01-07', NULL);
INSERT INTO Bilhetes VALUES (000098, 72, 'Premium', '2013-08-04', '2013-08-06', NULL);
INSERT INTO Bilhetes VALUES (000099, 73, 'Regular', '2016-01-07', '2016-01-11', NULL);
INSERT INTO Bilhetes VALUES (000100, 74, 'Premium', '2016-10-20', '2016-10-23', NULL);
INSERT INTO Bilhetes VALUES (000102, 75, 'Regular', '2013-01-07', '2013-01-12', NULL);
INSERT INTO Bilhetes VALUES (000103, 76, 'Premium', '2015-10-17', '2015-10-22', NULL);
INSERT INTO Bilhetes VALUES (000105, 77, 'Gold', '2015-06-13', '2015-06-14', NULL);
INSERT INTO Bilhetes VALUES (000106, 78, 'Gold', '2017-01-03', '2017-01-08', NULL);
INSERT INTO Bilhetes VALUES (000108, 79, 'Gold', '2011-09-02', '2011-09-06', NULL);
INSERT INTO Bilhetes VALUES (000109, 80, 'Regular', '2012-04-01', '2012-04-02', NULL);
INSERT INTO Bilhetes VALUES (000110, 81, 'Regular', '2015-08-21', '2015-08-26', NULL);
INSERT INTO Bilhetes VALUES (000112, 82, 'Gold', '2013-01-12', '2013-01-14', NULL);
INSERT INTO Bilhetes VALUES (000113, 83, 'Regular', '2011-01-16', '2011-01-18', NULL);
INSERT INTO Bilhetes VALUES (000115, 84, 'Premium', '2017-11-06', '2017-11-11', NULL);
INSERT INTO Bilhetes VALUES (000116, 85, 'Premium', '2010-05-17', '2010-05-19', NULL);
INSERT INTO Bilhetes VALUES (000117, 86, 'Premium', '2016-09-22', '2016-09-24', NULL);
INSERT INTO Bilhetes VALUES (000118, 87, 'Premium', '2014-03-12', '2014-03-17', NULL);
INSERT INTO Bilhetes VALUES (000120, 88, 'Regular', '2011-03-05', '2011-03-06', NULL);
INSERT INTO Bilhetes VALUES (000121, 89, 'Premium', '2017-11-22', '2017-11-23', NULL);
INSERT INTO Bilhetes VALUES (000122, 90, 'Regular', '2013-10-14', '2013-10-17', NULL);
INSERT INTO Bilhetes VALUES (000123, 91, 'Gold', '2013-10-15', '2013-10-19', NULL);
INSERT INTO Bilhetes VALUES (000124, 92, 'Regular', '2016-09-02', '2016-09-06', NULL);
INSERT INTO Bilhetes VALUES (000128, 93, 'Regular', '2012-01-20', '2012-01-24', NULL);
INSERT INTO Bilhetes VALUES (000129, 94, 'Premium', '2014-07-17', '2014-07-21', NULL);
INSERT INTO Bilhetes VALUES (000131, 95, 'Premium', '2013-08-10', '2013-08-12', NULL);
INSERT INTO Bilhetes VALUES (000132, 96, 'Gold', '2011-05-24', '2011-05-25', NULL);
INSERT INTO Bilhetes VALUES (000135, 97, 'Premium', '2017-11-02', '2017-11-07', NULL);
INSERT INTO Bilhetes VALUES (000136, 98, 'Regular', '2013-05-18', '2013-05-19', NULL);
INSERT INTO Bilhetes VALUES (000137, 99, 'Regular', '2017-11-11', '2017-11-16', NULL);
INSERT INTO Bilhetes VALUES (000139, 100, 'Gold', '2015-07-09', '2015-07-14', NULL);
INSERT INTO Bilhetes VALUES (000142, 101, 'Regular', '2017-11-25', '2017-11-26', NULL);
INSERT INTO Bilhetes VALUES (000144, 102, 'Gold', '2017-08-16', '2017-08-19', NULL);
INSERT INTO Bilhetes VALUES (000146, 103, 'Regular', '2011-03-18', '2011-03-19', NULL);
INSERT INTO Bilhetes VALUES (000148, 104, 'Premium', '2011-06-06', '2011-06-09', NULL);
INSERT INTO Bilhetes VALUES (000149, 105, 'Gold', '2013-01-01', '2013-01-03', NULL);
INSERT INTO Bilhetes VALUES (000150, 106, 'Premium', '2016-01-04', '2016-01-05', NULL);

INSERT INTO Visitas VALUES (000001, 09, '2010-06-18', 1);
INSERT INTO Visitas VALUES (000001, 14, '2010-06-20', 4);
INSERT INTO Visitas VALUES (000001, 11, '2010-06-19', NULL);
INSERT INTO Visitas VALUES (000001, 12, '2010-06-19', 5);
INSERT INTO Visitas VALUES (000001, 01, '2010-06-19', 3);
INSERT INTO Visitas VALUES (000001, 13, '2010-06-20', 1);
INSERT INTO Visitas VALUES (000001, 10, '2010-06-17', 5);
INSERT INTO Visitas VALUES (000002, 05, '2013-03-26', NULL);
INSERT INTO Visitas VALUES (000002, 04, '2013-03-26', NULL);
INSERT INTO Visitas VALUES (000002, 15, '2013-03-23', 4);
INSERT INTO Visitas VALUES (000002, 13, '2013-03-24', 2);
INSERT INTO Visitas VALUES (000002, 12, '2013-03-23', 0);
INSERT INTO Visitas VALUES (000002, 02, '2013-03-24', NULL);
INSERT INTO Visitas VALUES (000002, 06, '2013-03-26', 3);
INSERT INTO Visitas VALUES (000002, 09, '2013-03-23', 3);
INSERT INTO Visitas VALUES (000003, 10, '2015-09-20', 0);
INSERT INTO Visitas VALUES (000003, 15, '2015-09-21', 3);
INSERT INTO Visitas VALUES (000003, 03, '2015-09-19', 0);
INSERT INTO Visitas VALUES (000003, 01, '2015-09-19', 5);
INSERT INTO Visitas VALUES (000003, 09, '2015-09-21', 0);
INSERT INTO Visitas VALUES (000003, 14, '2015-09-23', 1);
INSERT INTO Visitas VALUES (000003, 04, '2015-09-23', 4);
INSERT INTO Visitas VALUES (000005, 08, '2010-10-05', 4);
INSERT INTO Visitas VALUES (000006, 10, '2011-06-10', 0);
INSERT INTO Visitas VALUES (000006, 01, '2011-06-11', 2);
INSERT INTO Visitas VALUES (000007, 02, '2015-01-19', 4);
INSERT INTO Visitas VALUES (000007, 06, '2015-01-19', 0);
INSERT INTO Visitas VALUES (000007, 14, '2015-01-18', 4);
INSERT INTO Visitas VALUES (000007, 08, '2015-01-19', 0);
INSERT INTO Visitas VALUES (000008, 02, '2014-05-08', 2);
INSERT INTO Visitas VALUES (000008, 11, '2014-05-07', 5);
INSERT INTO Visitas VALUES (000008, 05, '2014-05-08', 4);
INSERT INTO Visitas VALUES (000008, 01, '2014-05-09', 4);
INSERT INTO Visitas VALUES (000008, 07, '2014-05-09', 4);
INSERT INTO Visitas VALUES (000008, 15, '2014-05-08', NULL);
INSERT INTO Visitas VALUES (000008, 09, '2014-05-07', NULL);
INSERT INTO Visitas VALUES (000009, 02, '2017-11-09', 5);
INSERT INTO Visitas VALUES (000009, 12, '2017-11-09', 4);
INSERT INTO Visitas VALUES (000009, 11, '2017-11-07', 2);
INSERT INTO Visitas VALUES (000009, 04, '2017-11-07', NULL);
INSERT INTO Visitas VALUES (000009, 03, '2017-11-09', NULL);
INSERT INTO Visitas VALUES (000009, 01, '2017-11-10', 3);
INSERT INTO Visitas VALUES (000009, 08, '2017-11-11', 0);
INSERT INTO Visitas VALUES (000011, 11, '2017-07-08', 0);
INSERT INTO Visitas VALUES (000011, 06, '2017-07-08', 4);
INSERT INTO Visitas VALUES (000011, 08, '2017-07-05', 5);
INSERT INTO Visitas VALUES (000011, 13, '2017-07-08', 5);
INSERT INTO Visitas VALUES (000011, 05, '2017-07-08', 4);
INSERT INTO Visitas VALUES (000012, 13, '2016-04-09', 4);
INSERT INTO Visitas VALUES (000012, 06, '2016-04-09', 3);
INSERT INTO Visitas VALUES (000012, 07, '2016-04-10', 5);
INSERT INTO Visitas VALUES (000013, 07, '2017-10-22', 2);
INSERT INTO Visitas VALUES (000013, 04, '2017-10-21', 5);
INSERT INTO Visitas VALUES (000013, 12, '2017-10-22', 5);
INSERT INTO Visitas VALUES (000014, 01, '2014-02-04', 0);
INSERT INTO Visitas VALUES (000014, 15, '2014-02-04', 0);
INSERT INTO Visitas VALUES (000014, 14, '2014-02-03', 1);
INSERT INTO Visitas VALUES (000014, 06, '2014-02-04', 1);
INSERT INTO Visitas VALUES (000014, 04, '2014-02-03', 2);
INSERT INTO Visitas VALUES (000014, 09, '2014-02-03', 4);
INSERT INTO Visitas VALUES (000014, 02, '2014-02-04', NULL);
INSERT INTO Visitas VALUES (000014, 11, '2014-02-02', 0);
INSERT INTO Visitas VALUES (000017, 09, '2017-05-15', 5);
INSERT INTO Visitas VALUES (000017, 05, '2017-05-11', 4);
INSERT INTO Visitas VALUES (000017, 06, '2017-05-14', 2);
INSERT INTO Visitas VALUES (000017, 14, '2017-05-15', 0);
INSERT INTO Visitas VALUES (000017, 13, '2017-05-11', 5);
INSERT INTO Visitas VALUES (000017, 15, '2017-05-11', 0);
INSERT INTO Visitas VALUES (000018, 12, '2016-02-27', 0);
INSERT INTO Visitas VALUES (000018, 14, '2016-02-26', 3);
INSERT INTO Visitas VALUES (000018, 15, '2016-02-26', 4);
INSERT INTO Visitas VALUES (000018, 11, '2016-02-26', 1);
INSERT INTO Visitas VALUES (000018, 13, '2016-02-27', 1);
INSERT INTO Visitas VALUES (000020, 04, '2010-02-14', NULL);
INSERT INTO Visitas VALUES (000020, 05, '2010-02-13', 0);
INSERT INTO Visitas VALUES (000020, 13, '2010-02-14', 1);
INSERT INTO Visitas VALUES (000020, 12, '2010-02-13', 2);
INSERT INTO Visitas VALUES (000020, 03, '2010-02-14', 1);
INSERT INTO Visitas VALUES (000020, 06, '2010-02-13', NULL);
INSERT INTO Visitas VALUES (000020, 01, '2010-02-14', 3);
INSERT INTO Visitas VALUES (000020, 11, '2010-02-13', 5);
INSERT INTO Visitas VALUES (000021, 14, '2014-08-13', 2);
INSERT INTO Visitas VALUES (000022, 08, '2016-11-21', NULL);
INSERT INTO Visitas VALUES (000023, 14, '2016-11-23', NULL);
INSERT INTO Visitas VALUES (000023, 02, '2016-11-22', 2);
INSERT INTO Visitas VALUES (000023, 03, '2016-11-23', 0);
INSERT INTO Visitas VALUES (000023, 06, '2016-11-21', 4);
INSERT INTO Visitas VALUES (000023, 13, '2016-11-23', 3);
INSERT INTO Visitas VALUES (000024, 07, '2016-03-16', 1);
INSERT INTO Visitas VALUES (000024, 01, '2016-03-16', 0);
INSERT INTO Visitas VALUES (000024, 14, '2016-03-17', NULL);
INSERT INTO Visitas VALUES (000024, 04, '2016-03-17', 0);
INSERT INTO Visitas VALUES (000024, 15, '2016-03-17', 3);
INSERT INTO Visitas VALUES (000024, 10, '2016-03-16', 2);
INSERT INTO Visitas VALUES (000024, 05, '2016-03-15', NULL);
INSERT INTO Visitas VALUES (000025, 13, '2013-08-10', 5);
INSERT INTO Visitas VALUES (000025, 01, '2013-08-13', 5);
INSERT INTO Visitas VALUES (000025, 03, '2013-08-10', 4);
INSERT INTO Visitas VALUES (000025, 10, '2013-08-12', 5);
INSERT INTO Visitas VALUES (000025, 04, '2013-08-11', 0);
INSERT INTO Visitas VALUES (000025, 06, '2013-08-12', 1);
INSERT INTO Visitas VALUES (000027, 15, '2013-01-07', 1);
INSERT INTO Visitas VALUES (000027, 14, '2013-01-08', 0);
INSERT INTO Visitas VALUES (000027, 04, '2013-01-06', 2);
INSERT INTO Visitas VALUES (000027, 10, '2013-01-06', 4);
INSERT INTO Visitas VALUES (000027, 03, '2013-01-10', 2);
INSERT INTO Visitas VALUES (000028, 06, '2015-11-03', 3);
INSERT INTO Visitas VALUES (000028, 12, '2015-11-06', 3);
INSERT INTO Visitas VALUES (000028, 09, '2015-11-03', 1);
INSERT INTO Visitas VALUES (000030, 08, '2011-08-06', 4);
INSERT INTO Visitas VALUES (000030, 09, '2011-08-06', 4);
INSERT INTO Visitas VALUES (000030, 11, '2011-08-07', 0);
INSERT INTO Visitas VALUES (000030, 06, '2011-08-08', 3);
INSERT INTO Visitas VALUES (000031, 12, '2011-08-14', NULL);
INSERT INTO Visitas VALUES (000031, 10, '2011-08-15', NULL);
INSERT INTO Visitas VALUES (000031, 07, '2011-08-10', 4);
INSERT INTO Visitas VALUES (000031, 08, '2011-08-15', NULL);
INSERT INTO Visitas VALUES (000031, 06, '2011-08-10', 5);
INSERT INTO Visitas VALUES (000031, 01, '2011-08-12', 4);
INSERT INTO Visitas VALUES (000031, 05, '2011-08-15', 5);
INSERT INTO Visitas VALUES (000032, 02, '2010-09-15', 2);
INSERT INTO Visitas VALUES (000035, 05, '2010-02-22', 3);
INSERT INTO Visitas VALUES (000035, 10, '2010-02-21', 0);
INSERT INTO Visitas VALUES (000035, 02, '2010-02-23', 0);
INSERT INTO Visitas VALUES (000035, 06, '2010-02-22', NULL);
INSERT INTO Visitas VALUES (000036, 02, '2012-10-07', 4);
INSERT INTO Visitas VALUES (000036, 09, '2012-10-10', 4);
INSERT INTO Visitas VALUES (000036, 06, '2012-10-09', 2);
INSERT INTO Visitas VALUES (000036, 01, '2012-10-09', 0);
INSERT INTO Visitas VALUES (000036, 04, '2012-10-08', 1);
INSERT INTO Visitas VALUES (000036, 14, '2012-10-09', 5);
INSERT INTO Visitas VALUES (000036, 13, '2012-10-09', NULL);
INSERT INTO Visitas VALUES (000036, 12, '2012-10-09', NULL);
INSERT INTO Visitas VALUES (000037, 09, '2015-04-14', 3);
INSERT INTO Visitas VALUES (000037, 04, '2015-04-15', 2);
INSERT INTO Visitas VALUES (000037, 07, '2015-04-14', 3);
INSERT INTO Visitas VALUES (000038, 15, '2014-06-11', 2);
INSERT INTO Visitas VALUES (000038, 11, '2014-06-12', NULL);
INSERT INTO Visitas VALUES (000038, 10, '2014-06-11', NULL);
INSERT INTO Visitas VALUES (000038, 07, '2014-06-12', 3);
INSERT INTO Visitas VALUES (000038, 13, '2014-06-11', 1);
INSERT INTO Visitas VALUES (000038, 08, '2014-06-12', 2);
INSERT INTO Visitas VALUES (000038, 05, '2014-06-12', 4);
INSERT INTO Visitas VALUES (000039, 09, '2011-05-01', 0);
INSERT INTO Visitas VALUES (000039, 06, '2011-05-01', 5);
INSERT INTO Visitas VALUES (000039, 15, '2011-05-02', 2);
INSERT INTO Visitas VALUES (000039, 04, '2011-05-02', 0);
INSERT INTO Visitas VALUES (000039, 08, '2011-05-01', NULL);
INSERT INTO Visitas VALUES (000041, 05, '2016-10-03', 1);
INSERT INTO Visitas VALUES (000041, 13, '2016-10-02', NULL);
INSERT INTO Visitas VALUES (000042, 14, '2010-04-23', 4);
INSERT INTO Visitas VALUES (000042, 04, '2010-04-22', NULL);
INSERT INTO Visitas VALUES (000042, 15, '2010-04-22', 3);
INSERT INTO Visitas VALUES (000042, 05, '2010-04-21', 3);
INSERT INTO Visitas VALUES (000042, 06, '2010-04-23', 3);
INSERT INTO Visitas VALUES (000042, 12, '2010-04-23', 5);
INSERT INTO Visitas VALUES (000042, 02, '2010-04-23', 0);
INSERT INTO Visitas VALUES (000042, 09, '2010-04-23', NULL);
INSERT INTO Visitas VALUES (000044, 15, '2017-02-03', 2);
INSERT INTO Visitas VALUES (000044, 14, '2017-02-03', 4);
INSERT INTO Visitas VALUES (000044, 07, '2017-02-03', 4);
INSERT INTO Visitas VALUES (000044, 11, '2017-02-05', 2);
INSERT INTO Visitas VALUES (000044, 04, '2017-02-04', 2);
INSERT INTO Visitas VALUES (000044, 03, '2017-02-03', 3);
INSERT INTO Visitas VALUES (000044, 09, '2017-02-04', 4);
INSERT INTO Visitas VALUES (000045, 07, '2014-10-10', 5);
INSERT INTO Visitas VALUES (000045, 09, '2014-10-09', NULL);
INSERT INTO Visitas VALUES (000045, 11, '2014-10-11', 0);
INSERT INTO Visitas VALUES (000045, 14, '2014-10-09', 4);
INSERT INTO Visitas VALUES (000045, 02, '2014-10-09', NULL);
INSERT INTO Visitas VALUES (000045, 10, '2014-10-09', 0);
INSERT INTO Visitas VALUES (000045, 15, '2014-10-11', NULL);
INSERT INTO Visitas VALUES (000045, 04, '2014-10-09', NULL);
INSERT INTO Visitas VALUES (000046, 03, '2015-07-03', 5);
INSERT INTO Visitas VALUES (000046, 02, '2015-07-04', 2);
INSERT INTO Visitas VALUES (000046, 06, '2015-07-02', NULL);
INSERT INTO Visitas VALUES (000046, 14, '2015-07-04', 4);
INSERT INTO Visitas VALUES (000046, 11, '2015-07-02', 4);
INSERT INTO Visitas VALUES (000046, 01, '2015-07-04', NULL);
INSERT INTO Visitas VALUES (000048, 09, '2015-02-02', 2);
INSERT INTO Visitas VALUES (000048, 01, '2015-02-04', 1);
INSERT INTO Visitas VALUES (000049, 15, '2014-05-04', 1);
INSERT INTO Visitas VALUES (000049, 01, '2014-05-04', 4);
INSERT INTO Visitas VALUES (000050, 09, '2014-06-19', 2);
INSERT INTO Visitas VALUES (000050, 10, '2014-06-22', 4);
INSERT INTO Visitas VALUES (000050, 08, '2014-06-19', NULL);
INSERT INTO Visitas VALUES (000050, 03, '2014-06-20', 2);
INSERT INTO Visitas VALUES (000050, 07, '2014-06-19', 5);
INSERT INTO Visitas VALUES (000050, 11, '2014-06-20', 5);
INSERT INTO Visitas VALUES (000050, 01, '2014-06-19', NULL);
INSERT INTO Visitas VALUES (000050, 12, '2014-06-20', 1);
INSERT INTO Visitas VALUES (000051, 10, '2015-08-02', 1);
INSERT INTO Visitas VALUES (000051, 11, '2015-08-03', 5);
INSERT INTO Visitas VALUES (000051, 14, '2015-08-03', 2);
INSERT INTO Visitas VALUES (000051, 05, '2015-08-03', NULL);
INSERT INTO Visitas VALUES (000051, 06, '2015-08-03', 1);
INSERT INTO Visitas VALUES (000051, 12, '2015-08-02', NULL);
INSERT INTO Visitas VALUES (000051, 15, '2015-08-01', 5);
INSERT INTO Visitas VALUES (000056, 06, '2015-05-07', 2);
INSERT INTO Visitas VALUES (000056, 07, '2015-05-09', 3);
INSERT INTO Visitas VALUES (000057, 13, '2017-10-24', NULL);
INSERT INTO Visitas VALUES (000057, 02, '2017-10-23', 2);
INSERT INTO Visitas VALUES (000057, 04, '2017-10-24', NULL);
INSERT INTO Visitas VALUES (000057, 06, '2017-10-23', 4);
INSERT INTO Visitas VALUES (000057, 14, '2017-10-24', NULL);
INSERT INTO Visitas VALUES (000057, 07, '2017-10-24', NULL);
INSERT INTO Visitas VALUES (000057, 10, '2017-10-24', 3);
INSERT INTO Visitas VALUES (000057, 01, '2017-10-23', NULL);
INSERT INTO Visitas VALUES (000060, 12, '2012-09-03', NULL);
INSERT INTO Visitas VALUES (000060, 07, '2012-09-05', NULL);
INSERT INTO Visitas VALUES (000062, 11, '2011-02-18', NULL);
INSERT INTO Visitas VALUES (000062, 01, '2011-02-18', 0);
INSERT INTO Visitas VALUES (000063, 03, '2012-03-11', 0);
INSERT INTO Visitas VALUES (000063, 12, '2012-03-13', 4);
INSERT INTO Visitas VALUES (000063, 08, '2012-03-14', 2);
INSERT INTO Visitas VALUES (000063, 11, '2012-03-15', 0);
INSERT INTO Visitas VALUES (000063, 06, '2012-03-12', NULL);
INSERT INTO Visitas VALUES (000063, 04, '2012-03-12', 2);
INSERT INTO Visitas VALUES (000063, 05, '2012-03-15', 0);
INSERT INTO Visitas VALUES (000063, 15, '2012-03-12', NULL);
INSERT INTO Visitas VALUES (000064, 04, '2017-11-23', 4);
INSERT INTO Visitas VALUES (000064, 01, '2017-11-24', NULL);
INSERT INTO Visitas VALUES (000064, 14, '2017-11-24', NULL);
INSERT INTO Visitas VALUES (000065, 06, '2017-11-03', 1);
INSERT INTO Visitas VALUES (000065, 04, '2017-11-04', NULL);
INSERT INTO Visitas VALUES (000065, 01, '2017-11-04', 4);
INSERT INTO Visitas VALUES (000065, 08, '2017-11-03', 3);
INSERT INTO Visitas VALUES (000065, 02, '2017-11-03', 1);
INSERT INTO Visitas VALUES (000066, 11, '2010-06-23', 4);
INSERT INTO Visitas VALUES (000066, 01, '2010-06-21', 1);
INSERT INTO Visitas VALUES (000066, 02, '2010-06-20', 0);
INSERT INTO Visitas VALUES (000066, 10, '2010-06-24', 0);
INSERT INTO Visitas VALUES (000067, 05, '2010-01-20', 2);
INSERT INTO Visitas VALUES (000068, 06, '2012-02-18', 0);
INSERT INTO Visitas VALUES (000068, 07, '2012-02-22', 3);
INSERT INTO Visitas VALUES (000068, 01, '2012-02-22', 2);
INSERT INTO Visitas VALUES (000069, 10, '2015-10-07', 1);
INSERT INTO Visitas VALUES (000069, 06, '2015-10-06', 2);
INSERT INTO Visitas VALUES (000069, 09, '2015-10-07', NULL);
INSERT INTO Visitas VALUES (000069, 13, '2015-10-07', NULL);
INSERT INTO Visitas VALUES (000070, 12, '2011-05-06', 0);
INSERT INTO Visitas VALUES (000072, 07, '2016-01-02', 1);
INSERT INTO Visitas VALUES (000072, 04, '2016-01-02', 0);
INSERT INTO Visitas VALUES (000072, 12, '2016-01-03', 5);
INSERT INTO Visitas VALUES (000072, 02, '2016-01-04', 4);
INSERT INTO Visitas VALUES (000072, 15, '2016-01-04', 2);
INSERT INTO Visitas VALUES (000072, 14, '2016-01-04', 4);
INSERT INTO Visitas VALUES (000072, 08, '2016-01-02', 0);
INSERT INTO Visitas VALUES (000072, 05, '2016-01-02', 3);
INSERT INTO Visitas VALUES (000074, 08, '2013-07-14', NULL);
INSERT INTO Visitas VALUES (000074, 01, '2013-07-15', 2);
INSERT INTO Visitas VALUES (000075, 05, '2013-09-04', 4);
INSERT INTO Visitas VALUES (000076, 02, '2011-07-11', 1);
INSERT INTO Visitas VALUES (000076, 11, '2011-07-09', NULL);
INSERT INTO Visitas VALUES (000076, 01, '2011-07-09', 1);
INSERT INTO Visitas VALUES (000076, 08, '2011-07-11', 2);
INSERT INTO Visitas VALUES (000077, 01, '2016-03-25', 1);
INSERT INTO Visitas VALUES (000077, 05, '2016-03-25', 1);
INSERT INTO Visitas VALUES (000077, 06, '2016-03-25', 0);
INSERT INTO Visitas VALUES (000077, 11, '2016-03-23', 4);
INSERT INTO Visitas VALUES (000077, 15, '2016-03-23', 3);
INSERT INTO Visitas VALUES (000077, 08, '2016-03-23', 0);
INSERT INTO Visitas VALUES (000077, 09, '2016-03-23', 5);
INSERT INTO Visitas VALUES (000077, 10, '2016-03-24', 2);
INSERT INTO Visitas VALUES (000078, 03, '2016-11-04', 2);
INSERT INTO Visitas VALUES (000078, 01, '2016-11-04', 0);
INSERT INTO Visitas VALUES (000078, 12, '2016-11-05', NULL);
INSERT INTO Visitas VALUES (000078, 02, '2016-11-06', 2);
INSERT INTO Visitas VALUES (000078, 13, '2016-11-08', 5);
INSERT INTO Visitas VALUES (000079, 12, '2014-05-14', 2);
INSERT INTO Visitas VALUES (000079, 07, '2014-05-13', 5);
INSERT INTO Visitas VALUES (000079, 14, '2014-05-10', 1);
INSERT INTO Visitas VALUES (000079, 04, '2014-05-13', NULL);
INSERT INTO Visitas VALUES (000079, 01, '2014-05-13', 0);
INSERT INTO Visitas VALUES (000079, 02, '2014-05-11', 4);
INSERT INTO Visitas VALUES (000079, 15, '2014-05-11', 5);
INSERT INTO Visitas VALUES (000079, 06, '2014-05-10', 0);
INSERT INTO Visitas VALUES (000080, 02, '2011-09-13', NULL);
INSERT INTO Visitas VALUES (000080, 07, '2011-09-13', 3);
INSERT INTO Visitas VALUES (000081, 12, '2011-11-16', 2);
INSERT INTO Visitas VALUES (000081, 02, '2011-11-15', 1);
INSERT INTO Visitas VALUES (000081, 15, '2011-11-15', 5);
INSERT INTO Visitas VALUES (000081, 14, '2011-11-12', NULL);
INSERT INTO Visitas VALUES (000081, 09, '2011-11-13', 0);
INSERT INTO Visitas VALUES (000081, 01, '2011-11-13', 4);
INSERT INTO Visitas VALUES (000081, 06, '2011-11-16', NULL);
INSERT INTO Visitas VALUES (000083, 05, '2015-02-15', NULL);
INSERT INTO Visitas VALUES (000083, 14, '2015-02-11', NULL);
INSERT INTO Visitas VALUES (000085, 02, '2013-09-16', 3);
INSERT INTO Visitas VALUES (000085, 01, '2013-09-14', NULL);
INSERT INTO Visitas VALUES (000085, 05, '2013-09-16', 2);
INSERT INTO Visitas VALUES (000085, 08, '2013-09-16', 4);
INSERT INTO Visitas VALUES (000085, 13, '2013-09-17', NULL);
INSERT INTO Visitas VALUES (000085, 15, '2013-09-14', 0);
INSERT INTO Visitas VALUES (000086, 08, '2010-05-04', 1);
INSERT INTO Visitas VALUES (000086, 05, '2010-05-03', 4);
INSERT INTO Visitas VALUES (000086, 01, '2010-05-03', 1);
INSERT INTO Visitas VALUES (000086, 12, '2010-05-03', 3);
INSERT INTO Visitas VALUES (000086, 14, '2010-05-03', 2);
INSERT INTO Visitas VALUES (000086, 04, '2010-05-03', 2);
INSERT INTO Visitas VALUES (000086, 10, '2010-05-03', 3);
INSERT INTO Visitas VALUES (000086, 03, '2010-05-03', 5);
INSERT INTO Visitas VALUES (000087, 13, '2013-07-16', NULL);
INSERT INTO Visitas VALUES (000087, 07, '2013-07-18', 5);
INSERT INTO Visitas VALUES (000087, 05, '2013-07-18', 2);
INSERT INTO Visitas VALUES (000087, 11, '2013-07-18', 2);
INSERT INTO Visitas VALUES (000087, 10, '2013-07-16', NULL);
INSERT INTO Visitas VALUES (000088, 14, '2010-01-19', NULL);
INSERT INTO Visitas VALUES (000088, 13, '2010-01-22', 2);
INSERT INTO Visitas VALUES (000088, 03, '2010-01-22', 1);
INSERT INTO Visitas VALUES (000088, 07, '2010-01-19', NULL);
INSERT INTO Visitas VALUES (000088, 06, '2010-01-19', NULL);
INSERT INTO Visitas VALUES (000089, 01, '2011-07-21', 2);
INSERT INTO Visitas VALUES (000089, 11, '2011-07-20', 4);
INSERT INTO Visitas VALUES (000089, 05, '2011-07-20', 5);
INSERT INTO Visitas VALUES (000089, 12, '2011-07-21', 1);
INSERT INTO Visitas VALUES (000089, 06, '2011-07-20', 2);
INSERT INTO Visitas VALUES (000089, 03, '2011-07-20', 0);
INSERT INTO Visitas VALUES (000089, 15, '2011-07-21', 2);
INSERT INTO Visitas VALUES (000090, 11, '2010-01-08', 5);
INSERT INTO Visitas VALUES (000092, 15, '2012-04-16', 0);
INSERT INTO Visitas VALUES (000092, 03, '2012-04-16', 0);
INSERT INTO Visitas VALUES (000092, 07, '2012-04-16', NULL);
INSERT INTO Visitas VALUES (000092, 12, '2012-04-15', 4);
INSERT INTO Visitas VALUES (000092, 04, '2012-04-14', 0);
INSERT INTO Visitas VALUES (000092, 09, '2012-04-15', NULL);
INSERT INTO Visitas VALUES (000094, 05, '2014-10-10', 5);
INSERT INTO Visitas VALUES (000094, 06, '2014-10-09', 0);
INSERT INTO Visitas VALUES (000094, 03, '2014-10-08', 3);
INSERT INTO Visitas VALUES (000094, 09, '2014-10-11', 5);
INSERT INTO Visitas VALUES (000094, 02, '2014-10-10', NULL);
INSERT INTO Visitas VALUES (000094, 14, '2014-10-09', 0);
INSERT INTO Visitas VALUES (000094, 04, '2014-10-10', 1);
INSERT INTO Visitas VALUES (000094, 07, '2014-10-10', 1);
INSERT INTO Visitas VALUES (000095, 01, '2017-11-07', 5);
INSERT INTO Visitas VALUES (000095, 09, '2017-11-08', NULL);
INSERT INTO Visitas VALUES (000095, 07, '2017-11-07', NULL);
INSERT INTO Visitas VALUES (000095, 05, '2017-11-07', 0);
INSERT INTO Visitas VALUES (000095, 02, '2017-11-07', 1);
INSERT INTO Visitas VALUES (000095, 06, '2017-11-10', 3);
INSERT INTO Visitas VALUES (000097, 09, '2014-01-05', 3);
INSERT INTO Visitas VALUES (000097, 15, '2014-01-04', 4);
INSERT INTO Visitas VALUES (000097, 14, '2014-01-04', NULL);
INSERT INTO Visitas VALUES (000098, 12, '2013-08-05', 1);
INSERT INTO Visitas VALUES (000099, 05, '2016-01-11', 4);
INSERT INTO Visitas VALUES (000099, 01, '2016-01-10', 2);
INSERT INTO Visitas VALUES (000099, 11, '2016-01-10', NULL);
INSERT INTO Visitas VALUES (000100, 02, '2016-10-22', NULL);
INSERT INTO Visitas VALUES (000100, 12, '2016-10-22', 4);
INSERT INTO Visitas VALUES (000100, 03, '2016-10-21', 5);
INSERT INTO Visitas VALUES (000102, 07, '2013-01-09', 5);
INSERT INTO Visitas VALUES (000102, 01, '2013-01-09', 0);
INSERT INTO Visitas VALUES (000102, 06, '2013-01-10', NULL);
INSERT INTO Visitas VALUES (000102, 12, '2013-01-09', 0);
INSERT INTO Visitas VALUES (000102, 11, '2013-01-08', 0);
INSERT INTO Visitas VALUES (000102, 02, '2013-01-09', 2);
INSERT INTO Visitas VALUES (000102, 10, '2013-01-11', NULL);
INSERT INTO Visitas VALUES (000103, 11, '2015-10-21', NULL);
INSERT INTO Visitas VALUES (000103, 05, '2015-10-17', 1);
INSERT INTO Visitas VALUES (000103, 06, '2015-10-20', 1);
INSERT INTO Visitas VALUES (000105, 07, '2015-06-13', 1);
INSERT INTO Visitas VALUES (000105, 01, '2015-06-13', 5);
INSERT INTO Visitas VALUES (000105, 15, '2015-06-13', 2);
INSERT INTO Visitas VALUES (000105, 10, '2015-06-13', NULL);
INSERT INTO Visitas VALUES (000106, 06, '2017-01-05', NULL);
INSERT INTO Visitas VALUES (000106, 03, '2017-01-08', 2);
INSERT INTO Visitas VALUES (000108, 08, '2011-09-06', NULL);
INSERT INTO Visitas VALUES (000108, 02, '2011-09-02', 3);
INSERT INTO Visitas VALUES (000108, 14, '2011-09-05', 0);
INSERT INTO Visitas VALUES (000108, 01, '2011-09-03', 2);
INSERT INTO Visitas VALUES (000108, 12, '2011-09-05', 3);
INSERT INTO Visitas VALUES (000108, 06, '2011-09-03', NULL);
INSERT INTO Visitas VALUES (000109, 01, '2012-04-01', 0);
INSERT INTO Visitas VALUES (000109, 10, '2012-04-01', 4);
INSERT INTO Visitas VALUES (000109, 08, '2012-04-02', 2);
INSERT INTO Visitas VALUES (000109, 11, '2012-04-01', 0);
INSERT INTO Visitas VALUES (000110, 04, '2015-08-25', NULL);
INSERT INTO Visitas VALUES (000110, 15, '2015-08-26', 3);
INSERT INTO Visitas VALUES (000110, 06, '2015-08-24', 1);
INSERT INTO Visitas VALUES (000112, 02, '2013-01-12', NULL);
INSERT INTO Visitas VALUES (000112, 15, '2013-01-14', 5);
INSERT INTO Visitas VALUES (000112, 12, '2013-01-13', 5);
INSERT INTO Visitas VALUES (000112, 07, '2013-01-14', 2);
INSERT INTO Visitas VALUES (000112, 10, '2013-01-13', NULL);
INSERT INTO Visitas VALUES (000113, 02, '2011-01-17', 0);
INSERT INTO Visitas VALUES (000113, 15, '2011-01-18', 5);
INSERT INTO Visitas VALUES (000115, 07, '2017-11-10', 0);
INSERT INTO Visitas VALUES (000115, 12, '2017-11-06', 1);
INSERT INTO Visitas VALUES (000115, 14, '2017-11-07', NULL);
INSERT INTO Visitas VALUES (000115, 02, '2017-11-06', 1);
INSERT INTO Visitas VALUES (000115, 09, '2017-11-07', 2);
INSERT INTO Visitas VALUES (000116, 13, '2010-05-17', 1);
INSERT INTO Visitas VALUES (000116, 15, '2010-05-17', 1);
INSERT INTO Visitas VALUES (000116, 08, '2010-05-18', NULL);
INSERT INTO Visitas VALUES (000116, 09, '2010-05-18', NULL);
INSERT INTO Visitas VALUES (000116, 01, '2010-05-17', 3);
INSERT INTO Visitas VALUES (000116, 12, '2010-05-19', 5);
INSERT INTO Visitas VALUES (000116, 10, '2010-05-18', 0);
INSERT INTO Visitas VALUES (000117, 02, '2016-09-23', NULL);
INSERT INTO Visitas VALUES (000117, 05, '2016-09-23', NULL);
INSERT INTO Visitas VALUES (000117, 04, '2016-09-23', 3);
INSERT INTO Visitas VALUES (000117, 09, '2016-09-22', 2);
INSERT INTO Visitas VALUES (000117, 10, '2016-09-23', 5);
INSERT INTO Visitas VALUES (000117, 12, '2016-09-24', NULL);
INSERT INTO Visitas VALUES (000117, 03, '2016-09-22', 4);
INSERT INTO Visitas VALUES (000117, 06, '2016-09-24', NULL);
INSERT INTO Visitas VALUES (000118, 01, '2014-03-14', NULL);
INSERT INTO Visitas VALUES (000118, 10, '2014-03-16', NULL);
INSERT INTO Visitas VALUES (000118, 11, '2014-03-13', 2);
INSERT INTO Visitas VALUES (000118, 14, '2014-03-13', NULL);
INSERT INTO Visitas VALUES (000118, 04, '2014-03-15', 1);
INSERT INTO Visitas VALUES (000118, 09, '2014-03-14', 3);
INSERT INTO Visitas VALUES (000120, 04, '2011-03-06', NULL);
INSERT INTO Visitas VALUES (000120, 10, '2011-03-06', 3);
INSERT INTO Visitas VALUES (000120, 12, '2011-03-06', NULL);
INSERT INTO Visitas VALUES (000120, 05, '2011-03-06', 0);
INSERT INTO Visitas VALUES (000120, 07, '2011-03-06', NULL);
INSERT INTO Visitas VALUES (000120, 15, '2011-03-06', 1);
INSERT INTO Visitas VALUES (000120, 02, '2011-03-06', 4);
INSERT INTO Visitas VALUES (000120, 01, '2011-03-05', 2);
INSERT INTO Visitas VALUES (000121, 14, '2017-11-23', 4);
INSERT INTO Visitas VALUES (000121, 10, '2017-11-23', 5);
INSERT INTO Visitas VALUES (000121, 13, '2017-11-22', NULL);
INSERT INTO Visitas VALUES (000122, 13, '2013-10-17', 0);
INSERT INTO Visitas VALUES (000122, 14, '2013-10-17', NULL);
INSERT INTO Visitas VALUES (000122, 06, '2013-10-14', 3);
INSERT INTO Visitas VALUES (000122, 12, '2013-10-15', 5);
INSERT INTO Visitas VALUES (000122, 10, '2013-10-14', 5);
INSERT INTO Visitas VALUES (000122, 08, '2013-10-15', 5);
INSERT INTO Visitas VALUES (000123, 06, '2013-10-17', 2);
INSERT INTO Visitas VALUES (000123, 08, '2013-10-15', NULL);
INSERT INTO Visitas VALUES (000123, 13, '2013-10-16', NULL);
INSERT INTO Visitas VALUES (000123, 04, '2013-10-18', 2);
INSERT INTO Visitas VALUES (000123, 09, '2013-10-15', 3);
INSERT INTO Visitas VALUES (000123, 05, '2013-10-18', NULL);
INSERT INTO Visitas VALUES (000123, 10, '2013-10-15', 1);
INSERT INTO Visitas VALUES (000123, 01, '2013-10-15', 2);
INSERT INTO Visitas VALUES (000124, 07, '2016-09-05', NULL);
INSERT INTO Visitas VALUES (000124, 10, '2016-09-04', 3);
INSERT INTO Visitas VALUES (000124, 09, '2016-09-04', 5);
INSERT INTO Visitas VALUES (000124, 02, '2016-09-05', 1);
INSERT INTO Visitas VALUES (000128, 03, '2012-01-20', 3);
INSERT INTO Visitas VALUES (000128, 05, '2012-01-21', NULL);
INSERT INTO Visitas VALUES (000129, 01, '2014-07-18', 0);
INSERT INTO Visitas VALUES (000129, 11, '2014-07-19', NULL);
INSERT INTO Visitas VALUES (000131, 01, '2013-08-11', 4);
INSERT INTO Visitas VALUES (000131, 15, '2013-08-11', 4);
INSERT INTO Visitas VALUES (000132, 14, '2011-05-25', 2);
INSERT INTO Visitas VALUES (000132, 04, '2011-05-24', 4);
INSERT INTO Visitas VALUES (000132, 02, '2011-05-24', 5);
INSERT INTO Visitas VALUES (000132, 03, '2011-05-25', 4);
INSERT INTO Visitas VALUES (000132, 15, '2011-05-24', 3);
INSERT INTO Visitas VALUES (000132, 01, '2011-05-24', 2);
INSERT INTO Visitas VALUES (000132, 08, '2011-05-25', NULL);
INSERT INTO Visitas VALUES (000135, 11, '2017-11-07', 4);
INSERT INTO Visitas VALUES (000135, 03, '2017-11-07', 1);
INSERT INTO Visitas VALUES (000135, 01, '2017-11-04', 4);
INSERT INTO Visitas VALUES (000135, 07, '2017-11-03', 0);
INSERT INTO Visitas VALUES (000135, 14, '2017-11-04', NULL);
INSERT INTO Visitas VALUES (000136, 08, '2013-05-19', 0);
INSERT INTO Visitas VALUES (000136, 10, '2013-05-19', 5);
INSERT INTO Visitas VALUES (000136, 15, '2013-05-18', 1);
INSERT INTO Visitas VALUES (000137, 14, '2017-11-15', 0);
INSERT INTO Visitas VALUES (000137, 07, '2017-11-12', 5);
INSERT INTO Visitas VALUES (000137, 02, '2017-11-14', 1);
INSERT INTO Visitas VALUES (000139, 14, '2015-07-10', NULL);
INSERT INTO Visitas VALUES (000139, 03, '2015-07-12', NULL);
INSERT INTO Visitas VALUES (000142, 13, '2017-11-26', NULL);
INSERT INTO Visitas VALUES (000142, 09, '2017-11-26', 5);
INSERT INTO Visitas VALUES (000142, 03, '2017-11-26', 0);
INSERT INTO Visitas VALUES (000142, 15, '2017-11-25', 4);
INSERT INTO Visitas VALUES (000142, 06, '2017-11-26', 5);
INSERT INTO Visitas VALUES (000142, 05, '2017-11-26', 4);
INSERT INTO Visitas VALUES (000142, 04, '2017-11-26', NULL);
INSERT INTO Visitas VALUES (000142, 08, '2017-11-26', 2);
INSERT INTO Visitas VALUES (000144, 07, '2017-08-18', 2);
INSERT INTO Visitas VALUES (000144, 12, '2017-08-19', NULL);
INSERT INTO Visitas VALUES (000144, 02, '2017-08-18', NULL);
INSERT INTO Visitas VALUES (000144, 04, '2017-08-17', 5);
INSERT INTO Visitas VALUES (000144, 13, '2017-08-19', 5);
INSERT INTO Visitas VALUES (000144, 10, '2017-08-19', 2);
INSERT INTO Visitas VALUES (000144, 03, '2017-08-17', NULL);
INSERT INTO Visitas VALUES (000144, 14, '2017-08-19', 3);
INSERT INTO Visitas VALUES (000146, 13, '2011-03-18', NULL);
INSERT INTO Visitas VALUES (000146, 10, '2011-03-18', 0);
INSERT INTO Visitas VALUES (000146, 04, '2011-03-19', NULL);
INSERT INTO Visitas VALUES (000146, 11, '2011-03-19', 1);
INSERT INTO Visitas VALUES (000146, 02, '2011-03-18', 0);
INSERT INTO Visitas VALUES (000146, 15, '2011-03-18', 2);
INSERT INTO Visitas VALUES (000146, 06, '2011-03-19', 0);
INSERT INTO Visitas VALUES (000146, 09, '2011-03-18', NULL);
INSERT INTO Visitas VALUES (000148, 12, '2011-06-08', 4);
INSERT INTO Visitas VALUES (000148, 03, '2011-06-08', 2);
INSERT INTO Visitas VALUES (000148, 09, '2011-06-09', 1);
INSERT INTO Visitas VALUES (000148, 06, '2011-06-07', 4);
INSERT INTO Visitas VALUES (000148, 13, '2011-06-07', 0);
INSERT INTO Visitas VALUES (000148, 07, '2011-06-08', 5);
INSERT INTO Visitas VALUES (000149, 03, '2013-01-02', 5);
INSERT INTO Visitas VALUES (000149, 07, '2013-01-02', 3);
INSERT INTO Visitas VALUES (000149, 02, '2013-01-03', NULL);
INSERT INTO Visitas VALUES (000150, 15, '2016-01-04', 4);
INSERT INTO Visitas VALUES (000150, 08, '2016-01-04', 0);
INSERT INTO Visitas VALUES (000150, 01, '2016-01-05', 4);
INSERT INTO Visitas VALUES (000150, 14, '2016-01-05', 1);
INSERT INTO Visitas VALUES (000150, 06, '2016-01-04', 4);

INSERT INTO Mes VALUES (001, 'Janeiro', 2010);
INSERT INTO Mes VALUES (002, 'Fevereiro', 2010);
INSERT INTO Mes VALUES (003, 'Março', 2010);
INSERT INTO Mes VALUES (004, 'Abril', 2010);
INSERT INTO Mes VALUES (005, 'Maio', 2010);
INSERT INTO Mes VALUES (006, 'Junho', 2010);
INSERT INTO Mes VALUES (007, 'Julho', 2010);
INSERT INTO Mes VALUES (008, 'Agosto', 2010);
INSERT INTO Mes VALUES (009, 'Setembro', 2010);
INSERT INTO Mes VALUES (010, 'Outubro', 2010);
INSERT INTO Mes VALUES (011, 'Novembro', 2010);
INSERT INTO Mes VALUES (012, 'Dezembro', 2010);
INSERT INTO Mes VALUES (013, 'Janeiro', 2011);
INSERT INTO Mes VALUES (014, 'Fevereiro', 2011);
INSERT INTO Mes VALUES (015, 'Março', 2011);
INSERT INTO Mes VALUES (016, 'Abril', 2011);
INSERT INTO Mes VALUES (017, 'Maio', 2011);
INSERT INTO Mes VALUES (018, 'Junho', 2011);
INSERT INTO Mes VALUES (019, 'Julho', 2011);
INSERT INTO Mes VALUES (020, 'Agosto', 2011);
INSERT INTO Mes VALUES (021, 'Setembro', 2011);
INSERT INTO Mes VALUES (022, 'Outubro', 2011);
INSERT INTO Mes VALUES (023, 'Novembro', 2011);
INSERT INTO Mes VALUES (024, 'Dezembro', 2011);
INSERT INTO Mes VALUES (025, 'Janeiro', 2012);
INSERT INTO Mes VALUES (026, 'Fevereiro', 2012);
INSERT INTO Mes VALUES (027, 'Março', 2012);
INSERT INTO Mes VALUES (028, 'Abril', 2012);
INSERT INTO Mes VALUES (029, 'Maio', 2012);
INSERT INTO Mes VALUES (030, 'Junho', 2012);
INSERT INTO Mes VALUES (031, 'Julho', 2012);
INSERT INTO Mes VALUES (032, 'Agosto', 2012);
INSERT INTO Mes VALUES (033, 'Setembro', 2012);
INSERT INTO Mes VALUES (034, 'Outubro', 2012);
INSERT INTO Mes VALUES (035, 'Novembro', 2012);
INSERT INTO Mes VALUES (036, 'Dezembro', 2012);
INSERT INTO Mes VALUES (037, 'Janeiro', 2013);
INSERT INTO Mes VALUES (038, 'Fevereiro', 2013);
INSERT INTO Mes VALUES (039, 'Março', 2013);
INSERT INTO Mes VALUES (040, 'Abril', 2013);
INSERT INTO Mes VALUES (041, 'Maio', 2013);
INSERT INTO Mes VALUES (042, 'Junho', 2013);
INSERT INTO Mes VALUES (043, 'Julho', 2013);
INSERT INTO Mes VALUES (044, 'Agosto', 2013);
INSERT INTO Mes VALUES (045, 'Setembro', 2013);
INSERT INTO Mes VALUES (046, 'Outubro', 2013);
INSERT INTO Mes VALUES (047, 'Novembro', 2013);
INSERT INTO Mes VALUES (048, 'Dezembro', 2013);
INSERT INTO Mes VALUES (049, 'Janeiro', 2014);
INSERT INTO Mes VALUES (050, 'Fevereiro', 2014);
INSERT INTO Mes VALUES (051, 'Março', 2014);
INSERT INTO Mes VALUES (052, 'Abril', 2014);
INSERT INTO Mes VALUES (053, 'Maio', 2014);
INSERT INTO Mes VALUES (054, 'Junho', 2014);
INSERT INTO Mes VALUES (055, 'Julho', 2014);
INSERT INTO Mes VALUES (056, 'Agosto', 2014);
INSERT INTO Mes VALUES (057, 'Setembro', 2014);
INSERT INTO Mes VALUES (058, 'Outubro', 2014);
INSERT INTO Mes VALUES (059, 'Novembro', 2014);
INSERT INTO Mes VALUES (060, 'Dezembro', 2014);
INSERT INTO Mes VALUES (061, 'Janeiro', 2015);
INSERT INTO Mes VALUES (062, 'Fevereiro', 2015);
INSERT INTO Mes VALUES (063, 'Março', 2015);
INSERT INTO Mes VALUES (064, 'Abril', 2015);
INSERT INTO Mes VALUES (065, 'Maio', 2015);
INSERT INTO Mes VALUES (066, 'Junho', 2015);
INSERT INTO Mes VALUES (067, 'Julho', 2015);
INSERT INTO Mes VALUES (068, 'Agosto', 2015);
INSERT INTO Mes VALUES (069, 'Setembro', 2015);
INSERT INTO Mes VALUES (070, 'Outubro', 2015);
INSERT INTO Mes VALUES (071, 'Novembro', 2015);
INSERT INTO Mes VALUES (072, 'Dezembro', 2015);
INSERT INTO Mes VALUES (073, 'Janeiro', 2016);
INSERT INTO Mes VALUES (074, 'Fevereiro', 2016);
INSERT INTO Mes VALUES (075, 'Março', 2016);
INSERT INTO Mes VALUES (076, 'Abril', 2016);
INSERT INTO Mes VALUES (077, 'Maio', 2016);
INSERT INTO Mes VALUES (078, 'Junho', 2016);
INSERT INTO Mes VALUES (079, 'Julho', 2016);
INSERT INTO Mes VALUES (080, 'Agosto', 2016);
INSERT INTO Mes VALUES (081, 'Setembro', 2016);
INSERT INTO Mes VALUES (082, 'Outubro', 2016);
INSERT INTO Mes VALUES (083, 'Novembro', 2016);
INSERT INTO Mes VALUES (084, 'Dezembro', 2016);
INSERT INTO Mes VALUES (085, 'Janeiro', 2017);
INSERT INTO Mes VALUES (086, 'Fevereiro', 2017);
INSERT INTO Mes VALUES (087, 'Março', 2017);
INSERT INTO Mes VALUES (088, 'Abril', 2017);
INSERT INTO Mes VALUES (089, 'Maio', 2017);
INSERT INTO Mes VALUES (090, 'Junho', 2017);
INSERT INTO Mes VALUES (091, 'Julho', 2017);
INSERT INTO Mes VALUES (092, 'Agosto', 2017);
INSERT INTO Mes VALUES (093, 'Setembro', 2017);
INSERT INTO Mes VALUES (094, 'Outubro', 2017);
INSERT INTO Mes VALUES (095, 'Novembro', 2017);
INSERT INTO Mes VALUES (096, 'Dezembro', 2017);
INSERT INTO Mes VALUES (097, 'Janeiro', 2018);
INSERT INTO Mes VALUES (098, 'Fevereiro', 2018);
INSERT INTO Mes VALUES (099, 'Março', 2018);
INSERT INTO Mes VALUES (100, 'Abril', 2018);
INSERT INTO Mes VALUES (101, 'Maio', 2018);
INSERT INTO Mes VALUES (102, 'Junho', 2018);
INSERT INTO Mes VALUES (103, 'Julho', 2018);
INSERT INTO Mes VALUES (104, 'Agosto', 2018);
INSERT INTO Mes VALUES (105, 'Setembro', 2018);
INSERT INTO Mes VALUES (106, 'Outubro', 2018);
INSERT INTO Mes VALUES (107, 'Novembro', 2018);
INSERT INTO Mes VALUES (108, 'Dezembro', 2018);

INSERT INTO RegistoPagamentos VALUES (061, 000004, 8, 1808, NULL);
INSERT INTO RegistoPagamentos VALUES (062, 000004, 0, 911, NULL);
INSERT INTO RegistoPagamentos VALUES (063, 000004, 19, 851, NULL);
INSERT INTO RegistoPagamentos VALUES (064, 000004, 7, 1780, NULL);
INSERT INTO RegistoPagamentos VALUES (065, 000004, 1, 1244, NULL);
INSERT INTO RegistoPagamentos VALUES (001, 000010, 12, 1668, NULL);
INSERT INTO RegistoPagamentos VALUES (002, 000010, 8, 0, NULL);
INSERT INTO RegistoPagamentos VALUES (003, 000010, 18, 1983, NULL);
INSERT INTO RegistoPagamentos VALUES (004, 000010, 3, 1679, NULL);
INSERT INTO RegistoPagamentos VALUES (005, 000010, 1, 1437, NULL);
INSERT INTO RegistoPagamentos VALUES (006, 000010, 0, 563, NULL);
INSERT INTO RegistoPagamentos VALUES (007, 000010, 11, 1151, NULL);
INSERT INTO RegistoPagamentos VALUES (008, 000010, 1, 0, NULL);
INSERT INTO RegistoPagamentos VALUES (009, 000010, 7, 0, NULL);
INSERT INTO RegistoPagamentos VALUES (025, 000015, 13, 1158, NULL);
INSERT INTO RegistoPagamentos VALUES (026, 000015, 2, 960, NULL);
INSERT INTO RegistoPagamentos VALUES (027, 000015, 0, 0, NULL);
INSERT INTO RegistoPagamentos VALUES (028, 000015, 12, 1074, NULL);
INSERT INTO RegistoPagamentos VALUES (029, 000015, 6, 557, NULL);
INSERT INTO RegistoPagamentos VALUES (030, 000015, 17, 0, NULL);
INSERT INTO RegistoPagamentos VALUES (031, 000015, 15, 989, NULL);
INSERT INTO RegistoPagamentos VALUES (061, 000016, 19, 761, NULL);
INSERT INTO RegistoPagamentos VALUES (062, 000016, 16, 1630, NULL);
INSERT INTO RegistoPagamentos VALUES (063, 000016, 14, 808, NULL);
INSERT INTO RegistoPagamentos VALUES (025, 000019, 17, 1251, NULL);
INSERT INTO RegistoPagamentos VALUES (026, 000019, 1, 1013, NULL);
INSERT INTO RegistoPagamentos VALUES (027, 000019, 8, 1868, NULL);
INSERT INTO RegistoPagamentos VALUES (028, 000019, 1, 1804, NULL);
INSERT INTO RegistoPagamentos VALUES (029, 000019, 14, 914, NULL);
INSERT INTO RegistoPagamentos VALUES (030, 000019, 3, 1221, NULL);
INSERT INTO RegistoPagamentos VALUES (031, 000019, 9, 0, NULL);
INSERT INTO RegistoPagamentos VALUES (032, 000019, 4, 694, NULL);
INSERT INTO RegistoPagamentos VALUES (033, 000019, 6, 0, NULL);
INSERT INTO RegistoPagamentos VALUES (013, 000026, 8, 774, NULL);
INSERT INTO RegistoPagamentos VALUES (014, 000026, 7, 0, NULL);
INSERT INTO RegistoPagamentos VALUES (015, 000026, 13, 0, NULL);
INSERT INTO RegistoPagamentos VALUES (016, 000026, 0, 0, NULL);
INSERT INTO RegistoPagamentos VALUES (017, 000026, 2, 1754, NULL);
INSERT INTO RegistoPagamentos VALUES (018, 000026, 14, 1899, NULL);
INSERT INTO RegistoPagamentos VALUES (019, 000026, 18, 1167, NULL);
INSERT INTO RegistoPagamentos VALUES (020, 000026, 18, 838, NULL);
INSERT INTO RegistoPagamentos VALUES (025, 000029, 8, 637, NULL);
INSERT INTO RegistoPagamentos VALUES (026, 000029, 4, 1868, NULL);
INSERT INTO RegistoPagamentos VALUES (027, 000029, 2, 1181, NULL);
INSERT INTO RegistoPagamentos VALUES (028, 000029, 1, 0, NULL);
INSERT INTO RegistoPagamentos VALUES (029, 000029, 13, 0, NULL);
INSERT INTO RegistoPagamentos VALUES (030, 000029, 18, 1788, NULL);
INSERT INTO RegistoPagamentos VALUES (031, 000029, 9, 1651, NULL);
INSERT INTO RegistoPagamentos VALUES (032, 000029, 17, 1230, NULL);
INSERT INTO RegistoPagamentos VALUES (025, 000033, 4, 0, NULL);
INSERT INTO RegistoPagamentos VALUES (026, 000033, 9, 0, NULL);
INSERT INTO RegistoPagamentos VALUES (027, 000033, 18, 0, NULL);
INSERT INTO RegistoPagamentos VALUES (028, 000033, 5, 1603, NULL);
INSERT INTO RegistoPagamentos VALUES (029, 000033, 5, 931, NULL);
INSERT INTO RegistoPagamentos VALUES (030, 000033, 13, 1341, NULL);
INSERT INTO RegistoPagamentos VALUES (031, 000033, 17, 577, NULL);
INSERT INTO RegistoPagamentos VALUES (049, 000034, 11, 1880, NULL);
INSERT INTO RegistoPagamentos VALUES (050, 000034, 6, 937, NULL);
INSERT INTO RegistoPagamentos VALUES (051, 000034, 2, 1324, NULL);
INSERT INTO RegistoPagamentos VALUES (052, 000034, 18, 1429, NULL);
INSERT INTO RegistoPagamentos VALUES (053, 000034, 17, 1423, NULL);
INSERT INTO RegistoPagamentos VALUES (054, 000034, 6, 1671, NULL);
INSERT INTO RegistoPagamentos VALUES (055, 000034, 14, 1797, NULL);
INSERT INTO RegistoPagamentos VALUES (037, 000040, 13, 0, NULL);
INSERT INTO RegistoPagamentos VALUES (038, 000040, 13, 710, NULL);
INSERT INTO RegistoPagamentos VALUES (039, 000040, 13, 1518, NULL);
INSERT INTO RegistoPagamentos VALUES (040, 000040, 5, 1193, NULL);
INSERT INTO RegistoPagamentos VALUES (041, 000040, 2, 1999, NULL);
INSERT INTO RegistoPagamentos VALUES (042, 000040, 7, 956, NULL);
INSERT INTO RegistoPagamentos VALUES (043, 000040, 2, 752, NULL);
INSERT INTO RegistoPagamentos VALUES (044, 000040, 16, 0, NULL);
INSERT INTO RegistoPagamentos VALUES (045, 000040, 4, 0, NULL);
INSERT INTO RegistoPagamentos VALUES (073, 000043, 12, 1468, NULL);
INSERT INTO RegistoPagamentos VALUES (074, 000043, 17, 0, NULL);
INSERT INTO RegistoPagamentos VALUES (075, 000043, 5, 868, NULL);
INSERT INTO RegistoPagamentos VALUES (076, 000043, 3, 1644, NULL);
INSERT INTO RegistoPagamentos VALUES (077, 000043, 19, 1800, NULL);
INSERT INTO RegistoPagamentos VALUES (001, 000047, 6, 1382, NULL);
INSERT INTO RegistoPagamentos VALUES (002, 000047, 5, 1749, NULL);
INSERT INTO RegistoPagamentos VALUES (003, 000047, 14, 993, NULL);
INSERT INTO RegistoPagamentos VALUES (004, 000047, 0, 688, NULL);
INSERT INTO RegistoPagamentos VALUES (005, 000047, 15, 1956, NULL);
INSERT INTO RegistoPagamentos VALUES (006, 000047, 4, 1716, NULL);
INSERT INTO RegistoPagamentos VALUES (007, 000047, 8, 1351, NULL);
INSERT INTO RegistoPagamentos VALUES (008, 000047, 16, 1495, NULL);
INSERT INTO RegistoPagamentos VALUES (009, 000047, 8, 0, NULL);
INSERT INTO RegistoPagamentos VALUES (010, 000047, 1, 0, NULL);
INSERT INTO RegistoPagamentos VALUES (011, 000047, 8, 1068, NULL);
INSERT INTO RegistoPagamentos VALUES (061, 000052, 16, 797, NULL);
INSERT INTO RegistoPagamentos VALUES (062, 000052, 10, 1330, NULL);
INSERT INTO RegistoPagamentos VALUES (063, 000052, 17, 1930, NULL);
INSERT INTO RegistoPagamentos VALUES (064, 000052, 9, 0, NULL);
INSERT INTO RegistoPagamentos VALUES (037, 000053, 18, 1127, NULL);
INSERT INTO RegistoPagamentos VALUES (038, 000053, 13, 1100, NULL);
INSERT INTO RegistoPagamentos VALUES (039, 000053, 16, 1080, NULL);
INSERT INTO RegistoPagamentos VALUES (040, 000053, 16, 662, NULL);
INSERT INTO RegistoPagamentos VALUES (041, 000053, 12, 1308, NULL);
INSERT INTO RegistoPagamentos VALUES (001, 000054, 3, 772, NULL);
INSERT INTO RegistoPagamentos VALUES (002, 000054, 9, 880, NULL);
INSERT INTO RegistoPagamentos VALUES (003, 000054, 14, 1216, NULL);
INSERT INTO RegistoPagamentos VALUES (004, 000054, 3, 0, NULL);
INSERT INTO RegistoPagamentos VALUES (005, 000054, 7, 0, NULL);
INSERT INTO RegistoPagamentos VALUES (006, 000054, 17, 1977, NULL);
INSERT INTO RegistoPagamentos VALUES (007, 000054, 1, 770, NULL);
INSERT INTO RegistoPagamentos VALUES (008, 000054, 16, 1099, NULL);
INSERT INTO RegistoPagamentos VALUES (009, 000054, 11, 1976, NULL);
INSERT INTO RegistoPagamentos VALUES (010, 000054, 14, 1358, NULL);
INSERT INTO RegistoPagamentos VALUES (011, 000054, 10, 0, NULL);
INSERT INTO RegistoPagamentos VALUES (012, 000054, 4, 0, NULL);
INSERT INTO RegistoPagamentos VALUES (013, 000055, 18, 0, NULL);
INSERT INTO RegistoPagamentos VALUES (014, 000055, 2, 1431, NULL);
INSERT INTO RegistoPagamentos VALUES (015, 000055, 15, 1106, NULL);
INSERT INTO RegistoPagamentos VALUES (016, 000055, 0, 1164, NULL);
INSERT INTO RegistoPagamentos VALUES (017, 000055, 15, 0, NULL);
INSERT INTO RegistoPagamentos VALUES (018, 000055, 9, 0, NULL);
INSERT INTO RegistoPagamentos VALUES (019, 000055, 5, 1059, NULL);
INSERT INTO RegistoPagamentos VALUES (073, 000058, 11, 1814, NULL);
INSERT INTO RegistoPagamentos VALUES (074, 000058, 19, 546, NULL);
INSERT INTO RegistoPagamentos VALUES (075, 000058, 8, 808, NULL);
INSERT INTO RegistoPagamentos VALUES (076, 000058, 3, 832, NULL);
INSERT INTO RegistoPagamentos VALUES (077, 000058, 6, 1839, NULL);
INSERT INTO RegistoPagamentos VALUES (049, 000059, 17, 1816, NULL);
INSERT INTO RegistoPagamentos VALUES (050, 000059, 4, 566, NULL);
INSERT INTO RegistoPagamentos VALUES (051, 000059, 11, 0, NULL);
INSERT INTO RegistoPagamentos VALUES (052, 000059, 3, 1637, NULL);
INSERT INTO RegistoPagamentos VALUES (053, 000059, 8, 1582, NULL);
INSERT INTO RegistoPagamentos VALUES (054, 000059, 2, 953, NULL);
INSERT INTO RegistoPagamentos VALUES (055, 000059, 15, 1685, NULL);
INSERT INTO RegistoPagamentos VALUES (061, 000061, 15, 1256, NULL);
INSERT INTO RegistoPagamentos VALUES (062, 000061, 3, 1125, NULL);
INSERT INTO RegistoPagamentos VALUES (063, 000061, 1, 1339, NULL);
INSERT INTO RegistoPagamentos VALUES (064, 000061, 10, 1931, NULL);
INSERT INTO RegistoPagamentos VALUES (065, 000061, 11, 1711, NULL);
INSERT INTO RegistoPagamentos VALUES (049, 000071, 12, 891, NULL);
INSERT INTO RegistoPagamentos VALUES (050, 000071, 8, 0, NULL);
INSERT INTO RegistoPagamentos VALUES (051, 000071, 19, 1130, NULL);
INSERT INTO RegistoPagamentos VALUES (052, 000071, 4, 1464, NULL);
INSERT INTO RegistoPagamentos VALUES (053, 000071, 10, 1100, NULL);
INSERT INTO RegistoPagamentos VALUES (054, 000071, 7, 1875, NULL);
INSERT INTO RegistoPagamentos VALUES (001, 000073, 3, 1708, NULL);
INSERT INTO RegistoPagamentos VALUES (002, 000073, 0, 0, NULL);
INSERT INTO RegistoPagamentos VALUES (003, 000073, 15, 1366, NULL);
INSERT INTO RegistoPagamentos VALUES (004, 000073, 1, 1866, NULL);
INSERT INTO RegistoPagamentos VALUES (005, 000073, 14, 0, NULL);
INSERT INTO RegistoPagamentos VALUES (006, 000073, 1, 1279, NULL);
INSERT INTO RegistoPagamentos VALUES (007, 000073, 18, 0, NULL);
INSERT INTO RegistoPagamentos VALUES (008, 000073, 17, 1178, NULL);
INSERT INTO RegistoPagamentos VALUES (009, 000073, 4, 1667, NULL);
INSERT INTO RegistoPagamentos VALUES (073, 000082, 17, 1663, NULL);
INSERT INTO RegistoPagamentos VALUES (074, 000082, 0, 0, NULL);
INSERT INTO RegistoPagamentos VALUES (075, 000082, 6, 1103, NULL);
INSERT INTO RegistoPagamentos VALUES (076, 000082, 3, 1451, NULL);
INSERT INTO RegistoPagamentos VALUES (077, 000082, 2, 666, NULL);
INSERT INTO RegistoPagamentos VALUES (078, 000082, 15, 1136, NULL);
INSERT INTO RegistoPagamentos VALUES (073, 000084, 8, 1648, NULL);
INSERT INTO RegistoPagamentos VALUES (074, 000084, 16, 0, NULL);
INSERT INTO RegistoPagamentos VALUES (075, 000084, 14, 532, NULL);
INSERT INTO RegistoPagamentos VALUES (076, 000084, 16, 1049, NULL);
INSERT INTO RegistoPagamentos VALUES (077, 000084, 10, 0, NULL);
INSERT INTO RegistoPagamentos VALUES (061, 000091, 9, 1021, NULL);
INSERT INTO RegistoPagamentos VALUES (062, 000091, 5, 1848, NULL);
INSERT INTO RegistoPagamentos VALUES (063, 000091, 12, 1352, NULL);
INSERT INTO RegistoPagamentos VALUES (064, 000091, 1, 0, NULL);
INSERT INTO RegistoPagamentos VALUES (065, 000091, 16, 755, NULL);
INSERT INTO RegistoPagamentos VALUES (013, 000093, 15, 648, NULL);
INSERT INTO RegistoPagamentos VALUES (014, 000093, 15, 0, NULL);
INSERT INTO RegistoPagamentos VALUES (015, 000093, 6, 0, NULL);
INSERT INTO RegistoPagamentos VALUES (016, 000093, 7, 1581, NULL);
INSERT INTO RegistoPagamentos VALUES (017, 000093, 3, 0, NULL);
INSERT INTO RegistoPagamentos VALUES (018, 000093, 1, 1868, NULL);
INSERT INTO RegistoPagamentos VALUES (019, 000093, 1, 1743, NULL);
INSERT INTO RegistoPagamentos VALUES (020, 000093, 10, 1484, NULL);
INSERT INTO RegistoPagamentos VALUES (021, 000093, 4, 1824, NULL);
INSERT INTO RegistoPagamentos VALUES (073, 000096, 9, 1500, NULL);
INSERT INTO RegistoPagamentos VALUES (074, 000096, 9, 1099, NULL);
INSERT INTO RegistoPagamentos VALUES (075, 000096, 0, 899, NULL);
INSERT INTO RegistoPagamentos VALUES (076, 000096, 7, 1877, NULL);
INSERT INTO RegistoPagamentos VALUES (077, 000096, 4, 1599, NULL);
INSERT INTO RegistoPagamentos VALUES (078, 000096, 6, 1617, NULL);
INSERT INTO RegistoPagamentos VALUES (013, 000101, 15, 846, NULL);
INSERT INTO RegistoPagamentos VALUES (014, 000101, 11, 0, NULL);
INSERT INTO RegistoPagamentos VALUES (015, 000101, 14, 1851, NULL);
INSERT INTO RegistoPagamentos VALUES (016, 000101, 18, 1795, NULL);
INSERT INTO RegistoPagamentos VALUES (017, 000101, 12, 1805, NULL);
INSERT INTO RegistoPagamentos VALUES (018, 000101, 11, 982, NULL);
INSERT INTO RegistoPagamentos VALUES (019, 000101, 10, 777, NULL);
INSERT INTO RegistoPagamentos VALUES (020, 000101, 14, 0, NULL);
INSERT INTO RegistoPagamentos VALUES (021, 000101, 3, 1246, NULL);
INSERT INTO RegistoPagamentos VALUES (013, 000104, 2, 1279, NULL);
INSERT INTO RegistoPagamentos VALUES (014, 000104, 0, 1087, NULL);
INSERT INTO RegistoPagamentos VALUES (015, 000104, 2, 552, NULL);
INSERT INTO RegistoPagamentos VALUES (016, 000104, 3, 1791, NULL);
INSERT INTO RegistoPagamentos VALUES (017, 000104, 6, 0, NULL);
INSERT INTO RegistoPagamentos VALUES (018, 000104, 12, 1876, NULL);
INSERT INTO RegistoPagamentos VALUES (019, 000104, 18, 0, NULL);
INSERT INTO RegistoPagamentos VALUES (020, 000104, 0, 545, NULL);
INSERT INTO RegistoPagamentos VALUES (021, 000104, 6, 1592, NULL);
INSERT INTO RegistoPagamentos VALUES (049, 000107, 13, 0, NULL);
INSERT INTO RegistoPagamentos VALUES (050, 000107, 10, 1528, NULL);
INSERT INTO RegistoPagamentos VALUES (051, 000107, 17, 1351, NULL);
INSERT INTO RegistoPagamentos VALUES (052, 000107, 14, 1992, NULL);
INSERT INTO RegistoPagamentos VALUES (053, 000107, 16, 0, NULL);
INSERT INTO RegistoPagamentos VALUES (054, 000107, 17, 1525, NULL);
INSERT INTO RegistoPagamentos VALUES (055, 000107, 6, 1045, NULL);
INSERT INTO RegistoPagamentos VALUES (056, 000107, 18, 0, NULL);
INSERT INTO RegistoPagamentos VALUES (049, 000111, 18, 1220, NULL);
INSERT INTO RegistoPagamentos VALUES (050, 000111, 5, 508, NULL);
INSERT INTO RegistoPagamentos VALUES (051, 000111, 12, 736, NULL);
INSERT INTO RegistoPagamentos VALUES (052, 000111, 8, 0, NULL);
INSERT INTO RegistoPagamentos VALUES (013, 000114, 5, 0, NULL);
INSERT INTO RegistoPagamentos VALUES (014, 000114, 14, 767, NULL);
INSERT INTO RegistoPagamentos VALUES (015, 000114, 4, 826, NULL);
INSERT INTO RegistoPagamentos VALUES (016, 000114, 11, 748, NULL);
INSERT INTO RegistoPagamentos VALUES (017, 000114, 2, 1977, NULL);
INSERT INTO RegistoPagamentos VALUES (018, 000114, 1, 1852, NULL);
INSERT INTO RegistoPagamentos VALUES (019, 000114, 12, 523, NULL);
INSERT INTO RegistoPagamentos VALUES (001, 000119, 12, 0, NULL);
INSERT INTO RegistoPagamentos VALUES (002, 000119, 18, 1808, NULL);
INSERT INTO RegistoPagamentos VALUES (003, 000119, 4, 663, NULL);
INSERT INTO RegistoPagamentos VALUES (004, 000119, 5, 1534, NULL);
INSERT INTO RegistoPagamentos VALUES (005, 000119, 4, 1577, NULL);
INSERT INTO RegistoPagamentos VALUES (006, 000119, 16, 0, NULL);
INSERT INTO RegistoPagamentos VALUES (007, 000119, 13, 0, NULL);
INSERT INTO RegistoPagamentos VALUES (008, 000119, 3, 1102, NULL);
INSERT INTO RegistoPagamentos VALUES (009, 000119, 18, 1866, NULL);
INSERT INTO RegistoPagamentos VALUES (010, 000119, 3, 1889, NULL);
INSERT INTO RegistoPagamentos VALUES (011, 000119, 2, 1638, NULL);
INSERT INTO RegistoPagamentos VALUES (012, 000119, 11, 0, NULL);
INSERT INTO RegistoPagamentos VALUES (073, 000125, 10, 1197, NULL);
INSERT INTO RegistoPagamentos VALUES (074, 000125, 18, 0, NULL);
INSERT INTO RegistoPagamentos VALUES (075, 000125, 14, 0, NULL);
INSERT INTO RegistoPagamentos VALUES (076, 000125, 3, 0, NULL);
INSERT INTO RegistoPagamentos VALUES (077, 000125, 15, 0, NULL);
INSERT INTO RegistoPagamentos VALUES (078, 000125, 12, 624, NULL);
INSERT INTO RegistoPagamentos VALUES (001, 000126, 16, 808, NULL);
INSERT INTO RegistoPagamentos VALUES (002, 000126, 12, 661, NULL);
INSERT INTO RegistoPagamentos VALUES (003, 000126, 14, 1341, NULL);
INSERT INTO RegistoPagamentos VALUES (004, 000126, 9, 1724, NULL);
INSERT INTO RegistoPagamentos VALUES (005, 000126, 4, 0, NULL);
INSERT INTO RegistoPagamentos VALUES (006, 000126, 11, 1727, NULL);
INSERT INTO RegistoPagamentos VALUES (007, 000126, 2, 0, NULL);
INSERT INTO RegistoPagamentos VALUES (008, 000126, 8, 805, NULL);
INSERT INTO RegistoPagamentos VALUES (009, 000126, 14, 1435, NULL);
INSERT INTO RegistoPagamentos VALUES (010, 000126, 8, 1014, NULL);
INSERT INTO RegistoPagamentos VALUES (049, 000127, 16, 1007, NULL);
INSERT INTO RegistoPagamentos VALUES (050, 000127, 8, 1211, NULL);
INSERT INTO RegistoPagamentos VALUES (051, 000127, 6, 1975, NULL);
INSERT INTO RegistoPagamentos VALUES (052, 000127, 5, 1215, NULL);
INSERT INTO RegistoPagamentos VALUES (013, 000130, 14, 1788, NULL);
INSERT INTO RegistoPagamentos VALUES (014, 000130, 14, 549, NULL);
INSERT INTO RegistoPagamentos VALUES (015, 000130, 18, 1130, NULL);
INSERT INTO RegistoPagamentos VALUES (016, 000130, 14, 559, NULL);
INSERT INTO RegistoPagamentos VALUES (017, 000130, 10, 882, NULL);
INSERT INTO RegistoPagamentos VALUES (018, 000130, 15, 1182, NULL);
INSERT INTO RegistoPagamentos VALUES (019, 000130, 0, 665, NULL);
INSERT INTO RegistoPagamentos VALUES (061, 000133, 18, 0, NULL);
INSERT INTO RegistoPagamentos VALUES (062, 000133, 8, 584, NULL);
INSERT INTO RegistoPagamentos VALUES (063, 000133, 19, 535, NULL);
INSERT INTO RegistoPagamentos VALUES (064, 000133, 11, 0, NULL);
INSERT INTO RegistoPagamentos VALUES (065, 000133, 8, 1251, NULL);
INSERT INTO RegistoPagamentos VALUES (061, 000134, 5, 0, NULL);
INSERT INTO RegistoPagamentos VALUES (062, 000134, 1, 0, NULL);
INSERT INTO RegistoPagamentos VALUES (063, 000134, 17, 0, NULL);
INSERT INTO RegistoPagamentos VALUES (064, 000134, 4, 603, NULL);
INSERT INTO RegistoPagamentos VALUES (065, 000134, 3, 1658, NULL);
INSERT INTO RegistoPagamentos VALUES (066, 000134, 3, 752, NULL);
INSERT INTO RegistoPagamentos VALUES (067, 000134, 5, 1144, NULL);
INSERT INTO RegistoPagamentos VALUES (049, 000138, 9, 917, NULL);
INSERT INTO RegistoPagamentos VALUES (050, 000138, 11, 1352, NULL);
INSERT INTO RegistoPagamentos VALUES (051, 000138, 4, 773, NULL);
INSERT INTO RegistoPagamentos VALUES (052, 000138, 13, 0, NULL);
INSERT INTO RegistoPagamentos VALUES (061, 000140, 2, 1073, NULL);
INSERT INTO RegistoPagamentos VALUES (062, 000140, 18, 979, NULL);
INSERT INTO RegistoPagamentos VALUES (063, 000140, 0, 1422, NULL);
INSERT INTO RegistoPagamentos VALUES (064, 000140, 3, 1608, NULL);
INSERT INTO RegistoPagamentos VALUES (025, 000141, 11, 1094, NULL);
INSERT INTO RegistoPagamentos VALUES (026, 000141, 6, 1366, NULL);
INSERT INTO RegistoPagamentos VALUES (027, 000141, 11, 1299, NULL);
INSERT INTO RegistoPagamentos VALUES (028, 000141, 15, 1911, NULL);
INSERT INTO RegistoPagamentos VALUES (029, 000141, 8, 1184, NULL);
INSERT INTO RegistoPagamentos VALUES (030, 000141, 8, 897, NULL);
INSERT INTO RegistoPagamentos VALUES (031, 000141, 15, 0, NULL);
INSERT INTO RegistoPagamentos VALUES (032, 000141, 15, 0, NULL);
INSERT INTO RegistoPagamentos VALUES (033, 000141, 19, 978, NULL);
INSERT INTO RegistoPagamentos VALUES (037, 000143, 7, 1766, NULL);
INSERT INTO RegistoPagamentos VALUES (038, 000143, 13, 1058, NULL);
INSERT INTO RegistoPagamentos VALUES (039, 000143, 1, 1600, NULL);
INSERT INTO RegistoPagamentos VALUES (040, 000143, 4, 0, NULL);
INSERT INTO RegistoPagamentos VALUES (041, 000143, 18, 0, NULL);
INSERT INTO RegistoPagamentos VALUES (042, 000143, 7, 504, NULL);
INSERT INTO RegistoPagamentos VALUES (043, 000143, 2, 0, NULL);
INSERT INTO RegistoPagamentos VALUES (061, 000145, 13, 1793, NULL);
INSERT INTO RegistoPagamentos VALUES (062, 000145, 1, 0, NULL);
INSERT INTO RegistoPagamentos VALUES (063, 000145, 3, 0, NULL);
INSERT INTO RegistoPagamentos VALUES (064, 000145, 4, 621, NULL);
INSERT INTO RegistoPagamentos VALUES (065, 000145, 5, 1007, NULL);
INSERT INTO RegistoPagamentos VALUES (066, 000145, 4, 694, NULL);
INSERT INTO RegistoPagamentos VALUES (037, 000147, 6, 1098, NULL);
INSERT INTO RegistoPagamentos VALUES (038, 000147, 14, 1960, NULL);
INSERT INTO RegistoPagamentos VALUES (039, 000147, 14, 1413, NULL);
INSERT INTO RegistoPagamentos VALUES (040, 000147, 19, 527, NULL);
INSERT INTO RegistoPagamentos VALUES (041, 000147, 9, 1773, NULL);
INSERT INTO RegistoPagamentos VALUES (042, 000147, 5, 1210, NULL);
INSERT INTO RegistoPagamentos VALUES (043, 000147, 17, 1460, NULL);

INSERT INTO HorariosTrabalho VALUES (13, 000004);
INSERT INTO HorariosTrabalho VALUES (3, 000004);
INSERT INTO HorariosTrabalho VALUES (10, 000004);
INSERT INTO HorariosTrabalho VALUES (1, 000004);
INSERT INTO HorariosTrabalho VALUES (9, 000004);
INSERT INTO HorariosTrabalho VALUES (2, 000004);
INSERT INTO HorariosTrabalho VALUES (8, 000004);
INSERT INTO HorariosTrabalho VALUES (4, 000010);
INSERT INTO HorariosTrabalho VALUES (13, 000010);
INSERT INTO HorariosTrabalho VALUES (11, 000010);
INSERT INTO HorariosTrabalho VALUES (9, 000010);
INSERT INTO HorariosTrabalho VALUES (6, 000010);
INSERT INTO HorariosTrabalho VALUES (14, 000010);
INSERT INTO HorariosTrabalho VALUES (5, 000010);
INSERT INTO HorariosTrabalho VALUES (4, 000015);
INSERT INTO HorariosTrabalho VALUES (8, 000015);
INSERT INTO HorariosTrabalho VALUES (5, 000015);
INSERT INTO HorariosTrabalho VALUES (12, 000015);
INSERT INTO HorariosTrabalho VALUES (6, 000015);
INSERT INTO HorariosTrabalho VALUES (3, 000015);
INSERT INTO HorariosTrabalho VALUES (2, 000015);
INSERT INTO HorariosTrabalho VALUES (7, 000016);
INSERT INTO HorariosTrabalho VALUES (10, 000016);
INSERT INTO HorariosTrabalho VALUES (3, 000016);
INSERT INTO HorariosTrabalho VALUES (5, 000016);
INSERT INTO HorariosTrabalho VALUES (4, 000016);
INSERT INTO HorariosTrabalho VALUES (2, 000016);
INSERT INTO HorariosTrabalho VALUES (12, 000016);
INSERT INTO HorariosTrabalho VALUES (8, 000019);
INSERT INTO HorariosTrabalho VALUES (5, 000019);
INSERT INTO HorariosTrabalho VALUES (9, 000019);
INSERT INTO HorariosTrabalho VALUES (10, 000019);
INSERT INTO HorariosTrabalho VALUES (14, 000019);
INSERT INTO HorariosTrabalho VALUES (7, 000019);
INSERT INTO HorariosTrabalho VALUES (3, 000019);
INSERT INTO HorariosTrabalho VALUES (13, 000026);
INSERT INTO HorariosTrabalho VALUES (8, 000026);
INSERT INTO HorariosTrabalho VALUES (5, 000026);
INSERT INTO HorariosTrabalho VALUES (6, 000026);
INSERT INTO HorariosTrabalho VALUES (12, 000026);
INSERT INTO HorariosTrabalho VALUES (14, 000026);
INSERT INTO HorariosTrabalho VALUES (7, 000026);
INSERT INTO HorariosTrabalho VALUES (4, 000029);
INSERT INTO HorariosTrabalho VALUES (13, 000029);
INSERT INTO HorariosTrabalho VALUES (7, 000029);
INSERT INTO HorariosTrabalho VALUES (2, 000029);
INSERT INTO HorariosTrabalho VALUES (12, 000029);
INSERT INTO HorariosTrabalho VALUES (8, 000029);
INSERT INTO HorariosTrabalho VALUES (6, 000029);
INSERT INTO HorariosTrabalho VALUES (9, 000033);
INSERT INTO HorariosTrabalho VALUES (7, 000033);
INSERT INTO HorariosTrabalho VALUES (3, 000033);
INSERT INTO HorariosTrabalho VALUES (5, 000033);
INSERT INTO HorariosTrabalho VALUES (6, 000033);
INSERT INTO HorariosTrabalho VALUES (2, 000033);
INSERT INTO HorariosTrabalho VALUES (8, 000033);
INSERT INTO HorariosTrabalho VALUES (7, 000034);
INSERT INTO HorariosTrabalho VALUES (3, 000034);
INSERT INTO HorariosTrabalho VALUES (4, 000034);
INSERT INTO HorariosTrabalho VALUES (11, 000034);
INSERT INTO HorariosTrabalho VALUES (14, 000034);
INSERT INTO HorariosTrabalho VALUES (6, 000034);
INSERT INTO HorariosTrabalho VALUES (5, 000034);
INSERT INTO HorariosTrabalho VALUES (4, 000040);
INSERT INTO HorariosTrabalho VALUES (7, 000040);
INSERT INTO HorariosTrabalho VALUES (14, 000040);
INSERT INTO HorariosTrabalho VALUES (8, 000040);
INSERT INTO HorariosTrabalho VALUES (12, 000040);
INSERT INTO HorariosTrabalho VALUES (10, 000040);
INSERT INTO HorariosTrabalho VALUES (3, 000040);
INSERT INTO HorariosTrabalho VALUES (10, 000043);
INSERT INTO HorariosTrabalho VALUES (5, 000043);
INSERT INTO HorariosTrabalho VALUES (8, 000043);
INSERT INTO HorariosTrabalho VALUES (12, 000043);
INSERT INTO HorariosTrabalho VALUES (13, 000043);
INSERT INTO HorariosTrabalho VALUES (11, 000043);
INSERT INTO HorariosTrabalho VALUES (14, 000043);
INSERT INTO HorariosTrabalho VALUES (10, 000047);
INSERT INTO HorariosTrabalho VALUES (4, 000047);
INSERT INTO HorariosTrabalho VALUES (7, 000047);
INSERT INTO HorariosTrabalho VALUES (2, 000047);
INSERT INTO HorariosTrabalho VALUES (14, 000047);
INSERT INTO HorariosTrabalho VALUES (9, 000047);
INSERT INTO HorariosTrabalho VALUES (5, 000047);
INSERT INTO HorariosTrabalho VALUES (4, 000052);
INSERT INTO HorariosTrabalho VALUES (10, 000052);
INSERT INTO HorariosTrabalho VALUES (5, 000052);
INSERT INTO HorariosTrabalho VALUES (1, 000052);
INSERT INTO HorariosTrabalho VALUES (12, 000052);
INSERT INTO HorariosTrabalho VALUES (13, 000052);
INSERT INTO HorariosTrabalho VALUES (9, 000052);
INSERT INTO HorariosTrabalho VALUES (4, 000053);
INSERT INTO HorariosTrabalho VALUES (14, 000053);
INSERT INTO HorariosTrabalho VALUES (13, 000053);
INSERT INTO HorariosTrabalho VALUES (1, 000053);
INSERT INTO HorariosTrabalho VALUES (9, 000053);
INSERT INTO HorariosTrabalho VALUES (3, 000053);
INSERT INTO HorariosTrabalho VALUES (10, 000053);
INSERT INTO HorariosTrabalho VALUES (10, 000054);
INSERT INTO HorariosTrabalho VALUES (2, 000054);
INSERT INTO HorariosTrabalho VALUES (8, 000054);
INSERT INTO HorariosTrabalho VALUES (7, 000054);
INSERT INTO HorariosTrabalho VALUES (14, 000054);
INSERT INTO HorariosTrabalho VALUES (13, 000054);
INSERT INTO HorariosTrabalho VALUES (3, 000054);
INSERT INTO HorariosTrabalho VALUES (3, 000055);
INSERT INTO HorariosTrabalho VALUES (5, 000055);
INSERT INTO HorariosTrabalho VALUES (2, 000055);
INSERT INTO HorariosTrabalho VALUES (9, 000055);
INSERT INTO HorariosTrabalho VALUES (13, 000055);
INSERT INTO HorariosTrabalho VALUES (7, 000055);
INSERT INTO HorariosTrabalho VALUES (12, 000055);
INSERT INTO HorariosTrabalho VALUES (13, 000058);
INSERT INTO HorariosTrabalho VALUES (2, 000058);
INSERT INTO HorariosTrabalho VALUES (14, 000058);
INSERT INTO HorariosTrabalho VALUES (4, 000058);
INSERT INTO HorariosTrabalho VALUES (6, 000058);
INSERT INTO HorariosTrabalho VALUES (12, 000058);
INSERT INTO HorariosTrabalho VALUES (11, 000058);
INSERT INTO HorariosTrabalho VALUES (14, 000059);
INSERT INTO HorariosTrabalho VALUES (12, 000059);
INSERT INTO HorariosTrabalho VALUES (13, 000059);
INSERT INTO HorariosTrabalho VALUES (4, 000059);
INSERT INTO HorariosTrabalho VALUES (8, 000059);
INSERT INTO HorariosTrabalho VALUES (5, 000059);
INSERT INTO HorariosTrabalho VALUES (9, 000059);
INSERT INTO HorariosTrabalho VALUES (5, 000061);
INSERT INTO HorariosTrabalho VALUES (2, 000061);
INSERT INTO HorariosTrabalho VALUES (10, 000061);
INSERT INTO HorariosTrabalho VALUES (1, 000061);
INSERT INTO HorariosTrabalho VALUES (14, 000061);
INSERT INTO HorariosTrabalho VALUES (3, 000061);
INSERT INTO HorariosTrabalho VALUES (6, 000061);
INSERT INTO HorariosTrabalho VALUES (13, 000071);
INSERT INTO HorariosTrabalho VALUES (4, 000071);
INSERT INTO HorariosTrabalho VALUES (9, 000071);
INSERT INTO HorariosTrabalho VALUES (12, 000071);
INSERT INTO HorariosTrabalho VALUES (7, 000071);
INSERT INTO HorariosTrabalho VALUES (1, 000071);
INSERT INTO HorariosTrabalho VALUES (3, 000071);
INSERT INTO HorariosTrabalho VALUES (2, 000073);
INSERT INTO HorariosTrabalho VALUES (8, 000073);
INSERT INTO HorariosTrabalho VALUES (1, 000073);
INSERT INTO HorariosTrabalho VALUES (7, 000073);
INSERT INTO HorariosTrabalho VALUES (4, 000073);
INSERT INTO HorariosTrabalho VALUES (14, 000073);
INSERT INTO HorariosTrabalho VALUES (13, 000073);
INSERT INTO HorariosTrabalho VALUES (13, 000082);
INSERT INTO HorariosTrabalho VALUES (4, 000082);
INSERT INTO HorariosTrabalho VALUES (6, 000082);
INSERT INTO HorariosTrabalho VALUES (8, 000082);
INSERT INTO HorariosTrabalho VALUES (12, 000082);
INSERT INTO HorariosTrabalho VALUES (14, 000082);
INSERT INTO HorariosTrabalho VALUES (2, 000082);
INSERT INTO HorariosTrabalho VALUES (11, 000084);
INSERT INTO HorariosTrabalho VALUES (12, 000084);
INSERT INTO HorariosTrabalho VALUES (3, 000084);
INSERT INTO HorariosTrabalho VALUES (13, 000084);
INSERT INTO HorariosTrabalho VALUES (1, 000084);
INSERT INTO HorariosTrabalho VALUES (4, 000084);
INSERT INTO HorariosTrabalho VALUES (6, 000084);
INSERT INTO HorariosTrabalho VALUES (6, 000091);
INSERT INTO HorariosTrabalho VALUES (11, 000091);
INSERT INTO HorariosTrabalho VALUES (1, 000091);
INSERT INTO HorariosTrabalho VALUES (10, 000091);
INSERT INTO HorariosTrabalho VALUES (13, 000091);
INSERT INTO HorariosTrabalho VALUES (12, 000091);
INSERT INTO HorariosTrabalho VALUES (3, 000091);
INSERT INTO HorariosTrabalho VALUES (12, 000093);
INSERT INTO HorariosTrabalho VALUES (9, 000093);
INSERT INTO HorariosTrabalho VALUES (13, 000093);
INSERT INTO HorariosTrabalho VALUES (7, 000093);
INSERT INTO HorariosTrabalho VALUES (6, 000093);
INSERT INTO HorariosTrabalho VALUES (14, 000093);
INSERT INTO HorariosTrabalho VALUES (2, 000093);
INSERT INTO HorariosTrabalho VALUES (13, 000096);
INSERT INTO HorariosTrabalho VALUES (6, 000096);
INSERT INTO HorariosTrabalho VALUES (2, 000096);
INSERT INTO HorariosTrabalho VALUES (12, 000096);
INSERT INTO HorariosTrabalho VALUES (9, 000096);
INSERT INTO HorariosTrabalho VALUES (10, 000096);
INSERT INTO HorariosTrabalho VALUES (1, 000096);
INSERT INTO HorariosTrabalho VALUES (7, 000101);
INSERT INTO HorariosTrabalho VALUES (9, 000101);
INSERT INTO HorariosTrabalho VALUES (2, 000101);
INSERT INTO HorariosTrabalho VALUES (4, 000101);
INSERT INTO HorariosTrabalho VALUES (12, 000101);
INSERT INTO HorariosTrabalho VALUES (10, 000101);
INSERT INTO HorariosTrabalho VALUES (13, 000101);
INSERT INTO HorariosTrabalho VALUES (4, 000104);
INSERT INTO HorariosTrabalho VALUES (11, 000104);
INSERT INTO HorariosTrabalho VALUES (8, 000104);
INSERT INTO HorariosTrabalho VALUES (7, 000104);
INSERT INTO HorariosTrabalho VALUES (1, 000104);
INSERT INTO HorariosTrabalho VALUES (12, 000104);
INSERT INTO HorariosTrabalho VALUES (3, 000104);
INSERT INTO HorariosTrabalho VALUES (6, 000107);
INSERT INTO HorariosTrabalho VALUES (12, 000107);
INSERT INTO HorariosTrabalho VALUES (7, 000107);
INSERT INTO HorariosTrabalho VALUES (13, 000107);
INSERT INTO HorariosTrabalho VALUES (8, 000107);
INSERT INTO HorariosTrabalho VALUES (4, 000107);
INSERT INTO HorariosTrabalho VALUES (1, 000107);
INSERT INTO HorariosTrabalho VALUES (2, 000111);
INSERT INTO HorariosTrabalho VALUES (13, 000111);
INSERT INTO HorariosTrabalho VALUES (6, 000111);
INSERT INTO HorariosTrabalho VALUES (1, 000111);
INSERT INTO HorariosTrabalho VALUES (7, 000111);
INSERT INTO HorariosTrabalho VALUES (8, 000111);
INSERT INTO HorariosTrabalho VALUES (10, 000111);
INSERT INTO HorariosTrabalho VALUES (2, 000114);
INSERT INTO HorariosTrabalho VALUES (9, 000114);
INSERT INTO HorariosTrabalho VALUES (4, 000114);
INSERT INTO HorariosTrabalho VALUES (3, 000114);
INSERT INTO HorariosTrabalho VALUES (1, 000114);
INSERT INTO HorariosTrabalho VALUES (13, 000114);
INSERT INTO HorariosTrabalho VALUES (11, 000114);
INSERT INTO HorariosTrabalho VALUES (5, 000119);
INSERT INTO HorariosTrabalho VALUES (6, 000119);
INSERT INTO HorariosTrabalho VALUES (3, 000119);
INSERT INTO HorariosTrabalho VALUES (10, 000119);
INSERT INTO HorariosTrabalho VALUES (14, 000119);
INSERT INTO HorariosTrabalho VALUES (13, 000119);
INSERT INTO HorariosTrabalho VALUES (2, 000119);
INSERT INTO HorariosTrabalho VALUES (10, 000125);
INSERT INTO HorariosTrabalho VALUES (1, 000125);
INSERT INTO HorariosTrabalho VALUES (8, 000125);
INSERT INTO HorariosTrabalho VALUES (5, 000125);
INSERT INTO HorariosTrabalho VALUES (11, 000125);
INSERT INTO HorariosTrabalho VALUES (14, 000125);
INSERT INTO HorariosTrabalho VALUES (12, 000125);
INSERT INTO HorariosTrabalho VALUES (4, 000126);
INSERT INTO HorariosTrabalho VALUES (5, 000126);
INSERT INTO HorariosTrabalho VALUES (2, 000126);
INSERT INTO HorariosTrabalho VALUES (12, 000126);
INSERT INTO HorariosTrabalho VALUES (6, 000126);
INSERT INTO HorariosTrabalho VALUES (14, 000126);
INSERT INTO HorariosTrabalho VALUES (10, 000126);
INSERT INTO HorariosTrabalho VALUES (7, 000127);
INSERT INTO HorariosTrabalho VALUES (3, 000127);
INSERT INTO HorariosTrabalho VALUES (2, 000127);
INSERT INTO HorariosTrabalho VALUES (8, 000127);
INSERT INTO HorariosTrabalho VALUES (6, 000127);
INSERT INTO HorariosTrabalho VALUES (5, 000127);
INSERT INTO HorariosTrabalho VALUES (9, 000127);
INSERT INTO HorariosTrabalho VALUES (9, 000130);
INSERT INTO HorariosTrabalho VALUES (7, 000130);
INSERT INTO HorariosTrabalho VALUES (8, 000130);
INSERT INTO HorariosTrabalho VALUES (4, 000130);
INSERT INTO HorariosTrabalho VALUES (13, 000130);
INSERT INTO HorariosTrabalho VALUES (3, 000130);
INSERT INTO HorariosTrabalho VALUES (10, 000130);
INSERT INTO HorariosTrabalho VALUES (13, 000133);
INSERT INTO HorariosTrabalho VALUES (1, 000133);
INSERT INTO HorariosTrabalho VALUES (14, 000133);
INSERT INTO HorariosTrabalho VALUES (12, 000133);
INSERT INTO HorariosTrabalho VALUES (5, 000133);
INSERT INTO HorariosTrabalho VALUES (11, 000133);
INSERT INTO HorariosTrabalho VALUES (4, 000133);
INSERT INTO HorariosTrabalho VALUES (1, 000134);
INSERT INTO HorariosTrabalho VALUES (9, 000134);
INSERT INTO HorariosTrabalho VALUES (2, 000134);
INSERT INTO HorariosTrabalho VALUES (6, 000134);
INSERT INTO HorariosTrabalho VALUES (3, 000134);
INSERT INTO HorariosTrabalho VALUES (13, 000134);
INSERT INTO HorariosTrabalho VALUES (12, 000134);
INSERT INTO HorariosTrabalho VALUES (12, 000138);
INSERT INTO HorariosTrabalho VALUES (6, 000138);
INSERT INTO HorariosTrabalho VALUES (8, 000138);
INSERT INTO HorariosTrabalho VALUES (4, 000138);
INSERT INTO HorariosTrabalho VALUES (1, 000138);
INSERT INTO HorariosTrabalho VALUES (14, 000138);
INSERT INTO HorariosTrabalho VALUES (9, 000138);
INSERT INTO HorariosTrabalho VALUES (5, 000140);
INSERT INTO HorariosTrabalho VALUES (10, 000140);
INSERT INTO HorariosTrabalho VALUES (8, 000140);
INSERT INTO HorariosTrabalho VALUES (13, 000140);
INSERT INTO HorariosTrabalho VALUES (9, 000140);
INSERT INTO HorariosTrabalho VALUES (14, 000140);
INSERT INTO HorariosTrabalho VALUES (7, 000140);
INSERT INTO HorariosTrabalho VALUES (2, 000141);
INSERT INTO HorariosTrabalho VALUES (6, 000141);
INSERT INTO HorariosTrabalho VALUES (10, 000141);
INSERT INTO HorariosTrabalho VALUES (1, 000141);
INSERT INTO HorariosTrabalho VALUES (12, 000141);
INSERT INTO HorariosTrabalho VALUES (11, 000141);
INSERT INTO HorariosTrabalho VALUES (3, 000141);
INSERT INTO HorariosTrabalho VALUES (4, 000143);
INSERT INTO HorariosTrabalho VALUES (3, 000143);
INSERT INTO HorariosTrabalho VALUES (5, 000143);
INSERT INTO HorariosTrabalho VALUES (6, 000143);
INSERT INTO HorariosTrabalho VALUES (13, 000143);
INSERT INTO HorariosTrabalho VALUES (10, 000143);
INSERT INTO HorariosTrabalho VALUES (8, 000143);
INSERT INTO HorariosTrabalho VALUES (7, 000145);
INSERT INTO HorariosTrabalho VALUES (12, 000145);
INSERT INTO HorariosTrabalho VALUES (2, 000145);
INSERT INTO HorariosTrabalho VALUES (5, 000145);
INSERT INTO HorariosTrabalho VALUES (14, 000145);
INSERT INTO HorariosTrabalho VALUES (6, 000145);
INSERT INTO HorariosTrabalho VALUES (9, 000145);
INSERT INTO HorariosTrabalho VALUES (2, 000147);
INSERT INTO HorariosTrabalho VALUES (6, 000147);
INSERT INTO HorariosTrabalho VALUES (1, 000147);
INSERT INTO HorariosTrabalho VALUES (11, 000147);
INSERT INTO HorariosTrabalho VALUES (12, 000147);
INSERT INTO HorariosTrabalho VALUES (14, 000147);
INSERT INTO HorariosTrabalho VALUES (5, 000147);

INSERT INTO FuncionarioDeServico VALUES (09, 000004, 1);
INSERT INTO FuncionarioDeServico VALUES (11, 000004, 1);
INSERT INTO FuncionarioDeServico VALUES (09, 000010, 2);
INSERT INTO FuncionarioDeServico VALUES (06, 000015, 1);
INSERT INTO FuncionarioDeServico VALUES (08, 000015, 1);
INSERT INTO FuncionarioDeServico VALUES (10, 000015, 1);
INSERT INTO FuncionarioDeServico VALUES (10, 000016, 2);
INSERT INTO FuncionarioDeServico VALUES (11, 000016, 2);
INSERT INTO FuncionarioDeServico VALUES (03, 000016, 1);
INSERT INTO FuncionarioDeServico VALUES (08, 000019, 2);
INSERT INTO FuncionarioDeServico VALUES (14, 000026, 1);
INSERT INTO FuncionarioDeServico VALUES (10, 000026, 3);
INSERT INTO FuncionarioDeServico VALUES (07, 000026, 1);
INSERT INTO FuncionarioDeServico VALUES (10, 000029, 4);
INSERT INTO FuncionarioDeServico VALUES (08, 000029, 3);
INSERT INTO FuncionarioDeServico VALUES (06, 000033, 2);
INSERT INTO FuncionarioDeServico VALUES (08, 000033, 4);
INSERT INTO FuncionarioDeServico VALUES (02, 000034, 1);
INSERT INTO FuncionarioDeServico VALUES (13, 000040, 1);
INSERT INTO FuncionarioDeServico VALUES (06, 000040, 3);
INSERT INTO FuncionarioDeServico VALUES (01, 000043, 1);
INSERT INTO FuncionarioDeServico VALUES (03, 000043, 2);
INSERT INTO FuncionarioDeServico VALUES (15, 000047, 1);
INSERT INTO FuncionarioDeServico VALUES (14, 000047, 2);
INSERT INTO FuncionarioDeServico VALUES (11, 000052, 3);
INSERT INTO FuncionarioDeServico VALUES (11, 000053, 4);
INSERT INTO FuncionarioDeServico VALUES (12, 000053, 1);
INSERT INTO FuncionarioDeServico VALUES (04, 000054, 1);
INSERT INTO FuncionarioDeServico VALUES (12, 000055, 2);
INSERT INTO FuncionarioDeServico VALUES (15, 000058, 2);
INSERT INTO FuncionarioDeServico VALUES (14, 000058, 3);
INSERT INTO FuncionarioDeServico VALUES (07, 000058, 2);
INSERT INTO FuncionarioDeServico VALUES (04, 000059, 2);
INSERT INTO FuncionarioDeServico VALUES (15, 000061, 3);
INSERT INTO FuncionarioDeServico VALUES (07, 000071, 3);
INSERT INTO FuncionarioDeServico VALUES (15, 000071, 4);
INSERT INTO FuncionarioDeServico VALUES (08, 000071, 5);
INSERT INTO FuncionarioDeServico VALUES (01, 000073, 2);
INSERT INTO FuncionarioDeServico VALUES (04, 000082, 3);
INSERT INTO FuncionarioDeServico VALUES (13, 000082, 2);
INSERT INTO FuncionarioDeServico VALUES (06, 000084, 4);
INSERT INTO FuncionarioDeServico VALUES (09, 000084, 3);
INSERT INTO FuncionarioDeServico VALUES (15, 000084, 5);
INSERT INTO FuncionarioDeServico VALUES (10, 000091, 5);
INSERT INTO FuncionarioDeServico VALUES (07, 000091, 4);
INSERT INTO FuncionarioDeServico VALUES (08, 000091, 6);
INSERT INTO FuncionarioDeServico VALUES (05, 000093, 1);
INSERT INTO FuncionarioDeServico VALUES (01, 000096, 3);
INSERT INTO FuncionarioDeServico VALUES (11, 000096, 5);
INSERT INTO FuncionarioDeServico VALUES (08, 000096, 7);
INSERT INTO FuncionarioDeServico VALUES (04, 000101, 4);
INSERT INTO FuncionarioDeServico VALUES (15, 000101, 6);
INSERT INTO FuncionarioDeServico VALUES (14, 000101, 4);
INSERT INTO FuncionarioDeServico VALUES (09, 000104, 4);
INSERT INTO FuncionarioDeServico VALUES (07, 000104, 5);
INSERT INTO FuncionarioDeServico VALUES (02, 000104, 2);
INSERT INTO FuncionarioDeServico VALUES (15, 000107, 7);
INSERT INTO FuncionarioDeServico VALUES (04, 000107, 5);
INSERT INTO FuncionarioDeServico VALUES (09, 000107, 5);
INSERT INTO FuncionarioDeServico VALUES (07, 000111, 6);
INSERT INTO FuncionarioDeServico VALUES (01, 000111, 4);
INSERT INTO FuncionarioDeServico VALUES (14, 000111, 5);
INSERT INTO FuncionarioDeServico VALUES (14, 000114, 6);
INSERT INTO FuncionarioDeServico VALUES (07, 000119, 7);
INSERT INTO FuncionarioDeServico VALUES (09, 000125, 6);
INSERT INTO FuncionarioDeServico VALUES (11, 000125, 6);
INSERT INTO FuncionarioDeServico VALUES (04, 000125, 6);
INSERT INTO FuncionarioDeServico VALUES (06, 000126, 5);
INSERT INTO FuncionarioDeServico VALUES (11, 000126, 7);
INSERT INTO FuncionarioDeServico VALUES (02, 000127, 3);
INSERT INTO FuncionarioDeServico VALUES (03, 000127, 3);
INSERT INTO FuncionarioDeServico VALUES (04, 000127, 7);
INSERT INTO FuncionarioDeServico VALUES (07, 000130, 8);
INSERT INTO FuncionarioDeServico VALUES (06, 000130, 6);
INSERT INTO FuncionarioDeServico VALUES (09, 000133, 7);
INSERT INTO FuncionarioDeServico VALUES (01, 000133, 5);
INSERT INTO FuncionarioDeServico VALUES (10, 000133, 6);
INSERT INTO FuncionarioDeServico VALUES (02, 000134, 4);
INSERT INTO FuncionarioDeServico VALUES (12, 000134, 3);
INSERT INTO FuncionarioDeServico VALUES (06, 000134, 7);
INSERT INTO FuncionarioDeServico VALUES (04, 000138, 8);
INSERT INTO FuncionarioDeServico VALUES (07, 000140, 9);
INSERT INTO FuncionarioDeServico VALUES (13, 000141, 3);
INSERT INTO FuncionarioDeServico VALUES (10, 000141, 7);
INSERT INTO FuncionarioDeServico VALUES (11, 000143, 8);
INSERT INTO FuncionarioDeServico VALUES (02, 000143, 5);
INSERT INTO FuncionarioDeServico VALUES (10, 000145, 8);
INSERT INTO FuncionarioDeServico VALUES (02, 000145, 6);
INSERT INTO FuncionarioDeServico VALUES (15, 000145, 8);
INSERT INTO FuncionarioDeServico VALUES (13, 000147, 4);

INSERT INTO Hierarquias VALUES (000058, 000071);
INSERT INTO Hierarquias VALUES (000133, 000071);
INSERT INTO Hierarquias VALUES (000016, 000071);
INSERT INTO Hierarquias VALUES (000053, 000071);
INSERT INTO Hierarquias VALUES (000119, 000071);
INSERT INTO Hierarquias VALUES (000093, 000114);
INSERT INTO Hierarquias VALUES (000111, 000114);
INSERT INTO Hierarquias VALUES (000015, 000114);
INSERT INTO Hierarquias VALUES (000127, 000114);
INSERT INTO Hierarquias VALUES (000052, 000114);
INSERT INTO Hierarquias VALUES (000147, 000029);
INSERT INTO Hierarquias VALUES (000084, 000029);
INSERT INTO Hierarquias VALUES (000010, 000029);
INSERT INTO Hierarquias VALUES (000126, 000029);
INSERT INTO Hierarquias VALUES (000004, 000029);
INSERT INTO Hierarquias VALUES (000101, 000019);
INSERT INTO Hierarquias VALUES (000073, 000019);
INSERT INTO Hierarquias VALUES (000047, 000019);
INSERT INTO Hierarquias VALUES (000130, 000019);
INSERT INTO Hierarquias VALUES (000138, 000019);
INSERT INTO Hierarquias VALUES (000141, 000143);
INSERT INTO Hierarquias VALUES (000140, 000143);
INSERT INTO Hierarquias VALUES (000082, 000143);
INSERT INTO Hierarquias VALUES (000107, 000143);
INSERT INTO Hierarquias VALUES (000104, 000143);
INSERT INTO Hierarquias VALUES (000096, 000058);
INSERT INTO Hierarquias VALUES (000034, 000058);
INSERT INTO Hierarquias VALUES (000043, 000058);
INSERT INTO Hierarquias VALUES (000091, 000058);
INSERT INTO Hierarquias VALUES (000040, 000058);
INSERT INTO Hierarquias VALUES (000059, 000133);
INSERT INTO Hierarquias VALUES (000026, 000133);
INSERT INTO Hierarquias VALUES (000134, 000133);
INSERT INTO Hierarquias VALUES (000125, 000133);
INSERT INTO Hierarquias VALUES (000145, 000133);
INSERT INTO Hierarquias VALUES (000033, 000016);
INSERT INTO Hierarquias VALUES (000054, 000016);
INSERT INTO Hierarquias VALUES (000061, 000016);
INSERT INTO Hierarquias VALUES (000055, 000016);
