INSERT INTO Servicos VALUES (01, 'Space Mountain', 12, 1.40, 'Zona 3', NULL);
INSERT INTO Servicos VALUES (02, 'Pirates of The Caribbean', 12, 1.40, 'Zona 3', NULL);
INSERT INTO Servicos VALUES (03, 'Mikey Mouse Parade', 0, 0, 'Zona 1 e 2', NULL);
INSERT INTO Servicos VALUES (04, 'McDonalds', 0, 0, 'Zona 1', NULL);
INSERT INTO Servicos VALUES (05, 'Rick & Morty Portal Adventure', 8, 0, 'Zona 2', NULL);
INSERT INTO Servicos VALUES (06, 'Monty Python Play', 18, 0, 'Zona 4', NULL);
INSERT INTO Servicos VALUES (07, 'Hells Kitchen', 0, 0, 'Zona 2', NULL);
INSERT INTO Servicos VALUES (08, 'Batman Rollercoaster', 8, 1.00, 'Zona 3', NULL);
INSERT INTO Servicos VALUES (09, 'One Punch Man Training Session', 8, 1.00, 'Zona 4', NULL);
INSERT INTO Servicos VALUES (10, 'Trinket Store', 0, 0, 'Zona 1', NULL);
INSERT INTO Servicos VALUES (11, 'Pop World', 0, 0, 'Zona 3', NULL);
INSERT INTO Servicos VALUES (12, 'Wonder Woman Rollercoaster', 12, 1.40, 'Zona 3', NULL);
INSERT INTO Servicos VALUES (13, '1000 Way to Die: Haunting House', 18, 1.50, 'Zona 4', NULL);
INSERT INTO Servicos VALUES (14, 'Jackass Live', 18, 0, 'Zona 3', NULL);
INSERT INTO Servicos VALUES (15, 'Sasquatch', 13, 1.20, 'Zona 3', NULL);

INSERT INTO Atividades VALUES (01);
INSERT INTO Atividades VALUES (02);
INSERT INTO Atividades VALUES (03);
INSERT INTO Atividades VALUES (05);
INSERT INTO Atividades VALUES (06);
INSERT INTO Atividades VALUES (08);
INSERT INTO Atividades VALUES (09);
INSERT INTO Atividades VALUES (12);
INSERT INTO Atividades VALUES (13);
INSERT INTO Atividades VALUES (14);
INSERT INTO Atividades VALUES (15);

INSERT INTO Aderecos VALUES (001, 'ROCKIEST', 'space rocks', 01);
INSERT INTO Aderecos VALUES (012, 'iceberless', 'pirate ship', 02);
INSERT INTO Aderecos VALUES (253, 'legless', 'wood leg', 02);
INSERT INTO Aderecos VALUES (134, 'costums', 'mikey mouse outfits', 03);
INSERT INTO Aderecos VALUES (517, 'portals', 'portal gun', 05);
INSERT INTO Aderecos VALUES (136, 'costums', 'outfits', 06);
INSERT INTO Aderecos VALUES (452, 'costums', 'outfits', 06);
INSERT INTO Aderecos VALUES (628, 'mercedes', 'batmobile', 08);
INSERT INTO Aderecos VALUES (285, 'capes', 'red cape', 09);
INSERT INTO Aderecos VALUES (139, 'costums', 'wonder woman outfit', 12);
INSERT INTO Aderecos VALUES (636, 'screams', 'masks', 13);
INSERT INTO Aderecos VALUES (763, 'costums', 'sasquatch outfit', 15);

INSERT INTO Carrosseis VALUES (01, '2020-05-23');
INSERT INTO Carrosseis VALUES (02, '2021-03-20');
INSERT INTO Carrosseis VALUES (05, '2019-10-20');
INSERT INTO Carrosseis VALUES (08, '2022-01-04');
INSERT INTO Carrosseis VALUES (12, '2019-12-02');

INSERT INTO Eventos VALUES (03, 2019-04-13, '01:30');
INSERT INTO Eventos VALUES (06, 2019-05-23, '02:30');
INSERT INTO Eventos VALUES (09, 2019-04-20, '01:00');
INSERT INTO Eventos VALUES (13, 2019-04-25, '01:45');
INSERT INTO Eventos VALUES (14, 2019-04-30, '01:00');
INSERT INTO Eventos VALUES (15, 2019-04-21, '02:00');

INSERT INTO Restaurantes VALUES(04, 'big mac, CBO', 10);
INSERT INTO Restaurantes VALUES(07, 'sandwich', 7);

INSERT INTO Lojas VALUES(10, 'bracelets, t-shirts');
INSERT INTO Lojas VALUES(11, 'sunglasses, hats');

INSERT INTO Epocas VALUES ('Verao', 'Junho', 'Agosto');
INSERT INTO Epocas VALUES ('Outono', 'Setembro', 'Novembro');
INSERT INTO Epocas VALUES ('Inverno', 'Dezembro', 'Fevereiro');
INSERT INTO Epocas VALUES ('Primavera', 'Março', 'Maio');

INSERT INTO Horarios VALUES (1, '08:00', '12:30', 'Segunda');
INSERT INTO Horarios VALUES (2, '08:00', '12:30', 'Terça');
INSERT INTO Horarios VALUES (3, '08:00', '12:30', 'Quarta');
INSERT INTO Horarios VALUES (4, '08:00', '12:30', 'Quinta');
INSERT INTO Horarios VALUES (5, '08:00', '12:30', 'Sexta');
INSERT INTO Horarios VALUES (6, '08:00', '12:30', 'Sabado');
INSERT INTO Horarios VALUES (7, '08:00', '12:30', 'Domingo');
INSERT INTO Horarios VALUES (8, '14:00', '19:00', 'Segunda');
INSERT INTO Horarios VALUES (9, '14:00', '19:00', 'Terça');
INSERT INTO Horarios VALUES (10, '14:00', '19:00', 'Quarta');
INSERT INTO Horarios VALUES (11, '14:00', '19:00', 'Quinta');
INSERT INTO Horarios VALUES (12, '14:00', '19:00', 'Sexta');
INSERT INTO Horarios VALUES (13, '14:00', '19:00', 'Sabado');
INSERT INTO Horarios VALUES (14, '14:00', '19:00', 'Domingo');

INSERT INTO ServicosEpocasHorarios VALUES (01, 'Verao', 2);
INSERT INTO ServicosEpocasHorarios VALUES (02, 'Outono', 1);
INSERT INTO ServicosEpocasHorarios VALUES (03, 'Verao', 14);
INSERT INTO ServicosEpocasHorarios VALUES (04, 'Inverno', 3);
INSERT INTO ServicosEpocasHorarios VALUES (05, 'Verao', 10);
INSERT INTO ServicosEpocasHorarios VALUES (06, 'Inverno', 9);
INSERT INTO ServicosEpocasHorarios VALUES (08, 'Outono', 13);
INSERT INTO ServicosEpocasHorarios VALUES (09, 'Primavera', 4);
INSERT INTO ServicosEpocasHorarios VALUES (10, 'Inverno', 12);
INSERT INTO ServicosEpocasHorarios VALUES (11, 'Verao', 5);
INSERT INTO ServicosEpocasHorarios VALUES (12, 'Outono', 8);
INSERT INTO ServicosEpocasHorarios VALUES (13, 'Primavera', 7);
INSERT INTO ServicosEpocasHorarios VALUES (14, 'Inverno', 6);
INSERT INTO ServicosEpocasHorarios VALUES (15, 'Verao', 11);

INSERT INTO TipoDeBilhete VALUES ('Regular', 40);
INSERT INTO TipoDeBilhete VALUES ('Gold', 60);
INSERT INTO TipoDeBilhete VALUES ('Premium', 80);

INSERT INTO Especialidades VALUES ('Segurança', 900, 20);
INSERT INTO Especialidades VALUES ('Técnico', 1000, 25);
INSERT INTO Especialidades VALUES ('Cozinheiro', 800, 25);
INSERT INTO Especialidades VALUES ('Staff', 600, 15);
INSERT INTO Especialidades VALUES ('Gerente', 1400, 20);

INSERT INTO Pessoas VALUES (000001, 'Abbey Plaxdale', 1977-06-07, 'M');
INSERT INTO Pessoas VALUES (000002, 'Elnar Suthard', 1971-07-12, 'M');
INSERT INTO Pessoas VALUES (000003, 'Ayn Talandis', 2003-01-11, 'F');
INSERT INTO Pessoas VALUES (000004, 'Flossi Saunderton', 1992-09-07, 'F');
INSERT INTO Pessoas VALUES (000005, 'Alessandra Marymont', 1995-11-07, 'F');
INSERT INTO Pessoas VALUES (000006, 'Verine Lennard', 1975-11-18, 'F');
INSERT INTO Pessoas VALUES (000007, 'Ronnie Ornellas', 2001-05-26, 'M');
INSERT INTO Pessoas VALUES (000008, 'Suellen Stonedge', 1973-04-22, 'F');
INSERT INTO Pessoas VALUES (000009, 'Vanessa Farah', 2007-03-22, 'F');
INSERT INTO Pessoas VALUES (000010, 'Dalia Asche', 2002-05-12, 'F');
INSERT INTO Pessoas VALUES (000011, 'Richardo Farran', 1998-01-17, 'M');
INSERT INTO Pessoas VALUES (000012, 'Torin Scheerer', 1993-01-18, 'M');
INSERT INTO Pessoas VALUES (000013, 'Thibaud Dickenson', 1975-01-22, 'M');
INSERT INTO Pessoas VALUES (000014, 'Turner Mud', 1970-02-10, 'M');
INSERT INTO Pessoas VALUES (000015, 'Rustie Riis', 1972-08-19, 'M');
INSERT INTO Pessoas VALUES (000016, 'Georgine Slosson', 1987-03-08, 'F');
INSERT INTO Pessoas VALUES (000017, 'Van Bellechase', 1972-04-24, 'M');
INSERT INTO Pessoas VALUES (000018, 'Felipa Raymoor', 1997-06-27, 'F');
INSERT INTO Pessoas VALUES (000019, 'Weider Inness', 1999-10-03, 'M');
INSERT INTO Pessoas VALUES (000020, 'Sullivan Gousy', 1987-09-04, 'M');
INSERT INTO Pessoas VALUES (000021, 'Graehme Ardgryffe', 2009-03-07, 'M');
INSERT INTO Pessoas VALUES (000022, 'Wandis Rago', 1977-02-08, 'F');
INSERT INTO Pessoas VALUES (000023, 'Byron Lockport', 1985-05-20, 'M');
INSERT INTO Pessoas VALUES (000024, 'Jakob Cogate', 1973-04-08, 'M');
INSERT INTO Pessoas VALUES (000025, 'Nestor Hayenga', 2007-03-14, 'M');
INSERT INTO Pessoas VALUES (000026, 'Sim Sherborne', 2003-04-12, 'M');
INSERT INTO Pessoas VALUES (000027, 'Tisha Kesner', 1976-09-02, 'F');
INSERT INTO Pessoas VALUES (000028, 'Zorina Oakwood', 1977-06-14, 'F');
INSERT INTO Pessoas VALUES (000029, 'Aurel Clunbury', 2004-10-04, 'F');
INSERT INTO Pessoas VALUES (000030, 'Kaitlyn Doane', 1994-11-19, 'F');
INSERT INTO Pessoas VALUES (000031, 'Opalina Caldecot', 2003-10-21, 'F');
INSERT INTO Pessoas VALUES (000032, 'Aguste Allemand', 2003-06-18, 'M');
INSERT INTO Pessoas VALUES (000033, 'Eddi Horningsea', 2007-07-26, 'F');
INSERT INTO Pessoas VALUES (000034, 'Ash Wawapek', 2001-08-19, 'M');
INSERT INTO Pessoas VALUES (000035, 'Simon Calvend', 2001-09-20, 'M');
INSERT INTO Pessoas VALUES (000036, 'Rayner Rossiter', 1999-01-07, 'M');
INSERT INTO Pessoas VALUES (000037, 'Dulce Tayloe', 1982-09-25, 'F');
INSERT INTO Pessoas VALUES (000038, 'Augustine Koloona', 1975-02-23, 'M');
INSERT INTO Pessoas VALUES (000039, 'Gabriello Fallstone', 1974-05-12, 'M');
INSERT INTO Pessoas VALUES (000040, 'Vernor Halston', 1973-04-12, 'M');
INSERT INTO Pessoas VALUES (000041, 'Isis Morson', 1994-06-04, 'F');
INSERT INTO Pessoas VALUES (000042, 'Jacqueline Wofford', 1984-10-23, 'F');
INSERT INTO Pessoas VALUES (000043, 'Emilio Angorra', 1993-01-09, 'M');
INSERT INTO Pessoas VALUES (000044, 'Zaneta Metson', 2002-09-14, 'F');
INSERT INTO Pessoas VALUES (000045, 'Nola Avenleigh', 1997-10-01, 'F');
INSERT INTO Pessoas VALUES (000046, 'Sammy Glenbourne', 1992-09-02, 'F');
INSERT INTO Pessoas VALUES (000047, 'Ephram Pitfold', 1993-02-03, 'M');
INSERT INTO Pessoas VALUES (000048, 'Tessy Sweetlands', 1972-08-12, 'F');
INSERT INTO Pessoas VALUES (000049, 'Marilee Chrisibar', 1973-03-25, 'F');
INSERT INTO Pessoas VALUES (000050, 'Roman Nyland', 1994-11-19, 'M');
INSERT INTO Pessoas VALUES (000051, 'Bessie Cavers', 1989-09-24, 'F');
INSERT INTO Pessoas VALUES (000052, 'Dolorita Hugus', 1975-07-07, 'F');
INSERT INTO Pessoas VALUES (000053, 'Aprilette Aylsham', 2001-04-17, 'F');
INSERT INTO Pessoas VALUES (000054, 'Fancy Mivo', 1979-05-02, 'F');
INSERT INTO Pessoas VALUES (000055, 'Dimitrios Kaylar', 1985-09-01, 'M');
INSERT INTO Pessoas VALUES (000056, 'Aryn Arnot', 2006-03-27, 'F');
INSERT INTO Pessoas VALUES (000057, 'Sherman Carniel', 1977-02-25, 'M');
INSERT INTO Pessoas VALUES (000058, 'Godfry Shetlands', 1995-09-13, 'M');
INSERT INTO Pessoas VALUES (000059, 'Gardner Pierino', 2003-04-08, 'M');
INSERT INTO Pessoas VALUES (000060, 'Celesta Boones', 1993-08-15, 'F');
INSERT INTO Pessoas VALUES (000061, 'Godfrey Ebener', 1979-10-26, 'M');
INSERT INTO Pessoas VALUES (000062, 'Kelvin Gurton', 1976-10-21, 'M');
INSERT INTO Pessoas VALUES (000063, 'Goober Annandale', 1988-09-16, 'M');
INSERT INTO Pessoas VALUES (000064, 'Morty Aspull', 2002-02-02, 'M');
INSERT INTO Pessoas VALUES (000065, 'Kikelia Alverson', 1996-06-08, 'F');
INSERT INTO Pessoas VALUES (000066, 'Dion Brittin', 1986-08-03, 'M');
INSERT INTO Pessoas VALUES (000067, 'Wyn Bockman', 2005-01-17, 'M');
INSERT INTO Pessoas VALUES (000068, 'Ardenia Dobroyd', 1987-11-01, 'F');
INSERT INTO Pessoas VALUES (000069, 'Rebeca Tennison', 1988-10-19, 'F');
INSERT INTO Pessoas VALUES (000070, 'Eberhard Woodsworth', 1997-03-07, 'M');
INSERT INTO Pessoas VALUES (000071, 'Rupert Selwyn', 2000-08-23, 'M');
INSERT INTO Pessoas VALUES (000072, 'Debbi Miradera', 1994-08-16, 'F');
INSERT INTO Pessoas VALUES (000073, 'Peter Belper', 1978-06-18, 'M');
INSERT INTO Pessoas VALUES (000074, 'Cora Lelak', 2009-06-06, 'F');
INSERT INTO Pessoas VALUES (000075, 'Raul Albrighton', 2003-07-26, 'M');
INSERT INTO Pessoas VALUES (000076, 'Johnette Wilwade', 1986-01-25, 'F');
INSERT INTO Pessoas VALUES (000077, 'Edyth Nepil', 1980-03-19, 'F');
INSERT INTO Pessoas VALUES (000078, 'Dino Montoclair', 1987-05-26, 'M');
INSERT INTO Pessoas VALUES (000079, 'Esmerelda Drue', 1973-07-07, 'F');
INSERT INTO Pessoas VALUES (000080, 'Fern Everly', 1995-10-16, 'F');
INSERT INTO Pessoas VALUES (000081, 'Leopold Netta', 2004-04-14, 'M');
INSERT INTO Pessoas VALUES (000082, 'Jackquelin Paignton', 1986-09-04, 'F');
INSERT INTO Pessoas VALUES (000083, 'Hebert Caryville', 2002-08-03, 'M');
INSERT INTO Pessoas VALUES (000084, 'Lanny Arbardee', 1984-09-03, 'M');
INSERT INTO Pessoas VALUES (000085, 'Wendell Clovergrass', 1974-03-20, 'M');
INSERT INTO Pessoas VALUES (000086, 'Elysee Willowhayne', 1994-01-06, 'F');
INSERT INTO Pessoas VALUES (000087, 'Tabb Tubwell', 2007-04-23, 'M');
INSERT INTO Pessoas VALUES (000088, 'Anton Vick', 1987-11-26, 'M');
INSERT INTO Pessoas VALUES (000089, 'Sindee Eggleton', 1979-04-17, 'F');
INSERT INTO Pessoas VALUES (000090, 'Cindy Cirolero', 1988-09-12, 'F');
INSERT INTO Pessoas VALUES (000091, 'Hendrick Annona', 1978-01-26, 'M');
INSERT INTO Pessoas VALUES (000092, 'Valentine Sandhutton', 1972-06-05, 'F');
INSERT INTO Pessoas VALUES (000093, 'Winston Nottage', 1992-11-23, 'M');
INSERT INTO Pessoas VALUES (000094, 'Pete Chelan', 1999-06-13, 'M');
INSERT INTO Pessoas VALUES (000095, 'Trixy Skylonda', 1991-09-27, 'F');
INSERT INTO Pessoas VALUES (000096, 'Teodora Vietor', 1979-06-06, 'F');
INSERT INTO Pessoas VALUES (000097, 'Jerald Donnings', 1974-05-16, 'M');
INSERT INTO Pessoas VALUES (000098, 'Vijay Kolze', 1977-07-13, 'M');
INSERT INTO Pessoas VALUES (000099, 'Jolie Leeann', 1981-09-23, 'F');
INSERT INTO Pessoas VALUES (000100, 'Otes Lawbrook', 1988-06-05, 'M');
INSERT INTO Pessoas VALUES (000101, 'Cybal Duckshaw', 2009-05-16, 'F');
INSERT INTO Pessoas VALUES (000102, 'Ileane Macers', 1994-11-26, 'F');
INSERT INTO Pessoas VALUES (000103, 'Harriett Stanway', 2007-04-03, 'F');
INSERT INTO Pessoas VALUES (000104, 'Timmie Renate', 1978-02-01, 'F');
INSERT INTO Pessoas VALUES (000105, 'Mureil Azzopardi', 2003-04-04, 'F');
INSERT INTO Pessoas VALUES (000106, 'Niels Vankalker', 2009-01-24, 'M');
INSERT INTO Pessoas VALUES (000107, 'Myles Aldgate', 1983-03-22, 'M');
INSERT INTO Pessoas VALUES (000108, 'Ivonne Spignet', 1983-09-19, 'F');
INSERT INTO Pessoas VALUES (000109, 'Zorah Gilson', 1980-02-23, 'F');
INSERT INTO Pessoas VALUES (000110, 'Mauritz Bywell', 1980-10-05, 'M');
INSERT INTO Pessoas VALUES (000111, 'Keefe Dybeck', 1997-10-20, 'M');
INSERT INTO Pessoas VALUES (000112, 'Gomer Ackley', 2007-01-25, 'M');
INSERT INTO Pessoas VALUES (000113, 'Lyn Fargrove', 1978-06-03, 'F');
INSERT INTO Pessoas VALUES (000114, 'Garwin Gatehead', 2008-05-03, 'M');
INSERT INTO Pessoas VALUES (000115, 'Jack Malvasia', 1987-05-09, 'M');
INSERT INTO Pessoas VALUES (000116, 'Lamb Singworth', 1991-06-15, 'F');
INSERT INTO Pessoas VALUES (000117, 'Sapphira Bolshaw', 1998-01-05, 'F');
INSERT INTO Pessoas VALUES (000118, 'Inigo Maddocks', 2007-07-20, 'M');
INSERT INTO Pessoas VALUES (000119, 'Barris Orsett', 2003-01-10, 'M');
INSERT INTO Pessoas VALUES (000120, 'Charin Meadowvale', 1978-10-27, 'F');
INSERT INTO Pessoas VALUES (000121, 'Sydney Bebe', 1987-02-13, 'F');
INSERT INTO Pessoas VALUES (000122, 'Scott Braeland', 1984-08-05, 'M');
INSERT INTO Pessoas VALUES (000123, 'Jamey Larchmore', 1970-07-07, 'M');
INSERT INTO Pessoas VALUES (000124, 'Kaylil Saenz', 1980-06-01, 'F');
INSERT INTO Pessoas VALUES (000125, 'Adelice Dierks', 1990-03-14, 'F');
INSERT INTO Pessoas VALUES (000126, 'Jacquenette Sweetbrook', 1998-11-08, 'F');
INSERT INTO Pessoas VALUES (000127, 'Augustine Montacute', 1999-08-01, 'F');
INSERT INTO Pessoas VALUES (000128, 'Glynis Sanns', 1993-06-07, 'F');
INSERT INTO Pessoas VALUES (000129, 'Klaus Gona', 1979-02-10, 'M');
INSERT INTO Pessoas VALUES (000130, 'Sybille Penderbrooke', 2005-03-24, 'F');
INSERT INTO Pessoas VALUES (000131, 'Shalom Garand', 1996-06-02, 'M');
INSERT INTO Pessoas VALUES (000132, 'Bharat Kastania', 1976-03-05, 'M');
INSERT INTO Pessoas VALUES (000133, 'Antone Alkerden', 1994-11-24, 'M');
INSERT INTO Pessoas VALUES (000134, 'Emylee Tickners', 1987-11-01, 'F');
INSERT INTO Pessoas VALUES (000135, 'Etti Adys', 1972-01-27, 'F');
INSERT INTO Pessoas VALUES (000136, 'Adey Bedlow', 1979-08-18, 'F');
INSERT INTO Pessoas VALUES (000137, 'Yancy Landa', 2003-06-09, 'M');
INSERT INTO Pessoas VALUES (000138, 'Rolf Allston', 1992-02-13, 'M');
INSERT INTO Pessoas VALUES (000139, 'Leanna Marianas', 1988-09-07, 'F');
INSERT INTO Pessoas VALUES (000140, 'Marcelline Leylang', 1993-07-08, 'F');
INSERT INTO Pessoas VALUES (000141, 'Dot Acrefield', 1975-03-16, 'F');
INSERT INTO Pessoas VALUES (000142, 'Odie Hilfield', 1974-10-17, 'M');
INSERT INTO Pessoas VALUES (000143, 'Jacky Nueva', 2009-11-12, 'F');
INSERT INTO Pessoas VALUES (000144, 'Aylmer Pukwans', 1976-02-07, 'M');
INSERT INTO Pessoas VALUES (000145, 'Engelbart Byard', 1981-08-14, 'M');
INSERT INTO Pessoas VALUES (000146, 'Liza Nina', 2004-05-07, 'F');
INSERT INTO Pessoas VALUES (000147, 'Allie Lyton', 1977-05-03, 'M');
INSERT INTO Pessoas VALUES (000148, 'Candra Highdown', 2005-09-20, 'F');
INSERT INTO Pessoas VALUES (000149, 'Raul Carntion', 2003-04-25, 'M');
INSERT INTO Pessoas VALUES (000150, 'Felice Lordswood', 2008-07-11, 'M');

INSERT INTO Clientes VALUES (000003, 1.56, NULL);
INSERT INTO Clientes VALUES (000004, 1.58, NULL);
INSERT INTO Clientes VALUES (000007, 1.84, NULL);
INSERT INTO Clientes VALUES (000009, 1.35, NULL);
INSERT INTO Clientes VALUES (000010, 1.74, NULL);
INSERT INTO Clientes VALUES (000011, 1.7, NULL);
INSERT INTO Clientes VALUES (000012, 1.59, NULL);
INSERT INTO Clientes VALUES (000014, 1.7, NULL);
INSERT INTO Clientes VALUES (000015, 1.76, NULL);
INSERT INTO Clientes VALUES (000016, 1.91, NULL);
INSERT INTO Clientes VALUES (000017, 1.91, NULL);
INSERT INTO Clientes VALUES (000020, 1.82, NULL);
INSERT INTO Clientes VALUES (000021, 1.58, NULL);
INSERT INTO Clientes VALUES (000022, 1.87, NULL);
INSERT INTO Clientes VALUES (000023, 1.54, NULL);
INSERT INTO Clientes VALUES (000024, 1.62, NULL);
INSERT INTO Clientes VALUES (000025, 1.47, NULL);
INSERT INTO Clientes VALUES (000026, 1.57, NULL);
INSERT INTO Clientes VALUES (000027, 1.95, NULL);
INSERT INTO Clientes VALUES (000028, 1.73, NULL);
INSERT INTO Clientes VALUES (000029, 1.75, NULL);
INSERT INTO Clientes VALUES (000030, 1.58, NULL);
INSERT INTO Clientes VALUES (000033, 1.5, NULL);
INSERT INTO Clientes VALUES (000034, 1.89, NULL);
INSERT INTO Clientes VALUES (000035, 1.68, NULL);
INSERT INTO Clientes VALUES (000038, 1.86, NULL);
INSERT INTO Clientes VALUES (000040, 1.56, NULL);
INSERT INTO Clientes VALUES (000041, 1.92, NULL);
INSERT INTO Clientes VALUES (000042, 1.82, NULL);
INSERT INTO Clientes VALUES (000045, 1.74, NULL);
INSERT INTO Clientes VALUES (000046, 1.86, NULL);
INSERT INTO Clientes VALUES (000047, 1.91, NULL);
INSERT INTO Clientes VALUES (000048, 1.58, NULL);
INSERT INTO Clientes VALUES (000049, 1.86, NULL);
INSERT INTO Clientes VALUES (000052, 1.93, NULL);
INSERT INTO Clientes VALUES (000054, 1.89, NULL);
INSERT INTO Clientes VALUES (000055, 1.9, NULL);
INSERT INTO Clientes VALUES (000058, 1.65, NULL);
INSERT INTO Clientes VALUES (000059, 1.54, NULL);
INSERT INTO Clientes VALUES (000060, 1.5, NULL);
INSERT INTO Clientes VALUES (000062, 1.55, NULL);
INSERT INTO Clientes VALUES (000063, 1.61, NULL);
INSERT INTO Clientes VALUES (000064, 1.72, NULL);
INSERT INTO Clientes VALUES (000065, 1.64, NULL);
INSERT INTO Clientes VALUES (000066, 1.64, NULL);
INSERT INTO Clientes VALUES (000067, 1.77, NULL);
INSERT INTO Clientes VALUES (000069, 1.7, NULL);
INSERT INTO Clientes VALUES (000070, 1.89, NULL);
INSERT INTO Clientes VALUES (000073, 1.9, NULL);
INSERT INTO Clientes VALUES (000074, 1.5, NULL);
INSERT INTO Clientes VALUES (000075, 1.51, NULL);
INSERT INTO Clientes VALUES (000077, 1.53, NULL);
INSERT INTO Clientes VALUES (000078, 1.78, NULL);
INSERT INTO Clientes VALUES (000079, 1.79, NULL);
INSERT INTO Clientes VALUES (000080, 1.75, NULL);
INSERT INTO Clientes VALUES (000082, 1.92, NULL);
INSERT INTO Clientes VALUES (000083, 1.72, NULL);
INSERT INTO Clientes VALUES (000085, 1.9, NULL);
INSERT INTO Clientes VALUES (000086, 1.69, NULL);
INSERT INTO Clientes VALUES (000087, 1.34, NULL);
INSERT INTO Clientes VALUES (000088, 1.93, NULL);
INSERT INTO Clientes VALUES (000089, 1.89, NULL);
INSERT INTO Clientes VALUES (000090, 1.76, NULL);
INSERT INTO Clientes VALUES (000091, 1.94, NULL);
INSERT INTO Clientes VALUES (000092, 1.91, NULL);
INSERT INTO Clientes VALUES (000094, 1.81, NULL);
INSERT INTO Clientes VALUES (000095, 1.73, NULL);
INSERT INTO Clientes VALUES (000096, 1.69, NULL);
INSERT INTO Clientes VALUES (000097, 1.69, NULL);
INSERT INTO Clientes VALUES (000098, 1.77, NULL);
INSERT INTO Clientes VALUES (000099, 1.54, NULL);
INSERT INTO Clientes VALUES (000100, 1.91, NULL);
INSERT INTO Clientes VALUES (000101, 1.6, NULL);
INSERT INTO Clientes VALUES (000102, 1.66, NULL);
INSERT INTO Clientes VALUES (000103, 1.35, NULL);
INSERT INTO Clientes VALUES (000104, 1.84, NULL);
INSERT INTO Clientes VALUES (000105, 1.93, NULL);
INSERT INTO Clientes VALUES (000108, 1.7, NULL);
INSERT INTO Clientes VALUES (000109, 1.57, NULL);
INSERT INTO Clientes VALUES (000111, 1.81, NULL);
INSERT INTO Clientes VALUES (000112, 1.59, NULL);
INSERT INTO Clientes VALUES (000114, 1.57, NULL);
INSERT INTO Clientes VALUES (000115, 1.82, NULL);
INSERT INTO Clientes VALUES (000119, 1.55, NULL);
INSERT INTO Clientes VALUES (000121, 1.78, NULL);
INSERT INTO Clientes VALUES (000122, 1.58, NULL);
INSERT INTO Clientes VALUES (000123, 1.52, NULL);
INSERT INTO Clientes VALUES (000125, 1.71, NULL);
INSERT INTO Clientes VALUES (000126, 1.52, NULL);
INSERT INTO Clientes VALUES (000127, 1.94, NULL);
INSERT INTO Clientes VALUES (000128, 1.92, NULL);
INSERT INTO Clientes VALUES (000129, 1.53, NULL);
INSERT INTO Clientes VALUES (000130, 1.87, NULL);
INSERT INTO Clientes VALUES (000131, 1.51, NULL);
INSERT INTO Clientes VALUES (000133, 1.57, NULL);
INSERT INTO Clientes VALUES (000136, 1.72, NULL);
INSERT INTO Clientes VALUES (000137, 1.75, NULL);
INSERT INTO Clientes VALUES (000138, 1.61, NULL);
INSERT INTO Clientes VALUES (000139, 1.94, NULL);
INSERT INTO Clientes VALUES (000141, 1.95, NULL);
INSERT INTO Clientes VALUES (000143, 1.31, NULL);
INSERT INTO Clientes VALUES (000145, 1.86, NULL);
INSERT INTO Clientes VALUES (000146, 1.78, NULL);
INSERT INTO Clientes VALUES (000147, 1.64, NULL);
INSERT INTO Clientes VALUES (000149, 1.7, NULL);
INSERT INTO Clientes VALUES (000150, 1.34, NULL);

INSERT INTO Funcionarios VALUES (000001, 'Técnico', 1567578962);
INSERT INTO Funcionarios VALUES (000002, 'Cozinheiro', 1255436409);
INSERT INTO Funcionarios VALUES (000005, 'Técnico', 1136687885);
INSERT INTO Funcionarios VALUES (000006, 'Cozinheiro', 1451395195);
INSERT INTO Funcionarios VALUES (000008, 'Gerente', 1839267369);
INSERT INTO Funcionarios VALUES (000013, 'Gerente', 1304275096);
INSERT INTO Funcionarios VALUES (000018, 'Staff', 1903103789);
INSERT INTO Funcionarios VALUES (000019, 'Técnico', 1968064633);
INSERT INTO Funcionarios VALUES (000031, 'Gerente', 1916276883);
INSERT INTO Funcionarios VALUES (000032, 'Segurança', 1052629727);
INSERT INTO Funcionarios VALUES (000036, 'Técnico', 1176825428);
INSERT INTO Funcionarios VALUES (000037, 'Gerente', 1251381452);
INSERT INTO Funcionarios VALUES (000039, 'Cozinheiro', 1828701874);
INSERT INTO Funcionarios VALUES (000043, 'Staff', 1712360479);
INSERT INTO Funcionarios VALUES (000044, 'Gerente', 1430098040);
INSERT INTO Funcionarios VALUES (000050, 'Staff', 1531712524);
INSERT INTO Funcionarios VALUES (000051, 'Segurança', 1375729382);
INSERT INTO Funcionarios VALUES (000053, 'Cozinheiro', 1575670885);
INSERT INTO Funcionarios VALUES (000056, 'Cozinheiro', 1125133624);
INSERT INTO Funcionarios VALUES (000057, 'Técnico', 1146139938);
INSERT INTO Funcionarios VALUES (000061, 'Staff', 1663276376);
INSERT INTO Funcionarios VALUES (000068, 'Segurança', 1285147165);
INSERT INTO Funcionarios VALUES (000071, 'Staff', 1648739152);
INSERT INTO Funcionarios VALUES (000072, 'Técnico', 1814372771);
INSERT INTO Funcionarios VALUES (000076, 'Segurança', 1333641127);
INSERT INTO Funcionarios VALUES (000081, 'Gerente', 1361238690);
INSERT INTO Funcionarios VALUES (000084, 'Segurança', 1341301018);
INSERT INTO Funcionarios VALUES (000093, 'Segurança', 1093005154);
INSERT INTO Funcionarios VALUES (000106, 'Segurança', 1891325266);
INSERT INTO Funcionarios VALUES (000107, 'Gerente', 1912903195);
INSERT INTO Funcionarios VALUES (000110, 'Gerente', 1536119369);
INSERT INTO Funcionarios VALUES (000113, 'Segurança', 1404318083);
INSERT INTO Funcionarios VALUES (000116, 'Staff', 1828598969);
INSERT INTO Funcionarios VALUES (000117, 'Segurança', 1083877065);
INSERT INTO Funcionarios VALUES (000118, 'Cozinheiro', 1472523749);
INSERT INTO Funcionarios VALUES (000120, 'Gerente', 1381467077);
INSERT INTO Funcionarios VALUES (000124, 'Cozinheiro', 1131283607);
INSERT INTO Funcionarios VALUES (000132, 'Cozinheiro', 1335804546);
INSERT INTO Funcionarios VALUES (000134, 'Cozinheiro', 1322599314);
INSERT INTO Funcionarios VALUES (000135, 'Segurança', 1814750051);
INSERT INTO Funcionarios VALUES (000140, 'Segurança', 1049830395);
INSERT INTO Funcionarios VALUES (000142, 'Cozinheiro', 1446041669);
INSERT INTO Funcionarios VALUES (000144, 'Cozinheiro', 1108718782);
INSERT INTO Funcionarios VALUES (000148, 'Gerente', 1572693498);

INSERT INTO Bilhetes VALUES (000003, 1, 'Regular', 2013-07-08, 2013-07-09, NULL);
INSERT INTO Bilhetes VALUES (000004, 2, 'Regular', 2011-01-02, 2011-01-04, NULL);
INSERT INTO Bilhetes VALUES (000007, 3, 'Gold', 2012-09-10, 2012-09-15, NULL);
INSERT INTO Bilhetes VALUES (000009, 4, 'Gold', 2017-03-22, 2017-03-25, NULL);
INSERT INTO Bilhetes VALUES (000010, 5, 'Gold', 2013-11-23, 2013-11-26, NULL);
INSERT INTO Bilhetes VALUES (000011, 6, 'Premium', 2014-09-01, 2014-09-02, NULL);
INSERT INTO Bilhetes VALUES (000012, 7, 'Regular', 2017-03-02, 2017-03-04, NULL);
INSERT INTO Bilhetes VALUES (000014, 8, 'Premium', 2012-06-14, 2012-06-19, NULL);
INSERT INTO Bilhetes VALUES (000015, 9, 'Gold', 2017-01-23, 2017-01-26, NULL);
INSERT INTO Bilhetes VALUES (000016, 10, 'Gold', 2012-10-03, 2012-10-08, NULL);
INSERT INTO Bilhetes VALUES (000017, 11, 'Regular', 2012-09-12, 2012-09-15, NULL);
INSERT INTO Bilhetes VALUES (000020, 12, 'Premium', 2013-08-01, 2013-08-06, NULL);
INSERT INTO Bilhetes VALUES (000021, 13, 'Gold', 2017-07-03, 2017-07-06, NULL);
INSERT INTO Bilhetes VALUES (000022, 14, 'Premium', 2013-02-21, 2013-02-24, NULL);
INSERT INTO Bilhetes VALUES (000023, 15, 'Gold', 2012-03-03, 2012-03-07, NULL);
INSERT INTO Bilhetes VALUES (000024, 16, 'Regular', 2015-09-16, 2015-09-17, NULL);
INSERT INTO Bilhetes VALUES (000025, 17, 'Gold', 2016-09-02, 2016-09-06, NULL);
INSERT INTO Bilhetes VALUES (000026, 18, 'Gold', 2015-03-15, 2015-03-19, NULL);
INSERT INTO Bilhetes VALUES (000027, 19, 'Premium', 2011-06-08, 2011-06-10, NULL);
INSERT INTO Bilhetes VALUES (000028, 20, 'Regular', 2013-11-11, 2013-11-14, NULL);
INSERT INTO Bilhetes VALUES (000029, 21, 'Premium', 2015-04-21, 2015-04-23, NULL);
INSERT INTO Bilhetes VALUES (000030, 22, 'Premium', 2017-04-07, 2017-04-12, NULL);
INSERT INTO Bilhetes VALUES (000033, 23, 'Premium', 2012-07-14, 2012-07-19, NULL);
INSERT INTO Bilhetes VALUES (000034, 24, 'Regular', 2017-05-01, 2017-05-05, NULL);
INSERT INTO Bilhetes VALUES (000035, 25, 'Premium', 2016-10-13, 2016-10-18, NULL);
INSERT INTO Bilhetes VALUES (000038, 26, 'Premium', 2016-10-18, 2016-10-22, NULL);
INSERT INTO Bilhetes VALUES (000040, 27, 'Gold', 2012-07-22, 2012-07-25, NULL);
INSERT INTO Bilhetes VALUES (000041, 28, 'Gold', 2016-11-02, 2016-11-05, NULL);
INSERT INTO Bilhetes VALUES (000042, 29, 'Premium', 2013-01-10, 2013-01-12, NULL);
INSERT INTO Bilhetes VALUES (000045, 30, 'Premium', 2017-11-24, 2017-11-25, NULL);
INSERT INTO Bilhetes VALUES (000046, 31, 'Gold', 2011-04-03, 2011-04-06, NULL);
INSERT INTO Bilhetes VALUES (000047, 32, 'Gold', 2017-11-17, 2017-11-20, NULL);
INSERT INTO Bilhetes VALUES (000048, 33, 'Gold', 2017-07-16, 2017-07-18, NULL);
INSERT INTO Bilhetes VALUES (000049, 34, 'Gold', 2011-10-10, 2011-10-11, NULL);
INSERT INTO Bilhetes VALUES (000052, 35, 'Premium', 2014-07-06, 2014-07-08, NULL);
INSERT INTO Bilhetes VALUES (000054, 36, 'Regular', 2015-08-26, 2015-08-27, NULL);
INSERT INTO Bilhetes VALUES (000055, 37, 'Premium', 2014-01-15, 2014-01-16, NULL);
INSERT INTO Bilhetes VALUES (000058, 38, 'Regular', 2013-03-21, 2013-03-23, NULL);
INSERT INTO Bilhetes VALUES (000059, 39, 'Regular', 2015-08-11, 2015-08-16, NULL);
INSERT INTO Bilhetes VALUES (000060, 40, 'Premium', 2015-03-19, 2015-03-22, NULL);
INSERT INTO Bilhetes VALUES (000062, 41, 'Premium', 2016-01-01, 2016-01-03, NULL);
INSERT INTO Bilhetes VALUES (000063, 42, 'Gold', 2015-10-01, 2015-10-04, NULL);
INSERT INTO Bilhetes VALUES (000064, 43, 'Regular', 2013-11-14, 2013-11-17, NULL);
INSERT INTO Bilhetes VALUES (000065, 44, 'Regular', 2014-02-11, 2014-02-15, NULL);
INSERT INTO Bilhetes VALUES (000066, 45, 'Premium', 2011-11-12, 2011-11-17, NULL);
INSERT INTO Bilhetes VALUES (000067, 46, 'Premium', 2012-10-15, 2012-10-17, NULL);
INSERT INTO Bilhetes VALUES (000069, 47, 'Regular', 2012-02-17, 2012-02-20, NULL);
INSERT INTO Bilhetes VALUES (000070, 48, 'Gold', 2014-04-09, 2014-04-10, NULL);
INSERT INTO Bilhetes VALUES (000073, 49, 'Gold', 2011-11-10, 2011-11-11, NULL);
INSERT INTO Bilhetes VALUES (000074, 50, 'Gold', 2014-07-16, 2014-07-20, NULL);
INSERT INTO Bilhetes VALUES (000075, 51, 'Premium', 2015-11-09, 2015-11-14, NULL);
INSERT INTO Bilhetes VALUES (000077, 52, 'Premium', 2014-09-15, 2014-09-19, NULL);
INSERT INTO Bilhetes VALUES (000078, 53, 'Premium', 2010-09-04, 2010-09-08, NULL);
INSERT INTO Bilhetes VALUES (000079, 54, 'Premium', 2014-05-01, 2014-05-03, NULL);
INSERT INTO Bilhetes VALUES (000080, 55, 'Gold', 2014-09-09, 2014-09-10, NULL);
INSERT INTO Bilhetes VALUES (000082, 56, 'Premium', 2013-08-05, 2013-08-10, NULL);
INSERT INTO Bilhetes VALUES (000083, 57, 'Regular', 2015-03-01, 2015-03-03, NULL);
INSERT INTO Bilhetes VALUES (000085, 58, 'Regular', 2014-06-05, 2014-06-09, NULL);
INSERT INTO Bilhetes VALUES (000086, 59, 'Premium', 2016-02-02, 2016-02-05, NULL);
INSERT INTO Bilhetes VALUES (000087, 60, 'Premium', 2017-11-02, 2017-11-05, NULL);
INSERT INTO Bilhetes VALUES (000088, 61, 'Gold', 2016-11-05, 2016-11-07, NULL);
INSERT INTO Bilhetes VALUES (000089, 62, 'Gold', 2014-03-03, 2014-03-08, NULL);
INSERT INTO Bilhetes VALUES (000090, 63, 'Premium', 2016-04-14, 2016-04-15, NULL);
INSERT INTO Bilhetes VALUES (000091, 64, 'Premium', 2011-04-02, 2011-04-06, NULL);
INSERT INTO Bilhetes VALUES (000092, 65, 'Gold', 2014-05-03, 2014-05-07, NULL);
INSERT INTO Bilhetes VALUES (000094, 66, 'Gold', 2014-09-03, 2014-09-05, NULL);
INSERT INTO Bilhetes VALUES (000095, 67, 'Regular', 2014-11-15, 2014-11-19, NULL);
INSERT INTO Bilhetes VALUES (000096, 68, 'Regular', 2012-08-21, 2012-08-24, NULL);
INSERT INTO Bilhetes VALUES (000097, 69, 'Premium', 2015-11-13, 2015-11-16, NULL);
INSERT INTO Bilhetes VALUES (000098, 70, 'Gold', 2011-11-02, 2011-11-03, NULL);
INSERT INTO Bilhetes VALUES (000099, 71, 'Premium', 2014-06-17, 2014-06-20, NULL);
INSERT INTO Bilhetes VALUES (000100, 72, 'Premium', 2016-04-24, 2016-04-25, NULL);
INSERT INTO Bilhetes VALUES (000101, 73, 'Gold', 2016-01-04, 2016-01-07, NULL);
INSERT INTO Bilhetes VALUES (000102, 74, 'Gold', 2012-02-08, 2012-02-10, NULL);
INSERT INTO Bilhetes VALUES (000103, 75, 'Gold', 2015-11-23, 2015-11-27, NULL);
INSERT INTO Bilhetes VALUES (000104, 76, 'Gold', 2015-04-13, 2015-04-14, NULL);
INSERT INTO Bilhetes VALUES (000105, 77, 'Regular', 2015-04-20, 2015-04-22, NULL);
INSERT INTO Bilhetes VALUES (000108, 78, 'Regular', 2014-10-24, 2014-10-27, NULL);
INSERT INTO Bilhetes VALUES (000109, 79, 'Gold', 2015-01-09, 2015-01-13, NULL);
INSERT INTO Bilhetes VALUES (000111, 80, 'Regular', 2010-05-24, 2010-05-25, NULL);
INSERT INTO Bilhetes VALUES (000112, 81, 'Regular', 2016-02-07, 2016-02-11, NULL);
INSERT INTO Bilhetes VALUES (000114, 82, 'Gold', 2017-10-22, 2017-10-23, NULL);
INSERT INTO Bilhetes VALUES (000115, 83, 'Gold', 2015-11-10, 2015-11-12, NULL);
INSERT INTO Bilhetes VALUES (000119, 84, 'Regular', 2013-05-03, 2013-05-08, NULL);
INSERT INTO Bilhetes VALUES (000121, 85, 'Regular', 2012-09-07, 2012-09-08, NULL);
INSERT INTO Bilhetes VALUES (000122, 86, 'Gold', 2017-11-17, 2017-11-20, NULL);
INSERT INTO Bilhetes VALUES (000123, 87, 'Gold', 2015-01-15, 2015-01-19, NULL);
INSERT INTO Bilhetes VALUES (000125, 88, 'Regular', 2017-11-05, 2017-11-10, NULL);
INSERT INTO Bilhetes VALUES (000126, 89, 'Regular', 2014-03-25, 2014-03-27, NULL);
INSERT INTO Bilhetes VALUES (000127, 90, 'Premium', 2013-01-18, 2013-01-19, NULL);
INSERT INTO Bilhetes VALUES (000128, 91, 'Gold', 2011-06-21, 2011-06-22, NULL);
INSERT INTO Bilhetes VALUES (000129, 92, 'Regular', 2014-07-11, 2014-07-12, NULL);
INSERT INTO Bilhetes VALUES (000130, 93, 'Regular', 2017-08-14, 2017-08-17, NULL);
INSERT INTO Bilhetes VALUES (000131, 94, 'Regular', 2011-10-04, 2011-10-09, NULL);
INSERT INTO Bilhetes VALUES (000133, 95, 'Premium', 2015-06-06, 2015-06-08, NULL);
INSERT INTO Bilhetes VALUES (000136, 96, 'Premium', 2015-03-02, 2015-03-03, NULL);
INSERT INTO Bilhetes VALUES (000137, 97, 'Gold', 2014-07-01, 2014-07-02, NULL);
INSERT INTO Bilhetes VALUES (000138, 98, 'Premium', 2017-07-19, 2017-07-20, NULL);
INSERT INTO Bilhetes VALUES (000139, 99, 'Premium', 2014-10-02, 2014-10-07, NULL);
INSERT INTO Bilhetes VALUES (000141, 100, 'Gold', 2015-07-02, 2015-07-06, NULL);
INSERT INTO Bilhetes VALUES (000143, 101, 'Gold', 2017-11-12, 2017-11-14, NULL);
INSERT INTO Bilhetes VALUES (000145, 102, 'Regular', 2013-07-16, 2013-07-17, NULL);
INSERT INTO Bilhetes VALUES (000146, 103, 'Regular', 2013-10-12, 2013-10-15, NULL);
INSERT INTO Bilhetes VALUES (000147, 104, 'Gold', 2010-11-16, 2010-11-17, NULL);
INSERT INTO Bilhetes VALUES (000149, 105, 'Premium', 2014-06-18, 2014-06-19, NULL);
INSERT INTO Bilhetes VALUES (000150, 106, 'Gold', 2013-01-04, 2013-01-08, NULL);

INSERT INTO Visitas VALUES (000003, 03, 2013-07-08, 3);
INSERT INTO Visitas VALUES (000003, 06, 2013-07-09, 3);
INSERT INTO Visitas VALUES (000003, 05, 2013-07-09, 3);
INSERT INTO Visitas VALUES (000003, 08, 2013-07-08, 3);
INSERT INTO Visitas VALUES (000003, 15, 2013-07-08, NULL);
INSERT INTO Visitas VALUES (000003, 09, 2013-07-09, 0);
INSERT INTO Visitas VALUES (000003, 01, 2013-07-08, 0);
INSERT INTO Visitas VALUES (000003, 10, 2013-07-08, 3);
INSERT INTO Visitas VALUES (000004, 15, 2011-01-04, 4);
INSERT INTO Visitas VALUES (000007, 15, 2012-09-11, 2);
INSERT INTO Visitas VALUES (000007, 05, 2012-09-13, 4);
INSERT INTO Visitas VALUES (000009, 08, 2017-03-23, 3);
INSERT INTO Visitas VALUES (000009, 07, 2017-03-25, 0);
INSERT INTO Visitas VALUES (000009, 06, 2017-03-23, 3);
INSERT INTO Visitas VALUES (000009, 02, 2017-03-23, NULL);
INSERT INTO Visitas VALUES (000009, 04, 2017-03-23, 0);
INSERT INTO Visitas VALUES (000009, 03, 2017-03-22, 4);
INSERT INTO Visitas VALUES (000009, 01, 2017-03-22, 2);
INSERT INTO Visitas VALUES (000010, 05, 2013-11-24, 1);
INSERT INTO Visitas VALUES (000010, 08, 2013-11-25, 3);
INSERT INTO Visitas VALUES (000010, 12, 2013-11-23, 1);
INSERT INTO Visitas VALUES (000010, 15, 2013-11-24, 1);
INSERT INTO Visitas VALUES (000010, 06, 2013-11-23, 1);
INSERT INTO Visitas VALUES (000011, 15, 2014-09-01, 1);
INSERT INTO Visitas VALUES (000011, 07, 2014-09-02, 3);
INSERT INTO Visitas VALUES (000011, 04, 2014-09-01, NULL);
INSERT INTO Visitas VALUES (000012, 12, 2017-03-02, 2);
INSERT INTO Visitas VALUES (000012, 15, 2017-03-03, 4);
INSERT INTO Visitas VALUES (000012, 10, 2017-03-02, 1);
INSERT INTO Visitas VALUES (000012, 09, 2017-03-03, 5);
INSERT INTO Visitas VALUES (000012, 11, 2017-03-04, 5);
INSERT INTO Visitas VALUES (000014, 05, 2012-06-15, 3);
INSERT INTO Visitas VALUES (000014, 09, 2012-06-18, NULL);
INSERT INTO Visitas VALUES (000014, 10, 2012-06-15, 4);
INSERT INTO Visitas VALUES (000014, 13, 2012-06-16, 2);
INSERT INTO Visitas VALUES (000014, 14, 2012-06-16, NULL);
INSERT INTO Visitas VALUES (000015, 13, 2017-01-23, 2);
INSERT INTO Visitas VALUES (000015, 07, 2017-01-26, 0);
INSERT INTO Visitas VALUES (000015, 09, 2017-01-24, 3);
INSERT INTO Visitas VALUES (000015, 06, 2017-01-24, 4);
INSERT INTO Visitas VALUES (000016, 05, 2012-10-04, NULL);
INSERT INTO Visitas VALUES (000017, 13, 2012-09-14, 2);
INSERT INTO Visitas VALUES (000020, 04, 2013-08-02, NULL);
INSERT INTO Visitas VALUES (000020, 10, 2013-08-03, 3);
INSERT INTO Visitas VALUES (000020, 15, 2013-08-03, 4);
INSERT INTO Visitas VALUES (000020, 09, 2013-08-01, 5);
INSERT INTO Visitas VALUES (000020, 11, 2013-08-06, 4);
INSERT INTO Visitas VALUES (000021, 09, 2017-07-06, 3);
INSERT INTO Visitas VALUES (000021, 07, 2017-07-05, 4);
INSERT INTO Visitas VALUES (000021, 04, 2017-07-06, NULL);
INSERT INTO Visitas VALUES (000022, 04, 2013-02-23, NULL);
INSERT INTO Visitas VALUES (000022, 11, 2013-02-24, NULL);
INSERT INTO Visitas VALUES (000022, 09, 2013-02-23, NULL);
INSERT INTO Visitas VALUES (000022, 05, 2013-02-23, 3);
INSERT INTO Visitas VALUES (000022, 02, 2013-02-22, 4);
INSERT INTO Visitas VALUES (000022, 13, 2013-02-22, 5);
INSERT INTO Visitas VALUES (000022, 07, 2013-02-22, 1);
INSERT INTO Visitas VALUES (000022, 10, 2013-02-22, 0);
INSERT INTO Visitas VALUES (000023, 15, 2012-03-05, 5);
INSERT INTO Visitas VALUES (000023, 03, 2012-03-05, 1);
INSERT INTO Visitas VALUES (000023, 12, 2012-03-07, 0);
INSERT INTO Visitas VALUES (000023, 09, 2012-03-03, NULL);
INSERT INTO Visitas VALUES (000024, 06, 2015-09-16, 2);
INSERT INTO Visitas VALUES (000025, 07, 2016-09-04, NULL);
INSERT INTO Visitas VALUES (000025, 09, 2016-09-05, 3);
INSERT INTO Visitas VALUES (000025, 04, 2016-09-02, NULL);
INSERT INTO Visitas VALUES (000026, 10, 2015-03-17, 2);
INSERT INTO Visitas VALUES (000027, 03, 2011-06-08, NULL);
INSERT INTO Visitas VALUES (000027, 13, 2011-06-08, 2);
INSERT INTO Visitas VALUES (000027, 15, 2011-06-08, NULL);
INSERT INTO Visitas VALUES (000027, 06, 2011-06-08, 2);
INSERT INTO Visitas VALUES (000027, 09, 2011-06-10, NULL);
INSERT INTO Visitas VALUES (000028, 11, 2013-11-14, 5);
INSERT INTO Visitas VALUES (000028, 04, 2013-11-14, 0);
INSERT INTO Visitas VALUES (000028, 03, 2013-11-13, NULL);
INSERT INTO Visitas VALUES (000029, 15, 2015-04-23, 3);
INSERT INTO Visitas VALUES (000029, 12, 2015-04-22, 2);
INSERT INTO Visitas VALUES (000029, 07, 2015-04-23, NULL);
INSERT INTO Visitas VALUES (000029, 04, 2015-04-22, 4);
INSERT INTO Visitas VALUES (000029, 14, 2015-04-22, 5);
INSERT INTO Visitas VALUES (000030, 09, 2017-04-09, 4);
INSERT INTO Visitas VALUES (000030, 04, 2017-04-07, NULL);
INSERT INTO Visitas VALUES (000030, 12, 2017-04-07, 0);
INSERT INTO Visitas VALUES (000030, 05, 2017-04-10, NULL);
INSERT INTO Visitas VALUES (000030, 06, 2017-04-12, 1);
INSERT INTO Visitas VALUES (000033, 07, 2012-07-14, NULL);
INSERT INTO Visitas VALUES (000033, 12, 2012-07-17, 4);
INSERT INTO Visitas VALUES (000033, 15, 2012-07-17, 2);
INSERT INTO Visitas VALUES (000033, 08, 2012-07-19, 4);
INSERT INTO Visitas VALUES (000033, 10, 2012-07-14, 5);
INSERT INTO Visitas VALUES (000033, 05, 2012-07-14, 1);
INSERT INTO Visitas VALUES (000034, 10, 2017-05-02, 1);
INSERT INTO Visitas VALUES (000034, 03, 2017-05-01, NULL);
INSERT INTO Visitas VALUES (000034, 04, 2017-05-01, 1);
INSERT INTO Visitas VALUES (000034, 09, 2017-05-03, 0);
INSERT INTO Visitas VALUES (000035, 02, 2016-10-16, 4);
INSERT INTO Visitas VALUES (000035, 01, 2016-10-17, 0);
INSERT INTO Visitas VALUES (000035, 15, 2016-10-17, NULL);
INSERT INTO Visitas VALUES (000038, 13, 2016-10-21, 0);
INSERT INTO Visitas VALUES (000038, 04, 2016-10-19, 4);
INSERT INTO Visitas VALUES (000038, 12, 2016-10-18, NULL);
INSERT INTO Visitas VALUES (000038, 14, 2016-10-20, 3);
INSERT INTO Visitas VALUES (000038, 01, 2016-10-22, 4);
INSERT INTO Visitas VALUES (000040, 11, 2012-07-22, 2);
INSERT INTO Visitas VALUES (000040, 14, 2012-07-25, 4);
INSERT INTO Visitas VALUES (000040, 06, 2012-07-23, 0);
INSERT INTO Visitas VALUES (000041, 08, 2016-11-02, NULL);
INSERT INTO Visitas VALUES (000041, 12, 2016-11-02, 4);
INSERT INTO Visitas VALUES (000041, 10, 2016-11-05, 2);
INSERT INTO Visitas VALUES (000041, 02, 2016-11-04, 2);
INSERT INTO Visitas VALUES (000041, 09, 2016-11-02, NULL);
INSERT INTO Visitas VALUES (000041, 05, 2016-11-02, 2);
INSERT INTO Visitas VALUES (000041, 13, 2016-11-04, 5);
INSERT INTO Visitas VALUES (000041, 14, 2016-11-04, 3);
INSERT INTO Visitas VALUES (000042, 14, 2013-01-12, 3);
INSERT INTO Visitas VALUES (000042, 07, 2013-01-12, 0);
INSERT INTO Visitas VALUES (000042, 03, 2013-01-11, 4);
INSERT INTO Visitas VALUES (000042, 08, 2013-01-11, 3);
INSERT INTO Visitas VALUES (000042, 12, 2013-01-12, 2);
INSERT INTO Visitas VALUES (000042, 05, 2013-01-10, 5);
INSERT INTO Visitas VALUES (000042, 15, 2013-01-10, 3);
INSERT INTO Visitas VALUES (000042, 11, 2013-01-10, 5);
INSERT INTO Visitas VALUES (000045, 11, 2017-11-24, 5);
INSERT INTO Visitas VALUES (000045, 03, 2017-11-25, 5);
INSERT INTO Visitas VALUES (000045, 09, 2017-11-24, NULL);
INSERT INTO Visitas VALUES (000045, 15, 2017-11-25, NULL);
INSERT INTO Visitas VALUES (000045, 07, 2017-11-25, 0);
INSERT INTO Visitas VALUES (000045, 08, 2017-11-25, 2);
INSERT INTO Visitas VALUES (000045, 06, 2017-11-24, NULL);
INSERT INTO Visitas VALUES (000046, 06, 2011-04-05, NULL);
INSERT INTO Visitas VALUES (000047, 02, 2017-11-20, 0);
INSERT INTO Visitas VALUES (000047, 14, 2017-11-17, 4);
INSERT INTO Visitas VALUES (000047, 11, 2017-11-17, NULL);
INSERT INTO Visitas VALUES (000047, 07, 2017-11-19, 5);
INSERT INTO Visitas VALUES (000047, 12, 2017-11-20, NULL);
INSERT INTO Visitas VALUES (000048, 04, 2017-07-16, 4);
INSERT INTO Visitas VALUES (000048, 08, 2017-07-17, 0);
INSERT INTO Visitas VALUES (000048, 02, 2017-07-18, 0);
INSERT INTO Visitas VALUES (000048, 07, 2017-07-16, 2);
INSERT INTO Visitas VALUES (000048, 05, 2017-07-18, NULL);
INSERT INTO Visitas VALUES (000048, 11, 2017-07-17, 2);
INSERT INTO Visitas VALUES (000048, 09, 2017-07-16, 1);
INSERT INTO Visitas VALUES (000048, 06, 2017-07-18, NULL);
INSERT INTO Visitas VALUES (000049, 13, 2011-10-11, 0);
INSERT INTO Visitas VALUES (000049, 14, 2011-10-11, 1);
INSERT INTO Visitas VALUES (000049, 07, 2011-10-10, 0);
INSERT INTO Visitas VALUES (000049, 11, 2011-10-11, 3);
INSERT INTO Visitas VALUES (000052, 13, 2014-07-08, 5);
INSERT INTO Visitas VALUES (000052, 04, 2014-07-06, NULL);
INSERT INTO Visitas VALUES (000052, 11, 2014-07-08, NULL);
INSERT INTO Visitas VALUES (000052, 02, 2014-07-08, 3);
INSERT INTO Visitas VALUES (000052, 05, 2014-07-08, 0);
INSERT INTO Visitas VALUES (000052, 14, 2014-07-06, NULL);
INSERT INTO Visitas VALUES (000052, 08, 2014-07-08, NULL);
INSERT INTO Visitas VALUES (000054, 03, 2015-08-27, 1);
INSERT INTO Visitas VALUES (000054, 11, 2015-08-27, 5);
INSERT INTO Visitas VALUES (000054, 07, 2015-08-26, NULL);
INSERT INTO Visitas VALUES (000054, 08, 2015-08-26, 5);
INSERT INTO Visitas VALUES (000054, 15, 2015-08-26, 3);
INSERT INTO Visitas VALUES (000055, 06, 2014-01-16, 5);
INSERT INTO Visitas VALUES (000058, 05, 2013-03-22, 2);
INSERT INTO Visitas VALUES (000058, 10, 2013-03-21, 2);
INSERT INTO Visitas VALUES (000058, 06, 2013-03-21, 2);
INSERT INTO Visitas VALUES (000058, 03, 2013-03-23, 2);
INSERT INTO Visitas VALUES (000059, 06, 2015-08-13, 0);
INSERT INTO Visitas VALUES (000059, 02, 2015-08-12, 2);
INSERT INTO Visitas VALUES (000059, 09, 2015-08-12, 5);
INSERT INTO Visitas VALUES (000059, 04, 2015-08-12, 5);
INSERT INTO Visitas VALUES (000059, 07, 2015-08-15, 5);
INSERT INTO Visitas VALUES (000059, 05, 2015-08-14, 2);
INSERT INTO Visitas VALUES (000060, 05, 2015-03-22, 5);
INSERT INTO Visitas VALUES (000062, 15, 2016-01-01, 3);
INSERT INTO Visitas VALUES (000063, 12, 2015-10-01, 2);
INSERT INTO Visitas VALUES (000063, 13, 2015-10-03, 1);
INSERT INTO Visitas VALUES (000063, 11, 2015-10-03, 1);
INSERT INTO Visitas VALUES (000064, 09, 2013-11-16, 0);
INSERT INTO Visitas VALUES (000064, 04, 2013-11-17, 5);
INSERT INTO Visitas VALUES (000064, 12, 2013-11-14, 0);
INSERT INTO Visitas VALUES (000065, 01, 2014-02-15, NULL);
INSERT INTO Visitas VALUES (000065, 07, 2014-02-14, 5);
INSERT INTO Visitas VALUES (000065, 14, 2014-02-15, 3);
INSERT INTO Visitas VALUES (000066, 01, 2011-11-15, 0);
INSERT INTO Visitas VALUES (000066, 13, 2011-11-17, 3);
INSERT INTO Visitas VALUES (000066, 14, 2011-11-15, NULL);
INSERT INTO Visitas VALUES (000066, 12, 2011-11-16, 0);
INSERT INTO Visitas VALUES (000066, 09, 2011-11-16, 5);
INSERT INTO Visitas VALUES (000066, 15, 2011-11-13, 4);
INSERT INTO Visitas VALUES (000066, 08, 2011-11-14, 3);
INSERT INTO Visitas VALUES (000067, 12, 2012-10-17, NULL);
INSERT INTO Visitas VALUES (000067, 09, 2012-10-15, NULL);
INSERT INTO Visitas VALUES (000067, 05, 2012-10-17, 3);
INSERT INTO Visitas VALUES (000067, 07, 2012-10-16, 4);
INSERT INTO Visitas VALUES (000069, 04, 2012-02-19, 5);
INSERT INTO Visitas VALUES (000069, 02, 2012-02-17, 2);
INSERT INTO Visitas VALUES (000069, 05, 2012-02-19, 1);
INSERT INTO Visitas VALUES (000069, 12, 2012-02-19, 5);
INSERT INTO Visitas VALUES (000069, 07, 2012-02-17, NULL);
INSERT INTO Visitas VALUES (000070, 05, 2014-04-10, 2);
INSERT INTO Visitas VALUES (000070, 11, 2014-04-10, 4);
INSERT INTO Visitas VALUES (000070, 09, 2014-04-09, NULL);
INSERT INTO Visitas VALUES (000073, 13, 2011-11-11, 1);
INSERT INTO Visitas VALUES (000073, 14, 2011-11-10, 1);
INSERT INTO Visitas VALUES (000074, 07, 2014-07-16, 1);
INSERT INTO Visitas VALUES (000074, 04, 2014-07-19, 4);
INSERT INTO Visitas VALUES (000074, 10, 2014-07-17, 3);
INSERT INTO Visitas VALUES (000074, 05, 2014-07-20, NULL);
INSERT INTO Visitas VALUES (000074, 09, 2014-07-17, 3);
INSERT INTO Visitas VALUES (000074, 14, 2014-07-19, NULL);
INSERT INTO Visitas VALUES (000075, 15, 2015-11-09, 1);
INSERT INTO Visitas VALUES (000077, 01, 2014-09-16, 4);
INSERT INTO Visitas VALUES (000077, 13, 2014-09-18, NULL);
INSERT INTO Visitas VALUES (000077, 06, 2014-09-19, 4);
INSERT INTO Visitas VALUES (000077, 04, 2014-09-19, 4);
INSERT INTO Visitas VALUES (000077, 15, 2014-09-19, 2);
INSERT INTO Visitas VALUES (000077, 03, 2014-09-19, 2);
INSERT INTO Visitas VALUES (000078, 05, 2010-09-07, 5);
INSERT INTO Visitas VALUES (000078, 04, 2010-09-05, 0);
INSERT INTO Visitas VALUES (000078, 07, 2010-09-08, 3);
INSERT INTO Visitas VALUES (000078, 09, 2010-09-05, 0);
INSERT INTO Visitas VALUES (000078, 12, 2010-09-05, NULL);
INSERT INTO Visitas VALUES (000078, 06, 2010-09-07, NULL);
INSERT INTO Visitas VALUES (000078, 11, 2010-09-04, 0);
INSERT INTO Visitas VALUES (000079, 12, 2014-05-01, 0);
INSERT INTO Visitas VALUES (000079, 01, 2014-05-02, 3);
INSERT INTO Visitas VALUES (000079, 11, 2014-05-03, 1);
INSERT INTO Visitas VALUES (000079, 04, 2014-05-03, 3);
INSERT INTO Visitas VALUES (000079, 08, 2014-05-01, NULL);
INSERT INTO Visitas VALUES (000079, 07, 2014-05-02, 5);
INSERT INTO Visitas VALUES (000079, 02, 2014-05-02, 0);
INSERT INTO Visitas VALUES (000080, 04, 2014-09-09, 2);
INSERT INTO Visitas VALUES (000080, 07, 2014-09-09, 5);
INSERT INTO Visitas VALUES (000082, 13, 2013-08-05, 4);
INSERT INTO Visitas VALUES (000082, 04, 2013-08-05, NULL);
INSERT INTO Visitas VALUES (000082, 12, 2013-08-10, 3);
INSERT INTO Visitas VALUES (000082, 15, 2013-08-10, 1);
INSERT INTO Visitas VALUES (000082, 02, 2013-08-08, 2);
INSERT INTO Visitas VALUES (000082, 11, 2013-08-08, 0);
INSERT INTO Visitas VALUES (000082, 14, 2013-08-08, 2);
INSERT INTO Visitas VALUES (000083, 03, 2015-03-02, 4);
INSERT INTO Visitas VALUES (000083, 07, 2015-03-02, NULL);
INSERT INTO Visitas VALUES (000083, 15, 2015-03-03, 0);
INSERT INTO Visitas VALUES (000085, 12, 2014-06-05, 4);
INSERT INTO Visitas VALUES (000085, 13, 2014-06-09, 3);
INSERT INTO Visitas VALUES (000086, 10, 2016-02-05, 1);
INSERT INTO Visitas VALUES (000086, 02, 2016-02-05, 4);
INSERT INTO Visitas VALUES (000086, 13, 2016-02-02, 2);
INSERT INTO Visitas VALUES (000086, 09, 2016-02-04, 4);
INSERT INTO Visitas VALUES (000087, 07, 2017-11-04, NULL);
INSERT INTO Visitas VALUES (000087, 03, 2017-11-05, 3);
INSERT INTO Visitas VALUES (000087, 12, 2017-11-05, NULL);
INSERT INTO Visitas VALUES (000087, 08, 2017-11-05, 4);
INSERT INTO Visitas VALUES (000087, 06, 2017-11-04, 2);
INSERT INTO Visitas VALUES (000087, 04, 2017-11-03, 2);
INSERT INTO Visitas VALUES (000088, 06, 2016-11-05, NULL);
INSERT INTO Visitas VALUES (000089, 13, 2014-03-04, 3);
INSERT INTO Visitas VALUES (000089, 04, 2014-03-05, NULL);
INSERT INTO Visitas VALUES (000089, 05, 2014-03-07, 4);
INSERT INTO Visitas VALUES (000089, 03, 2014-03-05, 3);
INSERT INTO Visitas VALUES (000089, 12, 2014-03-05, 5);
INSERT INTO Visitas VALUES (000089, 14, 2014-03-07, 4);
INSERT INTO Visitas VALUES (000089, 11, 2014-03-08, 2);
INSERT INTO Visitas VALUES (000090, 12, 2016-04-15, 2);
INSERT INTO Visitas VALUES (000090, 04, 2016-04-15, 4);
INSERT INTO Visitas VALUES (000090, 01, 2016-04-15, 3);
INSERT INTO Visitas VALUES (000090, 15, 2016-04-14, NULL);
INSERT INTO Visitas VALUES (000091, 13, 2011-04-05, 1);
INSERT INTO Visitas VALUES (000091, 09, 2011-04-04, NULL);
INSERT INTO Visitas VALUES (000091, 05, 2011-04-06, 0);
INSERT INTO Visitas VALUES (000091, 03, 2011-04-04, 4);
INSERT INTO Visitas VALUES (000091, 14, 2011-04-02, NULL);
INSERT INTO Visitas VALUES (000091, 01, 2011-04-06, 0);
INSERT INTO Visitas VALUES (000091, 12, 2011-04-06, NULL);
INSERT INTO Visitas VALUES (000091, 10, 2011-04-04, NULL);
INSERT INTO Visitas VALUES (000092, 05, 2014-05-03, NULL);
INSERT INTO Visitas VALUES (000092, 12, 2014-05-07, 2);
INSERT INTO Visitas VALUES (000092, 07, 2014-05-06, NULL);
INSERT INTO Visitas VALUES (000092, 13, 2014-05-06, 3);
INSERT INTO Visitas VALUES (000092, 03, 2014-05-07, NULL);
INSERT INTO Visitas VALUES (000092, 06, 2014-05-03, 1);
INSERT INTO Visitas VALUES (000092, 04, 2014-05-05, 4);
INSERT INTO Visitas VALUES (000094, 13, 2014-09-04, 0);
INSERT INTO Visitas VALUES (000094, 02, 2014-09-04, 1);
INSERT INTO Visitas VALUES (000094, 03, 2014-09-04, 5);
INSERT INTO Visitas VALUES (000094, 15, 2014-09-05, NULL);
INSERT INTO Visitas VALUES (000094, 01, 2014-09-05, 5);
INSERT INTO Visitas VALUES (000094, 11, 2014-09-04, 1);
INSERT INTO Visitas VALUES (000095, 02, 2014-11-17, NULL);
INSERT INTO Visitas VALUES (000095, 05, 2014-11-16, 2);
INSERT INTO Visitas VALUES (000095, 13, 2014-11-16, 0);
INSERT INTO Visitas VALUES (000095, 07, 2014-11-18, NULL);
INSERT INTO Visitas VALUES (000095, 15, 2014-11-19, 2);
INSERT INTO Visitas VALUES (000095, 09, 2014-11-16, 4);
INSERT INTO Visitas VALUES (000096, 02, 2012-08-23, 5);
INSERT INTO Visitas VALUES (000096, 12, 2012-08-22, 5);
INSERT INTO Visitas VALUES (000096, 04, 2012-08-23, 1);
INSERT INTO Visitas VALUES (000096, 05, 2012-08-24, NULL);
INSERT INTO Visitas VALUES (000096, 06, 2012-08-23, 3);
INSERT INTO Visitas VALUES (000097, 05, 2015-11-14, 2);
INSERT INTO Visitas VALUES (000097, 07, 2015-11-13, NULL);
INSERT INTO Visitas VALUES (000098, 14, 2011-11-03, 1);
INSERT INTO Visitas VALUES (000098, 13, 2011-11-02, 3);
INSERT INTO Visitas VALUES (000099, 03, 2014-06-20, NULL);
INSERT INTO Visitas VALUES (000100, 06, 2016-04-24, 4);
INSERT INTO Visitas VALUES (000100, 04, 2016-04-24, 2);
INSERT INTO Visitas VALUES (000100, 11, 2016-04-25, 5);
INSERT INTO Visitas VALUES (000100, 12, 2016-04-24, 2);
INSERT INTO Visitas VALUES (000100, 03, 2016-04-24, NULL);
INSERT INTO Visitas VALUES (000100, 07, 2016-04-24, NULL);
INSERT INTO Visitas VALUES (000100, 14, 2016-04-24, 5);
INSERT INTO Visitas VALUES (000100, 02, 2016-04-24, 3);
INSERT INTO Visitas VALUES (000101, 07, 2016-01-07, 3);
INSERT INTO Visitas VALUES (000101, 14, 2016-01-04, 4);
INSERT INTO Visitas VALUES (000101, 03, 2016-01-06, 1);
INSERT INTO Visitas VALUES (000101, 08, 2016-01-07, 3);
INSERT INTO Visitas VALUES (000101, 04, 2016-01-07, 4);
INSERT INTO Visitas VALUES (000102, 06, 2012-02-09, 2);
INSERT INTO Visitas VALUES (000102, 03, 2012-02-08, 2);
INSERT INTO Visitas VALUES (000102, 10, 2012-02-08, 4);
INSERT INTO Visitas VALUES (000102, 15, 2012-02-08, 2);
INSERT INTO Visitas VALUES (000102, 11, 2012-02-08, 5);
INSERT INTO Visitas VALUES (000103, 11, 2015-11-23, 3);
INSERT INTO Visitas VALUES (000103, 01, 2015-11-23, 1);
INSERT INTO Visitas VALUES (000103, 05, 2015-11-23, 0);
INSERT INTO Visitas VALUES (000103, 03, 2015-11-23, 3);
INSERT INTO Visitas VALUES (000103, 06, 2015-11-24, 1);
INSERT INTO Visitas VALUES (000103, 04, 2015-11-25, NULL);
INSERT INTO Visitas VALUES (000103, 08, 2015-11-24, NULL);
INSERT INTO Visitas VALUES (000104, 13, 2015-04-13, 1);
INSERT INTO Visitas VALUES (000104, 15, 2015-04-14, 4);
INSERT INTO Visitas VALUES (000104, 01, 2015-04-13, 4);
INSERT INTO Visitas VALUES (000104, 11, 2015-04-14, 5);
INSERT INTO Visitas VALUES (000105, 02, 2015-04-20, 2);
INSERT INTO Visitas VALUES (000108, 03, 2014-10-24, NULL);
INSERT INTO Visitas VALUES (000108, 15, 2014-10-24, 3);
INSERT INTO Visitas VALUES (000108, 12, 2014-10-25, 5);
INSERT INTO Visitas VALUES (000108, 09, 2014-10-26, 1);
INSERT INTO Visitas VALUES (000108, 06, 2014-10-24, NULL);
INSERT INTO Visitas VALUES (000109, 04, 2015-01-12, 1);
INSERT INTO Visitas VALUES (000109, 11, 2015-01-10, 3);
INSERT INTO Visitas VALUES (000109, 07, 2015-01-12, 4);
INSERT INTO Visitas VALUES (000109, 02, 2015-01-12, 3);
INSERT INTO Visitas VALUES (000109, 06, 2015-01-11, 3);
INSERT INTO Visitas VALUES (000109, 12, 2015-01-12, NULL);
INSERT INTO Visitas VALUES (000109, 08, 2015-01-13, 0);
INSERT INTO Visitas VALUES (000109, 05, 2015-01-11, 0);
INSERT INTO Visitas VALUES (000111, 06, 2010-05-24, 5);
INSERT INTO Visitas VALUES (000111, 13, 2010-05-24, 2);
INSERT INTO Visitas VALUES (000111, 01, 2010-05-25, NULL);
INSERT INTO Visitas VALUES (000111, 07, 2010-05-24, 2);
INSERT INTO Visitas VALUES (000111, 02, 2010-05-24, 1);
INSERT INTO Visitas VALUES (000111, 04, 2010-05-25, 1);
INSERT INTO Visitas VALUES (000112, 06, 2016-02-10, 5);
INSERT INTO Visitas VALUES (000112, 08, 2016-02-09, 3);
INSERT INTO Visitas VALUES (000112, 15, 2016-02-09, 2);
INSERT INTO Visitas VALUES (000112, 04, 2016-02-07, 4);
INSERT INTO Visitas VALUES (000112, 10, 2016-02-11, 2);
INSERT INTO Visitas VALUES (000112, 03, 2016-02-08, 2);
INSERT INTO Visitas VALUES (000112, 11, 2016-02-11, NULL);
INSERT INTO Visitas VALUES (000114, 09, 2017-10-22, 3);
INSERT INTO Visitas VALUES (000114, 08, 2017-10-23, NULL);
INSERT INTO Visitas VALUES (000114, 03, 2017-10-23, NULL);
INSERT INTO Visitas VALUES (000114, 11, 2017-10-22, 3);
INSERT INTO Visitas VALUES (000114, 01, 2017-10-22, NULL);
INSERT INTO Visitas VALUES (000115, 13, 2015-11-12, 5);
INSERT INTO Visitas VALUES (000115, 05, 2015-11-10, 5);
INSERT INTO Visitas VALUES (000115, 15, 2015-11-12, 4);
INSERT INTO Visitas VALUES (000115, 03, 2015-11-11, NULL);
INSERT INTO Visitas VALUES (000115, 12, 2015-11-10, 0);
INSERT INTO Visitas VALUES (000115, 07, 2015-11-12, NULL);
INSERT INTO Visitas VALUES (000115, 01, 2015-11-11, 2);
INSERT INTO Visitas VALUES (000115, 06, 2015-11-12, NULL);
INSERT INTO Visitas VALUES (000119, 06, 2013-05-04, NULL);
INSERT INTO Visitas VALUES (000119, 03, 2013-05-05, 5);
INSERT INTO Visitas VALUES (000119, 12, 2013-05-08, 5);
INSERT INTO Visitas VALUES (000119, 15, 2013-05-07, 2);
INSERT INTO Visitas VALUES (000119, 02, 2013-05-07, 2);
INSERT INTO Visitas VALUES (000119, 08, 2013-05-04, 4);
INSERT INTO Visitas VALUES (000119, 14, 2013-05-05, 0);
INSERT INTO Visitas VALUES (000119, 09, 2013-05-07, 2);
INSERT INTO Visitas VALUES (000121, 04, 2012-09-07, 0);
INSERT INTO Visitas VALUES (000121, 08, 2012-09-08, NULL);
INSERT INTO Visitas VALUES (000121, 05, 2012-09-07, NULL);
INSERT INTO Visitas VALUES (000121, 01, 2012-09-08, 4);
INSERT INTO Visitas VALUES (000121, 14, 2012-09-08, 2);
INSERT INTO Visitas VALUES (000121, 02, 2012-09-08, 4);
INSERT INTO Visitas VALUES (000121, 09, 2012-09-07, 1);
INSERT INTO Visitas VALUES (000122, 14, 2017-11-18, 3);
INSERT INTO Visitas VALUES (000122, 11, 2017-11-19, NULL);
INSERT INTO Visitas VALUES (000122, 10, 2017-11-19, 4);
INSERT INTO Visitas VALUES (000122, 07, 2017-11-17, 5);
INSERT INTO Visitas VALUES (000122, 15, 2017-11-19, 0);
INSERT INTO Visitas VALUES (000122, 05, 2017-11-17, 0);
INSERT INTO Visitas VALUES (000123, 01, 2015-01-19, 0);
INSERT INTO Visitas VALUES (000123, 07, 2015-01-19, NULL);
INSERT INTO Visitas VALUES (000123, 02, 2015-01-18, 1);
INSERT INTO Visitas VALUES (000123, 11, 2015-01-16, 2);
INSERT INTO Visitas VALUES (000125, 04, 2017-11-08, 2);
INSERT INTO Visitas VALUES (000125, 09, 2017-11-07, 4);
INSERT INTO Visitas VALUES (000125, 02, 2017-11-10, NULL);
INSERT INTO Visitas VALUES (000125, 06, 2017-11-07, NULL);
INSERT INTO Visitas VALUES (000125, 08, 2017-11-07, NULL);
INSERT INTO Visitas VALUES (000125, 13, 2017-11-05, 3);
INSERT INTO Visitas VALUES (000125, 03, 2017-11-08, 1);
INSERT INTO Visitas VALUES (000125, 15, 2017-11-08, NULL);
INSERT INTO Visitas VALUES (000126, 05, 2014-03-25, 0);
INSERT INTO Visitas VALUES (000126, 03, 2014-03-27, 3);
INSERT INTO Visitas VALUES (000126, 04, 2014-03-26, 2);
INSERT INTO Visitas VALUES (000127, 13, 2013-01-18, 4);
INSERT INTO Visitas VALUES (000127, 02, 2013-01-19, NULL);
INSERT INTO Visitas VALUES (000127, 10, 2013-01-19, 2);
INSERT INTO Visitas VALUES (000127, 08, 2013-01-19, NULL);
INSERT INTO Visitas VALUES (000127, 01, 2013-01-18, 1);
INSERT INTO Visitas VALUES (000127, 09, 2013-01-18, 3);
INSERT INTO Visitas VALUES (000128, 11, 2011-06-22, NULL);
INSERT INTO Visitas VALUES (000128, 05, 2011-06-22, 3);
INSERT INTO Visitas VALUES (000128, 07, 2011-06-22, 2);
INSERT INTO Visitas VALUES (000128, 13, 2011-06-21, 3);
INSERT INTO Visitas VALUES (000128, 04, 2011-06-21, 5);
INSERT INTO Visitas VALUES (000129, 07, 2014-07-11, 3);
INSERT INTO Visitas VALUES (000129, 12, 2014-07-12, 3);
INSERT INTO Visitas VALUES (000130, 03, 2017-08-14, 0);
INSERT INTO Visitas VALUES (000130, 06, 2017-08-14, NULL);
INSERT INTO Visitas VALUES (000130, 10, 2017-08-17, NULL);
INSERT INTO Visitas VALUES (000130, 01, 2017-08-17, NULL);
INSERT INTO Visitas VALUES (000130, 08, 2017-08-16, 5);
INSERT INTO Visitas VALUES (000131, 13, 2011-10-04, 0);
INSERT INTO Visitas VALUES (000131, 07, 2011-10-06, 1);
INSERT INTO Visitas VALUES (000131, 06, 2011-10-07, 0);
INSERT INTO Visitas VALUES (000131, 02, 2011-10-07, 5);
INSERT INTO Visitas VALUES (000131, 15, 2011-10-09, 5);
INSERT INTO Visitas VALUES (000133, 09, 2015-06-07, 1);
INSERT INTO Visitas VALUES (000133, 02, 2015-06-07, 2);
INSERT INTO Visitas VALUES (000133, 04, 2015-06-07, 2);
INSERT INTO Visitas VALUES (000133, 08, 2015-06-07, 1);
INSERT INTO Visitas VALUES (000133, 12, 2015-06-08, NULL);
INSERT INTO Visitas VALUES (000133, 03, 2015-06-07, 4);
INSERT INTO Visitas VALUES (000133, 10, 2015-06-06, NULL);
INSERT INTO Visitas VALUES (000133, 13, 2015-06-06, NULL);
INSERT INTO Visitas VALUES (000136, 03, 2015-03-02, NULL);
INSERT INTO Visitas VALUES (000136, 14, 2015-03-02, 3);
INSERT INTO Visitas VALUES (000136, 12, 2015-03-02, NULL);
INSERT INTO Visitas VALUES (000136, 06, 2015-03-03, 2);
INSERT INTO Visitas VALUES (000136, 09, 2015-03-02, 2);
INSERT INTO Visitas VALUES (000136, 07, 2015-03-03, 1);
INSERT INTO Visitas VALUES (000136, 04, 2015-03-03, 2);
INSERT INTO Visitas VALUES (000136, 11, 2015-03-03, NULL);
INSERT INTO Visitas VALUES (000137, 15, 2014-07-01, 1);
INSERT INTO Visitas VALUES (000138, 12, 2017-07-19, NULL);
INSERT INTO Visitas VALUES (000138, 09, 2017-07-20, 2);
INSERT INTO Visitas VALUES (000138, 07, 2017-07-20, 3);
INSERT INTO Visitas VALUES (000138, 15, 2017-07-19, NULL);
INSERT INTO Visitas VALUES (000138, 05, 2017-07-20, 0);
INSERT INTO Visitas VALUES (000138, 14, 2017-07-19, NULL);
INSERT INTO Visitas VALUES (000138, 10, 2017-07-19, 5);
INSERT INTO Visitas VALUES (000138, 11, 2017-07-19, NULL);
INSERT INTO Visitas VALUES (000139, 13, 2014-10-04, 2);
INSERT INTO Visitas VALUES (000139, 14, 2014-10-07, NULL);
INSERT INTO Visitas VALUES (000139, 11, 2014-10-06, 2);
INSERT INTO Visitas VALUES (000139, 09, 2014-10-02, 2);
INSERT INTO Visitas VALUES (000139, 01, 2014-10-07, 5);
INSERT INTO Visitas VALUES (000139, 04, 2014-10-07, 2);
INSERT INTO Visitas VALUES (000139, 12, 2014-10-07, NULL);
INSERT INTO Visitas VALUES (000139, 08, 2014-10-04, 4);
INSERT INTO Visitas VALUES (000141, 01, 2015-07-03, 4);
INSERT INTO Visitas VALUES (000141, 02, 2015-07-04, 0);
INSERT INTO Visitas VALUES (000141, 11, 2015-07-05, 2);
INSERT INTO Visitas VALUES (000141, 12, 2015-07-04, 2);
INSERT INTO Visitas VALUES (000141, 07, 2015-07-02, 5);
INSERT INTO Visitas VALUES (000141, 10, 2015-07-04, 3);
INSERT INTO Visitas VALUES (000143, 01, 2017-11-14, 1);
INSERT INTO Visitas VALUES (000143, 02, 2017-11-14, 3);
INSERT INTO Visitas VALUES (000145, 01, 2013-07-16, 0);
INSERT INTO Visitas VALUES (000145, 06, 2013-07-16, NULL);
INSERT INTO Visitas VALUES (000145, 12, 2013-07-17, 0);
INSERT INTO Visitas VALUES (000145, 03, 2013-07-17, NULL);
INSERT INTO Visitas VALUES (000146, 06, 2013-10-15, 2);
INSERT INTO Visitas VALUES (000146, 14, 2013-10-13, NULL);
INSERT INTO Visitas VALUES (000147, 02, 2010-11-16, 2);
INSERT INTO Visitas VALUES (000147, 12, 2010-11-16, 2);
INSERT INTO Visitas VALUES (000147, 09, 2010-11-17, 3);
INSERT INTO Visitas VALUES (000147, 08, 2010-11-17, 3);
INSERT INTO Visitas VALUES (000147, 06, 2010-11-16, NULL);
INSERT INTO Visitas VALUES (000147, 10, 2010-11-17, NULL);
INSERT INTO Visitas VALUES (000147, 07, 2010-11-17, 1);
INSERT INTO Visitas VALUES (000147, 03, 2010-11-16, 2);
INSERT INTO Visitas VALUES (000149, 02, 2014-06-18, NULL);
INSERT INTO Visitas VALUES (000149, 15, 2014-06-19, NULL);
INSERT INTO Visitas VALUES (000150, 05, 2013-01-07, 5);

INSERT INTO Mes VALUES (001, 'Janeiro', 2010);
INSERT INTO Mes VALUES (002, 'Fevereiro', 2010);
INSERT INTO Mes VALUES (003, 'Março', 2010);
INSERT INTO Mes VALUES (004, 'Abril', 2010);
INSERT INTO Mes VALUES (005, 'Maio', 2010);
INSERT INTO Mes VALUES (006, 'Junho', 2010);
INSERT INTO Mes VALUES (007, 'Julho', 2010);
INSERT INTO Mes VALUES (008, 'Agosto', 2010);
INSERT INTO Mes VALUES (009, 'Setembro', 2010);
INSERT INTO Mes VALUES (010, 'Outubro', 2010);
INSERT INTO Mes VALUES (011, 'Novembro', 2010);
INSERT INTO Mes VALUES (012, 'Dezembro', 2010);
INSERT INTO Mes VALUES (013, 'Janeiro', 2011);
INSERT INTO Mes VALUES (014, 'Fevereiro', 2011);
INSERT INTO Mes VALUES (015, 'Março', 2011);
INSERT INTO Mes VALUES (016, 'Abril', 2011);
INSERT INTO Mes VALUES (017, 'Maio', 2011);
INSERT INTO Mes VALUES (018, 'Junho', 2011);
INSERT INTO Mes VALUES (019, 'Julho', 2011);
INSERT INTO Mes VALUES (020, 'Agosto', 2011);
INSERT INTO Mes VALUES (021, 'Setembro', 2011);
INSERT INTO Mes VALUES (022, 'Outubro', 2011);
INSERT INTO Mes VALUES (023, 'Novembro', 2011);
INSERT INTO Mes VALUES (024, 'Dezembro', 2011);
INSERT INTO Mes VALUES (025, 'Janeiro', 2012);
INSERT INTO Mes VALUES (026, 'Fevereiro', 2012);
INSERT INTO Mes VALUES (027, 'Março', 2012);
INSERT INTO Mes VALUES (028, 'Abril', 2012);
INSERT INTO Mes VALUES (029, 'Maio', 2012);
INSERT INTO Mes VALUES (030, 'Junho', 2012);
INSERT INTO Mes VALUES (031, 'Julho', 2012);
INSERT INTO Mes VALUES (032, 'Agosto', 2012);
INSERT INTO Mes VALUES (033, 'Setembro', 2012);
INSERT INTO Mes VALUES (034, 'Outubro', 2012);
INSERT INTO Mes VALUES (035, 'Novembro', 2012);
INSERT INTO Mes VALUES (036, 'Dezembro', 2012);
INSERT INTO Mes VALUES (037, 'Janeiro', 2013);
INSERT INTO Mes VALUES (038, 'Fevereiro', 2013);
INSERT INTO Mes VALUES (039, 'Março', 2013);
INSERT INTO Mes VALUES (040, 'Abril', 2013);
INSERT INTO Mes VALUES (041, 'Maio', 2013);
INSERT INTO Mes VALUES (042, 'Junho', 2013);
INSERT INTO Mes VALUES (043, 'Julho', 2013);
INSERT INTO Mes VALUES (044, 'Agosto', 2013);
INSERT INTO Mes VALUES (045, 'Setembro', 2013);
INSERT INTO Mes VALUES (046, 'Outubro', 2013);
INSERT INTO Mes VALUES (047, 'Novembro', 2013);
INSERT INTO Mes VALUES (048, 'Dezembro', 2013);
INSERT INTO Mes VALUES (049, 'Janeiro', 2014);
INSERT INTO Mes VALUES (050, 'Fevereiro', 2014);
INSERT INTO Mes VALUES (051, 'Março', 2014);
INSERT INTO Mes VALUES (052, 'Abril', 2014);
INSERT INTO Mes VALUES (053, 'Maio', 2014);
INSERT INTO Mes VALUES (054, 'Junho', 2014);
INSERT INTO Mes VALUES (055, 'Julho', 2014);
INSERT INTO Mes VALUES (056, 'Agosto', 2014);
INSERT INTO Mes VALUES (057, 'Setembro', 2014);
INSERT INTO Mes VALUES (058, 'Outubro', 2014);
INSERT INTO Mes VALUES (059, 'Novembro', 2014);
INSERT INTO Mes VALUES (060, 'Dezembro', 2014);
INSERT INTO Mes VALUES (061, 'Janeiro', 2015);
INSERT INTO Mes VALUES (062, 'Fevereiro', 2015);
INSERT INTO Mes VALUES (063, 'Março', 2015);
INSERT INTO Mes VALUES (064, 'Abril', 2015);
INSERT INTO Mes VALUES (065, 'Maio', 2015);
INSERT INTO Mes VALUES (066, 'Junho', 2015);
INSERT INTO Mes VALUES (067, 'Julho', 2015);
INSERT INTO Mes VALUES (068, 'Agosto', 2015);
INSERT INTO Mes VALUES (069, 'Setembro', 2015);
INSERT INTO Mes VALUES (070, 'Outubro', 2015);
INSERT INTO Mes VALUES (071, 'Novembro', 2015);
INSERT INTO Mes VALUES (072, 'Dezembro', 2015);
INSERT INTO Mes VALUES (073, 'Janeiro', 2016);
INSERT INTO Mes VALUES (074, 'Fevereiro', 2016);
INSERT INTO Mes VALUES (075, 'Março', 2016);
INSERT INTO Mes VALUES (076, 'Abril', 2016);
INSERT INTO Mes VALUES (077, 'Maio', 2016);
INSERT INTO Mes VALUES (078, 'Junho', 2016);
INSERT INTO Mes VALUES (079, 'Julho', 2016);
INSERT INTO Mes VALUES (080, 'Agosto', 2016);
INSERT INTO Mes VALUES (081, 'Setembro', 2016);
INSERT INTO Mes VALUES (082, 'Outubro', 2016);
INSERT INTO Mes VALUES (083, 'Novembro', 2016);
INSERT INTO Mes VALUES (084, 'Dezembro', 2016);
INSERT INTO Mes VALUES (085, 'Janeiro', 2017);
INSERT INTO Mes VALUES (086, 'Fevereiro', 2017);
INSERT INTO Mes VALUES (087, 'Março', 2017);
INSERT INTO Mes VALUES (088, 'Abril', 2017);
INSERT INTO Mes VALUES (089, 'Maio', 2017);
INSERT INTO Mes VALUES (090, 'Junho', 2017);
INSERT INTO Mes VALUES (091, 'Julho', 2017);
INSERT INTO Mes VALUES (092, 'Agosto', 2017);
INSERT INTO Mes VALUES (093, 'Setembro', 2017);
INSERT INTO Mes VALUES (094, 'Outubro', 2017);
INSERT INTO Mes VALUES (095, 'Novembro', 2017);
INSERT INTO Mes VALUES (096, 'Dezembro', 2017);
INSERT INTO Mes VALUES (097, 'Janeiro', 2018);
INSERT INTO Mes VALUES (098, 'Fevereiro', 2018);
INSERT INTO Mes VALUES (099, 'Março', 2018);
INSERT INTO Mes VALUES (100, 'Abril', 2018);
INSERT INTO Mes VALUES (101, 'Maio', 2018);
INSERT INTO Mes VALUES (102, 'Junho', 2018);
INSERT INTO Mes VALUES (103, 'Julho', 2018);
INSERT INTO Mes VALUES (104, 'Agosto', 2018);
INSERT INTO Mes VALUES (105, 'Setembro', 2018);
INSERT INTO Mes VALUES (106, 'Outubro', 2018);
INSERT INTO Mes VALUES (107, 'Novembro', 2018);
INSERT INTO Mes VALUES (108, 'Dezembro', 2018);

INSERT INTO RegistoPagamentos VALUES (037, 000001, 18, 1242, NULL);
INSERT INTO RegistoPagamentos VALUES (038, 000001, 15, 996, NULL);
INSERT INTO RegistoPagamentos VALUES (039, 000001, 10, 0, NULL);
INSERT INTO RegistoPagamentos VALUES (040, 000001, 10, 0, NULL);
INSERT INTO RegistoPagamentos VALUES (041, 000001, 3, 1896, NULL);
INSERT INTO RegistoPagamentos VALUES (042, 000001, 8, 0, NULL);
INSERT INTO RegistoPagamentos VALUES (037, 000002, 7, 587, NULL);
INSERT INTO RegistoPagamentos VALUES (038, 000002, 18, 1879, NULL);
INSERT INTO RegistoPagamentos VALUES (039, 000002, 11, 1018, NULL);
INSERT INTO RegistoPagamentos VALUES (040, 000002, 11, 1596, NULL);
INSERT INTO RegistoPagamentos VALUES (041, 000002, 10, 0, NULL);
INSERT INTO RegistoPagamentos VALUES (042, 000002, 13, 0, NULL);
INSERT INTO RegistoPagamentos VALUES (025, 000005, 14, 1679, NULL);
INSERT INTO RegistoPagamentos VALUES (026, 000005, 8, 725, NULL);
INSERT INTO RegistoPagamentos VALUES (027, 000005, 17, 0, NULL);
INSERT INTO RegistoPagamentos VALUES (028, 000005, 12, 1301, NULL);
INSERT INTO RegistoPagamentos VALUES (029, 000005, 11, 551, NULL);
INSERT INTO RegistoPagamentos VALUES (030, 000005, 15, 735, NULL);
INSERT INTO RegistoPagamentos VALUES (031, 000005, 16, 603, NULL);
INSERT INTO RegistoPagamentos VALUES (037, 000006, 18, 1456, NULL);
INSERT INTO RegistoPagamentos VALUES (038, 000006, 13, 813, NULL);
INSERT INTO RegistoPagamentos VALUES (039, 000006, 9, 874, NULL);
INSERT INTO RegistoPagamentos VALUES (040, 000006, 14, 602, NULL);
INSERT INTO RegistoPagamentos VALUES (041, 000006, 15, 0, NULL);
INSERT INTO RegistoPagamentos VALUES (061, 000008, 0, 1805, NULL);
INSERT INTO RegistoPagamentos VALUES (062, 000008, 2, 1655, NULL);
INSERT INTO RegistoPagamentos VALUES (063, 000008, 3, 618, NULL);
INSERT INTO RegistoPagamentos VALUES (073, 000013, 1, 805, NULL);
INSERT INTO RegistoPagamentos VALUES (074, 000013, 6, 1044, NULL);
INSERT INTO RegistoPagamentos VALUES (075, 000013, 9, 0, NULL);
INSERT INTO RegistoPagamentos VALUES (076, 000013, 15, 1875, NULL);
INSERT INTO RegistoPagamentos VALUES (077, 000013, 3, 0, NULL);
INSERT INTO RegistoPagamentos VALUES (025, 000018, 14, 1026, NULL);
INSERT INTO RegistoPagamentos VALUES (026, 000018, 0, 719, NULL);
INSERT INTO RegistoPagamentos VALUES (027, 000018, 19, 937, NULL);
INSERT INTO RegistoPagamentos VALUES (028, 000018, 8, 737, NULL);
INSERT INTO RegistoPagamentos VALUES (029, 000018, 7, 0, NULL);
INSERT INTO RegistoPagamentos VALUES (030, 000018, 4, 0, NULL);
INSERT INTO RegistoPagamentos VALUES (031, 000018, 8, 0, NULL);
INSERT INTO RegistoPagamentos VALUES (032, 000018, 6, 1315, NULL);
INSERT INTO RegistoPagamentos VALUES (033, 000018, 18, 0, NULL);
INSERT INTO RegistoPagamentos VALUES (061, 000019, 6, 1216, NULL);
INSERT INTO RegistoPagamentos VALUES (062, 000019, 1, 1895, NULL);
INSERT INTO RegistoPagamentos VALUES (063, 000019, 13, 1464, NULL);
INSERT INTO RegistoPagamentos VALUES (064, 000019, 6, 679, NULL);
INSERT INTO RegistoPagamentos VALUES (065, 000019, 15, 0, NULL);
INSERT INTO RegistoPagamentos VALUES (049, 000031, 16, 1104, NULL);
INSERT INTO RegistoPagamentos VALUES (050, 000031, 9, 897, NULL);
INSERT INTO RegistoPagamentos VALUES (051, 000031, 14, 1513, NULL);
INSERT INTO RegistoPagamentos VALUES (052, 000031, 18, 0, NULL);
INSERT INTO RegistoPagamentos VALUES (053, 000031, 4, 0, NULL);
INSERT INTO RegistoPagamentos VALUES (054, 000031, 17, 1712, NULL);
INSERT INTO RegistoPagamentos VALUES (055, 000031, 1, 976, NULL);
INSERT INTO RegistoPagamentos VALUES (056, 000031, 6, 0, NULL);
INSERT INTO RegistoPagamentos VALUES (013, 000032, 17, 695, NULL);
INSERT INTO RegistoPagamentos VALUES (014, 000032, 3, 0, NULL);
INSERT INTO RegistoPagamentos VALUES (015, 000032, 17, 1969, NULL);
INSERT INTO RegistoPagamentos VALUES (016, 000032, 15, 0, NULL);
INSERT INTO RegistoPagamentos VALUES (017, 000032, 18, 1680, NULL);
INSERT INTO RegistoPagamentos VALUES (018, 000032, 4, 0, NULL);
INSERT INTO RegistoPagamentos VALUES (019, 000032, 0, 1836, NULL);
INSERT INTO RegistoPagamentos VALUES (020, 000032, 18, 922, NULL);
INSERT INTO RegistoPagamentos VALUES (021, 000032, 3, 791, NULL);
INSERT INTO RegistoPagamentos VALUES (022, 000032, 16, 0, NULL);
INSERT INTO RegistoPagamentos VALUES (023, 000032, 0, 1519, NULL);
INSERT INTO RegistoPagamentos VALUES (025, 000036, 6, 1328, NULL);
INSERT INTO RegistoPagamentos VALUES (026, 000036, 13, 1306, NULL);
INSERT INTO RegistoPagamentos VALUES (027, 000036, 8, 1687, NULL);
INSERT INTO RegistoPagamentos VALUES (028, 000036, 7, 1942, NULL);
INSERT INTO RegistoPagamentos VALUES (029, 000036, 8, 0, NULL);
INSERT INTO RegistoPagamentos VALUES (030, 000036, 8, 1249, NULL);
INSERT INTO RegistoPagamentos VALUES (031, 000036, 12, 1350, NULL);
INSERT INTO RegistoPagamentos VALUES (032, 000036, 9, 897, NULL);
INSERT INTO RegistoPagamentos VALUES (001, 000037, 15, 1425, NULL);
INSERT INTO RegistoPagamentos VALUES (002, 000037, 13, 1079, NULL);
INSERT INTO RegistoPagamentos VALUES (003, 000037, 7, 0, NULL);
INSERT INTO RegistoPagamentos VALUES (004, 000037, 4, 790, NULL);
INSERT INTO RegistoPagamentos VALUES (005, 000037, 17, 854, NULL);
INSERT INTO RegistoPagamentos VALUES (006, 000037, 19, 796, NULL);
INSERT INTO RegistoPagamentos VALUES (007, 000037, 3, 1816, NULL);
INSERT INTO RegistoPagamentos VALUES (008, 000037, 2, 1402, NULL);
INSERT INTO RegistoPagamentos VALUES (009, 000037, 19, 1619, NULL);
INSERT INTO RegistoPagamentos VALUES (010, 000037, 6, 1502, NULL);
INSERT INTO RegistoPagamentos VALUES (011, 000037, 7, 0, NULL);
INSERT INTO RegistoPagamentos VALUES (037, 000039, 0, 750, NULL);
INSERT INTO RegistoPagamentos VALUES (038, 000039, 2, 1579, NULL);
INSERT INTO RegistoPagamentos VALUES (039, 000039, 13, 682, NULL);
INSERT INTO RegistoPagamentos VALUES (040, 000039, 16, 0, NULL);
INSERT INTO RegistoPagamentos VALUES (041, 000039, 11, 0, NULL);
INSERT INTO RegistoPagamentos VALUES (042, 000039, 8, 966, NULL);
INSERT INTO RegistoPagamentos VALUES (043, 000039, 7, 575, NULL);
INSERT INTO RegistoPagamentos VALUES (044, 000039, 6, 1929, NULL);
INSERT INTO RegistoPagamentos VALUES (045, 000039, 14, 1249, NULL);
INSERT INTO RegistoPagamentos VALUES (049, 000043, 4, 0, NULL);
INSERT INTO RegistoPagamentos VALUES (050, 000043, 2, 1399, NULL);
INSERT INTO RegistoPagamentos VALUES (051, 000043, 1, 1645, NULL);
INSERT INTO RegistoPagamentos VALUES (052, 000043, 6, 1099, NULL);
INSERT INTO RegistoPagamentos VALUES (053, 000043, 19, 1371, NULL);
INSERT INTO RegistoPagamentos VALUES (054, 000043, 11, 0, NULL);
INSERT INTO RegistoPagamentos VALUES (055, 000043, 8, 0, NULL);
INSERT INTO RegistoPagamentos VALUES (056, 000043, 1, 891, NULL);
INSERT INTO RegistoPagamentos VALUES (013, 000044, 4, 1525, NULL);
INSERT INTO RegistoPagamentos VALUES (014, 000044, 3, 615, NULL);
INSERT INTO RegistoPagamentos VALUES (015, 000044, 5, 543, NULL);
INSERT INTO RegistoPagamentos VALUES (016, 000044, 18, 1033, NULL);
INSERT INTO RegistoPagamentos VALUES (017, 000044, 4, 691, NULL);
INSERT INTO RegistoPagamentos VALUES (018, 000044, 11, 610, NULL);
INSERT INTO RegistoPagamentos VALUES (019, 000044, 0, 1689, NULL);
INSERT INTO RegistoPagamentos VALUES (020, 000044, 7, 1265, NULL);
INSERT INTO RegistoPagamentos VALUES (021, 000044, 10, 1925, NULL);
INSERT INTO RegistoPagamentos VALUES (049, 000050, 1, 0, NULL);
INSERT INTO RegistoPagamentos VALUES (050, 000050, 7, 1288, NULL);
INSERT INTO RegistoPagamentos VALUES (051, 000050, 3, 1759, NULL);
INSERT INTO RegistoPagamentos VALUES (052, 000050, 12, 797, NULL);
INSERT INTO RegistoPagamentos VALUES (053, 000050, 2, 0, NULL);
INSERT INTO RegistoPagamentos VALUES (054, 000050, 14, 1469, NULL);
INSERT INTO RegistoPagamentos VALUES (055, 000050, 16, 977, NULL);
INSERT INTO RegistoPagamentos VALUES (001, 000051, 19, 785, NULL);
INSERT INTO RegistoPagamentos VALUES (002, 000051, 3, 1138, NULL);
INSERT INTO RegistoPagamentos VALUES (003, 000051, 4, 527, NULL);
INSERT INTO RegistoPagamentos VALUES (004, 000051, 2, 1217, NULL);
INSERT INTO RegistoPagamentos VALUES (005, 000051, 15, 0, NULL);
INSERT INTO RegistoPagamentos VALUES (006, 000051, 5, 0, NULL);
INSERT INTO RegistoPagamentos VALUES (007, 000051, 13, 651, NULL);
INSERT INTO RegistoPagamentos VALUES (008, 000051, 5, 610, NULL);
INSERT INTO RegistoPagamentos VALUES (009, 000051, 15, 0, NULL);
INSERT INTO RegistoPagamentos VALUES (037, 000053, 17, 0, NULL);
INSERT INTO RegistoPagamentos VALUES (038, 000053, 1, 805, NULL);
INSERT INTO RegistoPagamentos VALUES (039, 000053, 15, 1187, NULL);
INSERT INTO RegistoPagamentos VALUES (040, 000053, 14, 1024, NULL);
INSERT INTO RegistoPagamentos VALUES (041, 000053, 0, 1372, NULL);
INSERT INTO RegistoPagamentos VALUES (042, 000053, 8, 1592, NULL);
INSERT INTO RegistoPagamentos VALUES (043, 000053, 13, 743, NULL);
INSERT INTO RegistoPagamentos VALUES (013, 000056, 8, 0, NULL);
INSERT INTO RegistoPagamentos VALUES (014, 000056, 6, 1183, NULL);
INSERT INTO RegistoPagamentos VALUES (015, 000056, 19, 849, NULL);
INSERT INTO RegistoPagamentos VALUES (016, 000056, 7, 0, NULL);
INSERT INTO RegistoPagamentos VALUES (017, 000056, 13, 668, NULL);
INSERT INTO RegistoPagamentos VALUES (018, 000056, 6, 946, NULL);
INSERT INTO RegistoPagamentos VALUES (019, 000056, 0, 811, NULL);
INSERT INTO RegistoPagamentos VALUES (020, 000056, 15, 1432, NULL);
INSERT INTO RegistoPagamentos VALUES (049, 000057, 9, 796, NULL);
INSERT INTO RegistoPagamentos VALUES (050, 000057, 1, 1269, NULL);
INSERT INTO RegistoPagamentos VALUES (051, 000057, 17, 1626, NULL);
INSERT INTO RegistoPagamentos VALUES (052, 000057, 18, 502, NULL);
INSERT INTO RegistoPagamentos VALUES (053, 000057, 18, 1597, NULL);
INSERT INTO RegistoPagamentos VALUES (054, 000057, 1, 0, NULL);
INSERT INTO RegistoPagamentos VALUES (055, 000057, 14, 1050, NULL);
INSERT INTO RegistoPagamentos VALUES (056, 000057, 15, 1968, NULL);
INSERT INTO RegistoPagamentos VALUES (037, 000061, 8, 0, NULL);
INSERT INTO RegistoPagamentos VALUES (038, 000061, 17, 0, NULL);
INSERT INTO RegistoPagamentos VALUES (039, 000061, 14, 1936, NULL);
INSERT INTO RegistoPagamentos VALUES (040, 000061, 4, 559, NULL);
INSERT INTO RegistoPagamentos VALUES (041, 000061, 5, 1816, NULL);
INSERT INTO RegistoPagamentos VALUES (013, 000068, 0, 1261, NULL);
INSERT INTO RegistoPagamentos VALUES (014, 000068, 12, 890, NULL);
INSERT INTO RegistoPagamentos VALUES (015, 000068, 11, 1938, NULL);
INSERT INTO RegistoPagamentos VALUES (016, 000068, 9, 0, NULL);
INSERT INTO RegistoPagamentos VALUES (017, 000068, 11, 0, NULL);
INSERT INTO RegistoPagamentos VALUES (018, 000068, 9, 786, NULL);
INSERT INTO RegistoPagamentos VALUES (019, 000068, 12, 946, NULL);
INSERT INTO RegistoPagamentos VALUES (020, 000068, 19, 0, NULL);
INSERT INTO RegistoPagamentos VALUES (061, 000071, 4, 1796, NULL);
INSERT INTO RegistoPagamentos VALUES (062, 000071, 16, 1519, NULL);
INSERT INTO RegistoPagamentos VALUES (063, 000071, 4, 1687, NULL);
INSERT INTO RegistoPagamentos VALUES (064, 000071, 0, 1223, NULL);
INSERT INTO RegistoPagamentos VALUES (065, 000071, 17, 0, NULL);
INSERT INTO RegistoPagamentos VALUES (049, 000072, 3, 0, NULL);
INSERT INTO RegistoPagamentos VALUES (050, 000072, 4, 946, NULL);
INSERT INTO RegistoPagamentos VALUES (051, 000072, 10, 629, NULL);
INSERT INTO RegistoPagamentos VALUES (052, 000072, 3, 0, NULL);
INSERT INTO RegistoPagamentos VALUES (053, 000072, 18, 0, NULL);
INSERT INTO RegistoPagamentos VALUES (054, 000072, 8, 1676, NULL);
INSERT INTO RegistoPagamentos VALUES (055, 000072, 12, 582, NULL);
INSERT INTO RegistoPagamentos VALUES (001, 000076, 14, 0, NULL);
INSERT INTO RegistoPagamentos VALUES (002, 000076, 14, 0, NULL);
INSERT INTO RegistoPagamentos VALUES (003, 000076, 6, 1094, NULL);
INSERT INTO RegistoPagamentos VALUES (004, 000076, 17, 1093, NULL);
INSERT INTO RegistoPagamentos VALUES (005, 000076, 6, 1146, NULL);
INSERT INTO RegistoPagamentos VALUES (006, 000076, 19, 1457, NULL);
INSERT INTO RegistoPagamentos VALUES (007, 000076, 17, 965, NULL);
INSERT INTO RegistoPagamentos VALUES (008, 000076, 2, 656, NULL);
INSERT INTO RegistoPagamentos VALUES (009, 000076, 0, 0, NULL);
INSERT INTO RegistoPagamentos VALUES (010, 000076, 3, 1844, NULL);
INSERT INTO RegistoPagamentos VALUES (011, 000076, 3, 805, NULL);
INSERT INTO RegistoPagamentos VALUES (013, 000081, 18, 737, NULL);
INSERT INTO RegistoPagamentos VALUES (014, 000081, 14, 0, NULL);
INSERT INTO RegistoPagamentos VALUES (015, 000081, 15, 774, NULL);
INSERT INTO RegistoPagamentos VALUES (016, 000081, 9, 1872, NULL);
INSERT INTO RegistoPagamentos VALUES (017, 000081, 4, 868, NULL);
INSERT INTO RegistoPagamentos VALUES (018, 000081, 9, 1380, NULL);
INSERT INTO RegistoPagamentos VALUES (019, 000081, 13, 730, NULL);
INSERT INTO RegistoPagamentos VALUES (020, 000081, 2, 0, NULL);
INSERT INTO RegistoPagamentos VALUES (021, 000081, 11, 987, NULL);
INSERT INTO RegistoPagamentos VALUES (022, 000081, 8, 1133, NULL);
INSERT INTO RegistoPagamentos VALUES (023, 000081, 0, 0, NULL);
INSERT INTO RegistoPagamentos VALUES (037, 000084, 19, 1713, NULL);
INSERT INTO RegistoPagamentos VALUES (038, 000084, 0, 1426, NULL);
INSERT INTO RegistoPagamentos VALUES (039, 000084, 7, 1759, NULL);
INSERT INTO RegistoPagamentos VALUES (040, 000084, 16, 1271, NULL);
INSERT INTO RegistoPagamentos VALUES (041, 000084, 17, 1579, NULL);
INSERT INTO RegistoPagamentos VALUES (042, 000084, 10, 845, NULL);
INSERT INTO RegistoPagamentos VALUES (043, 000084, 16, 950, NULL);
INSERT INTO RegistoPagamentos VALUES (001, 000093, 19, 1496, NULL);
INSERT INTO RegistoPagamentos VALUES (002, 000093, 5, 0, NULL);
INSERT INTO RegistoPagamentos VALUES (003, 000093, 3, 1784, NULL);
INSERT INTO RegistoPagamentos VALUES (004, 000093, 2, 1781, NULL);
INSERT INTO RegistoPagamentos VALUES (005, 000093, 18, 0, NULL);
INSERT INTO RegistoPagamentos VALUES (006, 000093, 1, 809, NULL);
INSERT INTO RegistoPagamentos VALUES (007, 000093, 17, 1080, NULL);
INSERT INTO RegistoPagamentos VALUES (008, 000093, 6, 959, NULL);
INSERT INTO RegistoPagamentos VALUES (009, 000093, 6, 867, NULL);
INSERT INTO RegistoPagamentos VALUES (010, 000093, 12, 1747, NULL);
INSERT INTO RegistoPagamentos VALUES (037, 000106, 13, 817, NULL);
INSERT INTO RegistoPagamentos VALUES (038, 000106, 18, 554, NULL);
INSERT INTO RegistoPagamentos VALUES (039, 000106, 3, 1141, NULL);
INSERT INTO RegistoPagamentos VALUES (040, 000106, 17, 1903, NULL);
INSERT INTO RegistoPagamentos VALUES (041, 000106, 4, 0, NULL);
INSERT INTO RegistoPagamentos VALUES (042, 000106, 9, 549, NULL);
INSERT INTO RegistoPagamentos VALUES (037, 000107, 11, 0, NULL);
INSERT INTO RegistoPagamentos VALUES (038, 000107, 19, 661, NULL);
INSERT INTO RegistoPagamentos VALUES (039, 000107, 0, 1668, NULL);
INSERT INTO RegistoPagamentos VALUES (040, 000107, 12, 0, NULL);
INSERT INTO RegistoPagamentos VALUES (041, 000107, 3, 521, NULL);
INSERT INTO RegistoPagamentos VALUES (042, 000107, 7, 661, NULL);
INSERT INTO RegistoPagamentos VALUES (061, 000110, 1, 0, NULL);
INSERT INTO RegistoPagamentos VALUES (062, 000110, 5, 1149, NULL);
INSERT INTO RegistoPagamentos VALUES (063, 000110, 13, 602, NULL);
INSERT INTO RegistoPagamentos VALUES (064, 000110, 7, 0, NULL);
INSERT INTO RegistoPagamentos VALUES (001, 000113, 14, 941, NULL);
INSERT INTO RegistoPagamentos VALUES (002, 000113, 14, 0, NULL);
INSERT INTO RegistoPagamentos VALUES (003, 000113, 9, 715, NULL);
INSERT INTO RegistoPagamentos VALUES (004, 000113, 9, 1215, NULL);
INSERT INTO RegistoPagamentos VALUES (005, 000113, 12, 839, NULL);
INSERT INTO RegistoPagamentos VALUES (006, 000113, 11, 0, NULL);
INSERT INTO RegistoPagamentos VALUES (007, 000113, 6, 1948, NULL);
INSERT INTO RegistoPagamentos VALUES (008, 000113, 17, 1303, NULL);
INSERT INTO RegistoPagamentos VALUES (061, 000116, 7, 781, NULL);
INSERT INTO RegistoPagamentos VALUES (062, 000116, 9, 1237, NULL);
INSERT INTO RegistoPagamentos VALUES (063, 000116, 16, 1995, NULL);
INSERT INTO RegistoPagamentos VALUES (064, 000116, 0, 1879, NULL);
INSERT INTO RegistoPagamentos VALUES (013, 000117, 6, 1072, NULL);
INSERT INTO RegistoPagamentos VALUES (014, 000117, 15, 1315, NULL);
INSERT INTO RegistoPagamentos VALUES (015, 000117, 0, 1351, NULL);
INSERT INTO RegistoPagamentos VALUES (016, 000117, 16, 0, NULL);
INSERT INTO RegistoPagamentos VALUES (017, 000117, 6, 1035, NULL);
INSERT INTO RegistoPagamentos VALUES (018, 000117, 8, 1531, NULL);
INSERT INTO RegistoPagamentos VALUES (019, 000117, 16, 1989, NULL);
INSERT INTO RegistoPagamentos VALUES (020, 000117, 12, 1697, NULL);
INSERT INTO RegistoPagamentos VALUES (021, 000117, 0, 1322, NULL);
INSERT INTO RegistoPagamentos VALUES (022, 000117, 7, 0, NULL);
INSERT INTO RegistoPagamentos VALUES (023, 000117, 15, 1849, NULL);
INSERT INTO RegistoPagamentos VALUES (061, 000118, 17, 1668, NULL);
INSERT INTO RegistoPagamentos VALUES (062, 000118, 17, 1610, NULL);
INSERT INTO RegistoPagamentos VALUES (063, 000118, 14, 1946, NULL);
INSERT INTO RegistoPagamentos VALUES (049, 000120, 3, 1777, NULL);
INSERT INTO RegistoPagamentos VALUES (050, 000120, 1, 0, NULL);
INSERT INTO RegistoPagamentos VALUES (051, 000120, 8, 1744, NULL);
INSERT INTO RegistoPagamentos VALUES (052, 000120, 15, 618, NULL);
INSERT INTO RegistoPagamentos VALUES (053, 000120, 9, 989, NULL);
INSERT INTO RegistoPagamentos VALUES (054, 000120, 10, 1089, NULL);
INSERT INTO RegistoPagamentos VALUES (055, 000120, 16, 1310, NULL);
INSERT INTO RegistoPagamentos VALUES (025, 000124, 7, 1186, NULL);
INSERT INTO RegistoPagamentos VALUES (026, 000124, 2, 0, NULL);
INSERT INTO RegistoPagamentos VALUES (027, 000124, 6, 1171, NULL);
INSERT INTO RegistoPagamentos VALUES (028, 000124, 7, 826, NULL);
INSERT INTO RegistoPagamentos VALUES (029, 000124, 8, 618, NULL);
INSERT INTO RegistoPagamentos VALUES (030, 000124, 15, 1598, NULL);
INSERT INTO RegistoPagamentos VALUES (031, 000124, 17, 0, NULL);
INSERT INTO RegistoPagamentos VALUES (032, 000124, 12, 0, NULL);
INSERT INTO RegistoPagamentos VALUES (033, 000124, 17, 855, NULL);
INSERT INTO RegistoPagamentos VALUES (049, 000132, 4, 1316, NULL);
INSERT INTO RegistoPagamentos VALUES (050, 000132, 0, 0, NULL);
INSERT INTO RegistoPagamentos VALUES (051, 000132, 19, 1263, NULL);
INSERT INTO RegistoPagamentos VALUES (052, 000132, 11, 534, NULL);
INSERT INTO RegistoPagamentos VALUES (025, 000134, 9, 0, NULL);
INSERT INTO RegistoPagamentos VALUES (026, 000134, 16, 0, NULL);
INSERT INTO RegistoPagamentos VALUES (027, 000134, 13, 1639, NULL);
INSERT INTO RegistoPagamentos VALUES (028, 000134, 6, 0, NULL);
INSERT INTO RegistoPagamentos VALUES (029, 000134, 12, 1454, NULL);
INSERT INTO RegistoPagamentos VALUES (030, 000134, 11, 0, NULL);
INSERT INTO RegistoPagamentos VALUES (031, 000134, 4, 623, NULL);
INSERT INTO RegistoPagamentos VALUES (013, 000135, 5, 513, NULL);
INSERT INTO RegistoPagamentos VALUES (014, 000135, 19, 697, NULL);
INSERT INTO RegistoPagamentos VALUES (015, 000135, 3, 1665, NULL);
INSERT INTO RegistoPagamentos VALUES (016, 000135, 6, 1812, NULL);
INSERT INTO RegistoPagamentos VALUES (017, 000135, 1, 0, NULL);
INSERT INTO RegistoPagamentos VALUES (018, 000135, 6, 1827, NULL);
INSERT INTO RegistoPagamentos VALUES (019, 000135, 14, 0, NULL);
INSERT INTO RegistoPagamentos VALUES (020, 000135, 19, 0, NULL);
INSERT INTO RegistoPagamentos VALUES (025, 000140, 11, 1535, NULL);
INSERT INTO RegistoPagamentos VALUES (026, 000140, 5, 1379, NULL);
INSERT INTO RegistoPagamentos VALUES (027, 000140, 4, 792, NULL);
INSERT INTO RegistoPagamentos VALUES (028, 000140, 13, 0, NULL);
INSERT INTO RegistoPagamentos VALUES (029, 000140, 2, 0, NULL);
INSERT INTO RegistoPagamentos VALUES (030, 000140, 9, 1093, NULL);
INSERT INTO RegistoPagamentos VALUES (031, 000140, 3, 595, NULL);
INSERT INTO RegistoPagamentos VALUES (032, 000140, 16, 1026, NULL);
INSERT INTO RegistoPagamentos VALUES (037, 000142, 4, 913, NULL);
INSERT INTO RegistoPagamentos VALUES (038, 000142, 1, 1729, NULL);
INSERT INTO RegistoPagamentos VALUES (039, 000142, 3, 0, NULL);
INSERT INTO RegistoPagamentos VALUES (040, 000142, 13, 909, NULL);
INSERT INTO RegistoPagamentos VALUES (041, 000142, 18, 0, NULL);
INSERT INTO RegistoPagamentos VALUES (042, 000142, 5, 1252, NULL);
INSERT INTO RegistoPagamentos VALUES (043, 000142, 11, 1882, NULL);
INSERT INTO RegistoPagamentos VALUES (044, 000142, 6, 1685, NULL);
INSERT INTO RegistoPagamentos VALUES (037, 000144, 16, 0, NULL);
INSERT INTO RegistoPagamentos VALUES (038, 000144, 16, 619, NULL);
INSERT INTO RegistoPagamentos VALUES (039, 000144, 1, 1252, NULL);
INSERT INTO RegistoPagamentos VALUES (040, 000144, 2, 0, NULL);
INSERT INTO RegistoPagamentos VALUES (041, 000144, 15, 1024, NULL);
INSERT INTO RegistoPagamentos VALUES (042, 000144, 17, 1847, NULL);
INSERT INTO RegistoPagamentos VALUES (043, 000144, 1, 1700, NULL);
INSERT INTO RegistoPagamentos VALUES (061, 000148, 9, 1914, NULL);
INSERT INTO RegistoPagamentos VALUES (062, 000148, 7, 0, NULL);
INSERT INTO RegistoPagamentos VALUES (063, 000148, 1, 0, NULL);

INSERT INTO HorariosTrabalho VALUES (14, 000001);
INSERT INTO HorariosTrabalho VALUES (13, 000001);
INSERT INTO HorariosTrabalho VALUES (8, 000001);
INSERT INTO HorariosTrabalho VALUES (4, 000001);
INSERT INTO HorariosTrabalho VALUES (10, 000001);
INSERT INTO HorariosTrabalho VALUES (6, 000001);
INSERT INTO HorariosTrabalho VALUES (1, 000001);
INSERT INTO HorariosTrabalho VALUES (12, 000002);
INSERT INTO HorariosTrabalho VALUES (3, 000002);
INSERT INTO HorariosTrabalho VALUES (14, 000002);
INSERT INTO HorariosTrabalho VALUES (4, 000002);
INSERT INTO HorariosTrabalho VALUES (6, 000002);
INSERT INTO HorariosTrabalho VALUES (11, 000002);
INSERT INTO HorariosTrabalho VALUES (8, 000002);
INSERT INTO HorariosTrabalho VALUES (11, 000005);
INSERT INTO HorariosTrabalho VALUES (6, 000005);
INSERT INTO HorariosTrabalho VALUES (5, 000005);
INSERT INTO HorariosTrabalho VALUES (14, 000005);
INSERT INTO HorariosTrabalho VALUES (3, 000005);
INSERT INTO HorariosTrabalho VALUES (13, 000005);
INSERT INTO HorariosTrabalho VALUES (12, 000005);
INSERT INTO HorariosTrabalho VALUES (5, 000006);
INSERT INTO HorariosTrabalho VALUES (13, 000006);
INSERT INTO HorariosTrabalho VALUES (1, 000006);
INSERT INTO HorariosTrabalho VALUES (12, 000006);
INSERT INTO HorariosTrabalho VALUES (6, 000006);
INSERT INTO HorariosTrabalho VALUES (9, 000006);
INSERT INTO HorariosTrabalho VALUES (14, 000006);
INSERT INTO HorariosTrabalho VALUES (9, 000008);
INSERT INTO HorariosTrabalho VALUES (13, 000008);
INSERT INTO HorariosTrabalho VALUES (5, 000008);
INSERT INTO HorariosTrabalho VALUES (14, 000008);
INSERT INTO HorariosTrabalho VALUES (12, 000008);
INSERT INTO HorariosTrabalho VALUES (7, 000008);
INSERT INTO HorariosTrabalho VALUES (4, 000008);
INSERT INTO HorariosTrabalho VALUES (13, 000013);
INSERT INTO HorariosTrabalho VALUES (9, 000013);
INSERT INTO HorariosTrabalho VALUES (5, 000013);
INSERT INTO HorariosTrabalho VALUES (6, 000013);
INSERT INTO HorariosTrabalho VALUES (8, 000013);
INSERT INTO HorariosTrabalho VALUES (12, 000013);
INSERT INTO HorariosTrabalho VALUES (7, 000013);
INSERT INTO HorariosTrabalho VALUES (3, 000018);
INSERT INTO HorariosTrabalho VALUES (4, 000018);
INSERT INTO HorariosTrabalho VALUES (11, 000018);
INSERT INTO HorariosTrabalho VALUES (13, 000018);
INSERT INTO HorariosTrabalho VALUES (9, 000018);
INSERT INTO HorariosTrabalho VALUES (1, 000018);
INSERT INTO HorariosTrabalho VALUES (5, 000018);
INSERT INTO HorariosTrabalho VALUES (1, 000019);
INSERT INTO HorariosTrabalho VALUES (6, 000019);
INSERT INTO HorariosTrabalho VALUES (12, 000019);
INSERT INTO HorariosTrabalho VALUES (7, 000019);
INSERT INTO HorariosTrabalho VALUES (4, 000019);
INSERT INTO HorariosTrabalho VALUES (2, 000019);
INSERT INTO HorariosTrabalho VALUES (14, 000019);
INSERT INTO HorariosTrabalho VALUES (14, 000031);
INSERT INTO HorariosTrabalho VALUES (12, 000031);
INSERT INTO HorariosTrabalho VALUES (1, 000031);
INSERT INTO HorariosTrabalho VALUES (2, 000031);
INSERT INTO HorariosTrabalho VALUES (5, 000031);
INSERT INTO HorariosTrabalho VALUES (9, 000031);
INSERT INTO HorariosTrabalho VALUES (8, 000031);
INSERT INTO HorariosTrabalho VALUES (13, 000032);
INSERT INTO HorariosTrabalho VALUES (7, 000032);
INSERT INTO HorariosTrabalho VALUES (4, 000032);
INSERT INTO HorariosTrabalho VALUES (14, 000032);
INSERT INTO HorariosTrabalho VALUES (10, 000032);
INSERT INTO HorariosTrabalho VALUES (9, 000032);
INSERT INTO HorariosTrabalho VALUES (6, 000032);
INSERT INTO HorariosTrabalho VALUES (13, 000036);
INSERT INTO HorariosTrabalho VALUES (6, 000036);
INSERT INTO HorariosTrabalho VALUES (2, 000036);
INSERT INTO HorariosTrabalho VALUES (9, 000036);
INSERT INTO HorariosTrabalho VALUES (5, 000036);
INSERT INTO HorariosTrabalho VALUES (11, 000036);
INSERT INTO HorariosTrabalho VALUES (1, 000036);
INSERT INTO HorariosTrabalho VALUES (6, 000037);
INSERT INTO HorariosTrabalho VALUES (12, 000037);
INSERT INTO HorariosTrabalho VALUES (4, 000037);
INSERT INTO HorariosTrabalho VALUES (3, 000037);
INSERT INTO HorariosTrabalho VALUES (5, 000037);
INSERT INTO HorariosTrabalho VALUES (13, 000037);
INSERT INTO HorariosTrabalho VALUES (11, 000037);
INSERT INTO HorariosTrabalho VALUES (11, 000039);
INSERT INTO HorariosTrabalho VALUES (3, 000039);
INSERT INTO HorariosTrabalho VALUES (14, 000039);
INSERT INTO HorariosTrabalho VALUES (10, 000039);
INSERT INTO HorariosTrabalho VALUES (1, 000039);
INSERT INTO HorariosTrabalho VALUES (4, 000039);
INSERT INTO HorariosTrabalho VALUES (2, 000039);
INSERT INTO HorariosTrabalho VALUES (9, 000043);
INSERT INTO HorariosTrabalho VALUES (5, 000043);
INSERT INTO HorariosTrabalho VALUES (8, 000043);
INSERT INTO HorariosTrabalho VALUES (13, 000043);
INSERT INTO HorariosTrabalho VALUES (7, 000043);
INSERT INTO HorariosTrabalho VALUES (14, 000043);
INSERT INTO HorariosTrabalho VALUES (6, 000043);
INSERT INTO HorariosTrabalho VALUES (7, 000044);
INSERT INTO HorariosTrabalho VALUES (5, 000044);
INSERT INTO HorariosTrabalho VALUES (14, 000044);
INSERT INTO HorariosTrabalho VALUES (3, 000044);
INSERT INTO HorariosTrabalho VALUES (1, 000044);
INSERT INTO HorariosTrabalho VALUES (8, 000044);
INSERT INTO HorariosTrabalho VALUES (6, 000044);
INSERT INTO HorariosTrabalho VALUES (6, 000050);
INSERT INTO HorariosTrabalho VALUES (8, 000050);
INSERT INTO HorariosTrabalho VALUES (10, 000050);
INSERT INTO HorariosTrabalho VALUES (9, 000050);
INSERT INTO HorariosTrabalho VALUES (13, 000050);
INSERT INTO HorariosTrabalho VALUES (5, 000050);
INSERT INTO HorariosTrabalho VALUES (12, 000050);
INSERT INTO HorariosTrabalho VALUES (11, 000051);
INSERT INTO HorariosTrabalho VALUES (8, 000051);
INSERT INTO HorariosTrabalho VALUES (4, 000051);
INSERT INTO HorariosTrabalho VALUES (6, 000051);
INSERT INTO HorariosTrabalho VALUES (1, 000051);
INSERT INTO HorariosTrabalho VALUES (5, 000051);
INSERT INTO HorariosTrabalho VALUES (10, 000051);
INSERT INTO HorariosTrabalho VALUES (11, 000053);
INSERT INTO HorariosTrabalho VALUES (13, 000053);
INSERT INTO HorariosTrabalho VALUES (1, 000053);
INSERT INTO HorariosTrabalho VALUES (12, 000053);
INSERT INTO HorariosTrabalho VALUES (10, 000053);
INSERT INTO HorariosTrabalho VALUES (9, 000053);
INSERT INTO HorariosTrabalho VALUES (14, 000053);
INSERT INTO HorariosTrabalho VALUES (11, 000056);
INSERT INTO HorariosTrabalho VALUES (7, 000056);
INSERT INTO HorariosTrabalho VALUES (4, 000056);
INSERT INTO HorariosTrabalho VALUES (14, 000056);
INSERT INTO HorariosTrabalho VALUES (10, 000056);
INSERT INTO HorariosTrabalho VALUES (12, 000056);
INSERT INTO HorariosTrabalho VALUES (2, 000056);
INSERT INTO HorariosTrabalho VALUES (6, 000057);
INSERT INTO HorariosTrabalho VALUES (14, 000057);
INSERT INTO HorariosTrabalho VALUES (3, 000057);
INSERT INTO HorariosTrabalho VALUES (2, 000057);
INSERT INTO HorariosTrabalho VALUES (5, 000057);
INSERT INTO HorariosTrabalho VALUES (1, 000057);
INSERT INTO HorariosTrabalho VALUES (4, 000057);
INSERT INTO HorariosTrabalho VALUES (11, 000061);
INSERT INTO HorariosTrabalho VALUES (13, 000061);
INSERT INTO HorariosTrabalho VALUES (10, 000061);
INSERT INTO HorariosTrabalho VALUES (3, 000061);
INSERT INTO HorariosTrabalho VALUES (2, 000061);
INSERT INTO HorariosTrabalho VALUES (7, 000061);
INSERT INTO HorariosTrabalho VALUES (8, 000061);
INSERT INTO HorariosTrabalho VALUES (5, 000068);
INSERT INTO HorariosTrabalho VALUES (14, 000068);
INSERT INTO HorariosTrabalho VALUES (3, 000068);
INSERT INTO HorariosTrabalho VALUES (1, 000068);
INSERT INTO HorariosTrabalho VALUES (13, 000068);
INSERT INTO HorariosTrabalho VALUES (4, 000068);
INSERT INTO HorariosTrabalho VALUES (2, 000068);
INSERT INTO HorariosTrabalho VALUES (12, 000071);
INSERT INTO HorariosTrabalho VALUES (11, 000071);
INSERT INTO HorariosTrabalho VALUES (13, 000071);
INSERT INTO HorariosTrabalho VALUES (5, 000071);
INSERT INTO HorariosTrabalho VALUES (8, 000071);
INSERT INTO HorariosTrabalho VALUES (7, 000071);
INSERT INTO HorariosTrabalho VALUES (14, 000071);
INSERT INTO HorariosTrabalho VALUES (4, 000072);
INSERT INTO HorariosTrabalho VALUES (2, 000072);
INSERT INTO HorariosTrabalho VALUES (7, 000072);
INSERT INTO HorariosTrabalho VALUES (12, 000072);
INSERT INTO HorariosTrabalho VALUES (5, 000072);
INSERT INTO HorariosTrabalho VALUES (11, 000072);
INSERT INTO HorariosTrabalho VALUES (1, 000072);
INSERT INTO HorariosTrabalho VALUES (7, 000076);
INSERT INTO HorariosTrabalho VALUES (9, 000076);
INSERT INTO HorariosTrabalho VALUES (11, 000076);
INSERT INTO HorariosTrabalho VALUES (14, 000076);
INSERT INTO HorariosTrabalho VALUES (13, 000076);
INSERT INTO HorariosTrabalho VALUES (8, 000076);
INSERT INTO HorariosTrabalho VALUES (4, 000076);
INSERT INTO HorariosTrabalho VALUES (6, 000081);
INSERT INTO HorariosTrabalho VALUES (2, 000081);
INSERT INTO HorariosTrabalho VALUES (3, 000081);
INSERT INTO HorariosTrabalho VALUES (12, 000081);
INSERT INTO HorariosTrabalho VALUES (1, 000081);
INSERT INTO HorariosTrabalho VALUES (14, 000081);
INSERT INTO HorariosTrabalho VALUES (8, 000081);
INSERT INTO HorariosTrabalho VALUES (5, 000084);
INSERT INTO HorariosTrabalho VALUES (14, 000084);
INSERT INTO HorariosTrabalho VALUES (6, 000084);
INSERT INTO HorariosTrabalho VALUES (9, 000084);
INSERT INTO HorariosTrabalho VALUES (4, 000084);
INSERT INTO HorariosTrabalho VALUES (13, 000084);
INSERT INTO HorariosTrabalho VALUES (10, 000084);
INSERT INTO HorariosTrabalho VALUES (1, 000093);
INSERT INTO HorariosTrabalho VALUES (11, 000093);
INSERT INTO HorariosTrabalho VALUES (12, 000093);
INSERT INTO HorariosTrabalho VALUES (9, 000093);
INSERT INTO HorariosTrabalho VALUES (3, 000093);
INSERT INTO HorariosTrabalho VALUES (2, 000093);
INSERT INTO HorariosTrabalho VALUES (13, 000093);
INSERT INTO HorariosTrabalho VALUES (1, 000106);
INSERT INTO HorariosTrabalho VALUES (8, 000106);
INSERT INTO HorariosTrabalho VALUES (2, 000106);
INSERT INTO HorariosTrabalho VALUES (12, 000106);
INSERT INTO HorariosTrabalho VALUES (7, 000106);
INSERT INTO HorariosTrabalho VALUES (3, 000106);
INSERT INTO HorariosTrabalho VALUES (10, 000106);
INSERT INTO HorariosTrabalho VALUES (13, 000107);
INSERT INTO HorariosTrabalho VALUES (6, 000107);
INSERT INTO HorariosTrabalho VALUES (11, 000107);
INSERT INTO HorariosTrabalho VALUES (3, 000107);
INSERT INTO HorariosTrabalho VALUES (1, 000107);
INSERT INTO HorariosTrabalho VALUES (5, 000107);
INSERT INTO HorariosTrabalho VALUES (9, 000107);
INSERT INTO HorariosTrabalho VALUES (2, 000110);
INSERT INTO HorariosTrabalho VALUES (5, 000110);
INSERT INTO HorariosTrabalho VALUES (3, 000110);
INSERT INTO HorariosTrabalho VALUES (12, 000110);
INSERT INTO HorariosTrabalho VALUES (9, 000110);
INSERT INTO HorariosTrabalho VALUES (14, 000110);
INSERT INTO HorariosTrabalho VALUES (7, 000110);
INSERT INTO HorariosTrabalho VALUES (13, 000113);
INSERT INTO HorariosTrabalho VALUES (2, 000113);
INSERT INTO HorariosTrabalho VALUES (8, 000113);
INSERT INTO HorariosTrabalho VALUES (5, 000113);
INSERT INTO HorariosTrabalho VALUES (1, 000113);
INSERT INTO HorariosTrabalho VALUES (10, 000113);
INSERT INTO HorariosTrabalho VALUES (9, 000113);
INSERT INTO HorariosTrabalho VALUES (11, 000116);
INSERT INTO HorariosTrabalho VALUES (2, 000116);
INSERT INTO HorariosTrabalho VALUES (10, 000116);
INSERT INTO HorariosTrabalho VALUES (6, 000116);
INSERT INTO HorariosTrabalho VALUES (7, 000116);
INSERT INTO HorariosTrabalho VALUES (14, 000116);
INSERT INTO HorariosTrabalho VALUES (9, 000116);
INSERT INTO HorariosTrabalho VALUES (13, 000117);
INSERT INTO HorariosTrabalho VALUES (11, 000117);
INSERT INTO HorariosTrabalho VALUES (2, 000117);
INSERT INTO HorariosTrabalho VALUES (3, 000117);
INSERT INTO HorariosTrabalho VALUES (6, 000117);
INSERT INTO HorariosTrabalho VALUES (10, 000117);
INSERT INTO HorariosTrabalho VALUES (14, 000117);
INSERT INTO HorariosTrabalho VALUES (14, 000118);
INSERT INTO HorariosTrabalho VALUES (11, 000118);
INSERT INTO HorariosTrabalho VALUES (3, 000118);
INSERT INTO HorariosTrabalho VALUES (7, 000118);
INSERT INTO HorariosTrabalho VALUES (8, 000118);
INSERT INTO HorariosTrabalho VALUES (9, 000118);
INSERT INTO HorariosTrabalho VALUES (2, 000118);
INSERT INTO HorariosTrabalho VALUES (6, 000120);
INSERT INTO HorariosTrabalho VALUES (1, 000120);
INSERT INTO HorariosTrabalho VALUES (14, 000120);
INSERT INTO HorariosTrabalho VALUES (13, 000120);
INSERT INTO HorariosTrabalho VALUES (3, 000120);
INSERT INTO HorariosTrabalho VALUES (9, 000120);
INSERT INTO HorariosTrabalho VALUES (2, 000120);
INSERT INTO HorariosTrabalho VALUES (6, 000124);
INSERT INTO HorariosTrabalho VALUES (12, 000124);
INSERT INTO HorariosTrabalho VALUES (10, 000124);
INSERT INTO HorariosTrabalho VALUES (13, 000124);
INSERT INTO HorariosTrabalho VALUES (4, 000124);
INSERT INTO HorariosTrabalho VALUES (14, 000124);
INSERT INTO HorariosTrabalho VALUES (1, 000124);
INSERT INTO HorariosTrabalho VALUES (4, 000132);
INSERT INTO HorariosTrabalho VALUES (10, 000132);
INSERT INTO HorariosTrabalho VALUES (13, 000132);
INSERT INTO HorariosTrabalho VALUES (2, 000132);
INSERT INTO HorariosTrabalho VALUES (3, 000132);
INSERT INTO HorariosTrabalho VALUES (9, 000132);
INSERT INTO HorariosTrabalho VALUES (11, 000132);
INSERT INTO HorariosTrabalho VALUES (6, 000134);
INSERT INTO HorariosTrabalho VALUES (5, 000134);
INSERT INTO HorariosTrabalho VALUES (9, 000134);
INSERT INTO HorariosTrabalho VALUES (10, 000134);
INSERT INTO HorariosTrabalho VALUES (1, 000134);
INSERT INTO HorariosTrabalho VALUES (7, 000134);
INSERT INTO HorariosTrabalho VALUES (14, 000134);
INSERT INTO HorariosTrabalho VALUES (14, 000135);
INSERT INTO HorariosTrabalho VALUES (7, 000135);
INSERT INTO HorariosTrabalho VALUES (4, 000135);
INSERT INTO HorariosTrabalho VALUES (8, 000135);
INSERT INTO HorariosTrabalho VALUES (1, 000135);
INSERT INTO HorariosTrabalho VALUES (3, 000135);
INSERT INTO HorariosTrabalho VALUES (10, 000135);
INSERT INTO HorariosTrabalho VALUES (9, 000140);
INSERT INTO HorariosTrabalho VALUES (13, 000140);
INSERT INTO HorariosTrabalho VALUES (1, 000140);
INSERT INTO HorariosTrabalho VALUES (4, 000140);
INSERT INTO HorariosTrabalho VALUES (6, 000140);
INSERT INTO HorariosTrabalho VALUES (7, 000140);
INSERT INTO HorariosTrabalho VALUES (14, 000140);
INSERT INTO HorariosTrabalho VALUES (9, 000142);
INSERT INTO HorariosTrabalho VALUES (8, 000142);
INSERT INTO HorariosTrabalho VALUES (10, 000142);
INSERT INTO HorariosTrabalho VALUES (4, 000142);
INSERT INTO HorariosTrabalho VALUES (13, 000142);
INSERT INTO HorariosTrabalho VALUES (11, 000142);
INSERT INTO HorariosTrabalho VALUES (1, 000142);
INSERT INTO HorariosTrabalho VALUES (4, 000144);
INSERT INTO HorariosTrabalho VALUES (7, 000144);
INSERT INTO HorariosTrabalho VALUES (1, 000144);
INSERT INTO HorariosTrabalho VALUES (14, 000144);
INSERT INTO HorariosTrabalho VALUES (10, 000144);
INSERT INTO HorariosTrabalho VALUES (6, 000144);
INSERT INTO HorariosTrabalho VALUES (11, 000144);
INSERT INTO HorariosTrabalho VALUES (7, 000148);
INSERT INTO HorariosTrabalho VALUES (13, 000148);
INSERT INTO HorariosTrabalho VALUES (2, 000148);
INSERT INTO HorariosTrabalho VALUES (4, 000148);
INSERT INTO HorariosTrabalho VALUES (5, 000148);
INSERT INTO HorariosTrabalho VALUES (1, 000148);
INSERT INTO HorariosTrabalho VALUES (12, 000148);

INSERT INTO FuncionarioDeServiço VALUES (02, 000001, 1);
INSERT INTO FuncionarioDeServiço VALUES (12, 000001, 1);
INSERT INTO FuncionarioDeServiço VALUES (08, 000001, 1);
INSERT INTO FuncionarioDeServiço VALUES (02, 000002, 2);
INSERT INTO FuncionarioDeServiço VALUES (12, 000005, 2);
INSERT INTO FuncionarioDeServiço VALUES (13, 000005, 1);
INSERT INTO FuncionarioDeServiço VALUES (10, 000005, 1);
INSERT INTO FuncionarioDeServiço VALUES (14, 000006, 1);
INSERT INTO FuncionarioDeServiço VALUES (12, 000006, 3);
INSERT INTO FuncionarioDeServiço VALUES (13, 000008, 2);
INSERT INTO FuncionarioDeServiço VALUES (10, 000008, 2);
INSERT INTO FuncionarioDeServiço VALUES (02, 000008, 3);
INSERT INTO FuncionarioDeServiço VALUES (01, 000013, 1);
INSERT INTO FuncionarioDeServiço VALUES (05, 000018, 1);
INSERT INTO FuncionarioDeServiço VALUES (07, 000018, 1);
INSERT INTO FuncionarioDeServiço VALUES (11, 000019, 1);
INSERT INTO FuncionarioDeServiço VALUES (08, 000019, 2);
INSERT INTO FuncionarioDeServiço VALUES (07, 000019, 2);
INSERT INTO FuncionarioDeServiço VALUES (06, 000031, 1);
INSERT INTO FuncionarioDeServiço VALUES (02, 000031, 4);
INSERT INTO FuncionarioDeServiço VALUES (10, 000031, 3);
INSERT INTO FuncionarioDeServiço VALUES (02, 000032, 5);
INSERT INTO FuncionarioDeServiço VALUES (07, 000032, 3);
INSERT INTO FuncionarioDeServiço VALUES (13, 000036, 3);
INSERT INTO FuncionarioDeServiço VALUES (07, 000037, 4);
INSERT INTO FuncionarioDeServiço VALUES (02, 000037, 6);
INSERT INTO FuncionarioDeServiço VALUES (03, 000039, 1);
INSERT INTO FuncionarioDeServiço VALUES (08, 000043, 3);
INSERT INTO FuncionarioDeServiço VALUES (03, 000043, 2);
INSERT INTO FuncionarioDeServiço VALUES (02, 000043, 7);
INSERT INTO FuncionarioDeServiço VALUES (03, 000044, 3);
INSERT INTO FuncionarioDeServiço VALUES (02, 000044, 8);
INSERT INTO FuncionarioDeServiço VALUES (10, 000044, 4);
INSERT INTO FuncionarioDeServiço VALUES (01, 000050, 2);
INSERT INTO FuncionarioDeServiço VALUES (15, 000050, 1);
INSERT INTO FuncionarioDeServiço VALUES (12, 000051, 4);
INSERT INTO FuncionarioDeServiço VALUES (14, 000051, 2);
INSERT INTO FuncionarioDeServiço VALUES (01, 000053, 3);
INSERT INTO FuncionarioDeServiço VALUES (08, 000056, 4);
INSERT INTO FuncionarioDeServiço VALUES (06, 000057, 2);
INSERT INTO FuncionarioDeServiço VALUES (05, 000061, 2);
INSERT INTO FuncionarioDeServiço VALUES (12, 000061, 5);
INSERT INTO FuncionarioDeServiço VALUES (13, 000068, 4);
INSERT INTO FuncionarioDeServiço VALUES (14, 000071, 3);
INSERT INTO FuncionarioDeServiço VALUES (05, 000071, 3);
INSERT INTO FuncionarioDeServiço VALUES (11, 000072, 2);
INSERT INTO FuncionarioDeServiço VALUES (10, 000072, 5);
INSERT INTO FuncionarioDeServiço VALUES (08, 000076, 5);
INSERT INTO FuncionarioDeServiço VALUES (04, 000076, 1);
INSERT INTO FuncionarioDeServiço VALUES (06, 000081, 3);
INSERT INTO FuncionarioDeServiço VALUES (14, 000081, 4);
INSERT INTO FuncionarioDeServiço VALUES (13, 000084, 5);
INSERT INTO FuncionarioDeServiço VALUES (06, 000084, 4);
INSERT INTO FuncionarioDeServiço VALUES (15, 000084, 2);
INSERT INTO FuncionarioDeServiço VALUES (01, 000093, 4);
INSERT INTO FuncionarioDeServiço VALUES (06, 000093, 5);
INSERT INTO FuncionarioDeServiço VALUES (03, 000106, 4);
INSERT INTO FuncionarioDeServiço VALUES (15, 000106, 3);
INSERT INTO FuncionarioDeServiço VALUES (13, 000106, 6);
INSERT INTO FuncionarioDeServiço VALUES (02, 000107, 9);
INSERT INTO FuncionarioDeServiço VALUES (04, 000110, 2);
INSERT INTO FuncionarioDeServiço VALUES (11, 000113, 3);
INSERT INTO FuncionarioDeServiço VALUES (12, 000116, 6);
INSERT INTO FuncionarioDeServiço VALUES (11, 000117, 4);
INSERT INTO FuncionarioDeServiço VALUES (13, 000118, 7);
INSERT INTO FuncionarioDeServiço VALUES (10, 000120, 6);
INSERT INTO FuncionarioDeServiço VALUES (14, 000120, 5);
INSERT INTO FuncionarioDeServiço VALUES (12, 000120, 7);
INSERT INTO FuncionarioDeServiço VALUES (01, 000124, 5);
INSERT INTO FuncionarioDeServiço VALUES (11, 000124, 5);
INSERT INTO FuncionarioDeServiço VALUES (14, 000124, 6);
INSERT INTO FuncionarioDeServiço VALUES (10, 000132, 7);
INSERT INTO FuncionarioDeServiço VALUES (04, 000132, 3);
INSERT INTO FuncionarioDeServiço VALUES (03, 000132, 5);
INSERT INTO FuncionarioDeServiço VALUES (07, 000134, 5);
INSERT INTO FuncionarioDeServiço VALUES (13, 000134, 8);
INSERT INTO FuncionarioDeServiço VALUES (07, 000135, 6);
INSERT INTO FuncionarioDeServiço VALUES (15, 000135, 4);
INSERT INTO FuncionarioDeServiço VALUES (04, 000140, 4);
INSERT INTO FuncionarioDeServiço VALUES (07, 000140, 7);
INSERT INTO FuncionarioDeServiço VALUES (15, 000140, 5);
INSERT INTO FuncionarioDeServiço VALUES (13, 000142, 9);
INSERT INTO FuncionarioDeServiço VALUES (11, 000144, 6);
INSERT INTO FuncionarioDeServiço VALUES (14, 000144, 7);
INSERT INTO FuncionarioDeServiço VALUES (02, 000148, 10);

INSERT INTO Hierarquias VALUES (000113, 000032);
INSERT INTO Hierarquias VALUES (000037, 000032);
INSERT INTO Hierarquias VALUES (000148, 000032);
INSERT INTO Hierarquias VALUES (000132, 000032);
INSERT INTO Hierarquias VALUES (000053, 000032);
INSERT INTO Hierarquias VALUES (000051, 000107);
INSERT INTO Hierarquias VALUES (000018, 000107);
INSERT INTO Hierarquias VALUES (000005, 000107);
INSERT INTO Hierarquias VALUES (000140, 000107);
INSERT INTO Hierarquias VALUES (000008, 000107);
INSERT INTO Hierarquias VALUES (000043, 000142);
INSERT INTO Hierarquias VALUES (000120, 000142);
INSERT INTO Hierarquias VALUES (000056, 000142);
INSERT INTO Hierarquias VALUES (000044, 000142);
INSERT INTO Hierarquias VALUES (000050, 000142);
INSERT INTO Hierarquias VALUES (000081, 000001);
INSERT INTO Hierarquias VALUES (000117, 000001);
INSERT INTO Hierarquias VALUES (000031, 000001);
INSERT INTO Hierarquias VALUES (000144, 000001);
INSERT INTO Hierarquias VALUES (000013, 000001);
INSERT INTO Hierarquias VALUES (000068, 000072);
INSERT INTO Hierarquias VALUES (000061, 000072);
INSERT INTO Hierarquias VALUES (000135, 000072);
INSERT INTO Hierarquias VALUES (000084, 000072);
INSERT INTO Hierarquias VALUES (000110, 000072);
INSERT INTO Hierarquias VALUES (000071, 000113);
INSERT INTO Hierarquias VALUES (000057, 000113);
INSERT INTO Hierarquias VALUES (000134, 000113);
INSERT INTO Hierarquias VALUES (000036, 000113);
INSERT INTO Hierarquias VALUES (000106, 000113);
INSERT INTO Hierarquias VALUES (000116, 000037);
INSERT INTO Hierarquias VALUES (000124, 000037);
INSERT INTO Hierarquias VALUES (000019, 000037);
INSERT INTO Hierarquias VALUES (000039, 000037);
INSERT INTO Hierarquias VALUES (000006, 000037);
INSERT INTO Hierarquias VALUES (000118, 000148);
INSERT INTO Hierarquias VALUES (000076, 000148);
INSERT INTO Hierarquias VALUES (000002, 000148);
INSERT INTO Hierarquias VALUES (000093, 000148);
